phase,flux,flux_err,symmetric,tail,multistart_symmetric
-0.4999648266757628,0.9951817345349168,0.00031298597463211335,1.0,1.0,1.0
-0.4998512227998759,0.9935165625270265,0.00031857830960811803,1.0,1.0,1.0
-0.4997828905116535,0.994701124591821,0.0003178754409463356,1.0,1.0,1.0
-0.49924374073953004,0.995747067593037,0.0003034984780404018,1.0,1.0,1.0
-0.4992041220894521,0.9936845948169468,0.0003200800967926599,1.0,1.0,1.0
-0.4990670781669735,0.9944611711373663,0.0003187707151386792,1.0,1.0,1.0
-0.4987993575404488,0.9943969064180282,0.0003189195831834988,1.0,1.0,1.0
-0.49860339559020517,0.9942008828842891,0.0003137350566048779,1.0,1.0,1.0
-0.4983931021831154,0.9939665729744211,0.00031950757575210866,1.0,1.0,1.0
-0.4980583119321409,0.9948645237231049,0.00031770801300625004,1.0,1.0,1.0
-0.4979354621653691,0.9945975108675951,0.00031335000750321094,1.0,1.0,1.0
-0.497925639536291,0.9940148531670675,0.00031875763146678443,1.0,1.0,1.0
-0.49782441555342416,0.9935994998154019,0.0003203263554310441,1.0,1.0,1.0
-0.49782026689193515,0.9945508351762972,0.00031797007250561305,1.0,1.0,1.0
-0.4972996184966414,0.9942663414641458,0.0003121725387338295,1.0,1.0,1.0
-0.49716246142980935,0.9934202646834769,0.00031870235551429956,1.0,1.0,1.0
-0.4971149755292572,0.995362018630184,0.00030465796235422664,1.0,1.0,1.0
-0.49691039090131994,0.995550650814154,0.00031665574398031355,1.0,1.0,1.0
-0.4968568954785155,0.9943544764557415,0.00031892448133171016,1.0,1.0,1.0
-0.4967412732904677,0.995872546629143,0.0003047267080061666,1.0,1.0,1.0
-0.49658453555507265,0.9940722990787273,0.00031421580848700284,1.0,1.0,1.0
-0.49650871637274463,0.9941292216435338,0.0003193207081898461,1.0,1.0,1.0
-0.4960041152710062,0.9949402484695661,0.0003189062398492033,1.0,1.0,1.0
-0.49595907881553103,0.9945161250434204,0.00032019053509056044,1.0,1.0,1.0
-0.49590781986938026,0.9943057004621438,0.00031349421025045695,1.0,1.0,1.0
-0.49586148671136243,0.9949088412354357,0.0003180365975411994,1.0,1.0,1.0
-0.49526539519248214,0.9939304889422862,0.00031286225903954927,1.0,1.0,1.0
-0.49526170732198693,0.9941524888063118,0.00031863164478173115,1.0,1.0,1.0
-0.49493605028608556,0.9940614559920133,0.0003175468285749182,1.0,1.0,1.0
-0.49491858389845333,0.9939438062330586,0.00031874568928569016,1.0,1.0,1.0
-0.4946278626125036,0.994076444605763,0.0003193607431901451,1.0,1.0,1.0
-0.49456813363652685,0.9938146432086321,0.0003138673944955997,1.0,1.0,1.0
-0.49409680605097606,0.9936893384082632,0.000320111218978508,1.0,1.0,1.0
-0.4940865104391463,0.9947138669950863,0.0003189464404566768,1.0,1.0,1.0
-0.494076632412515,0.9948459640926548,0.0003176188751326854,1.0,1.0,1.0
-0.4939063127903154,0.9947754006951406,0.00031801316716049207,1.0,1.0,1.0
-0.49388201724817904,0.9943072355487266,0.0003135088841966982,1.0,1.0,1.0
-0.49344449831960446,0.9958775031302707,0.00030491299457169807,1.0,1.0,1.0
-0.4932326249764749,0.9948707351016464,0.0003127688006837964,1.0,1.0,1.0
-0.4929837475644092,0.9946399360554801,0.0003187519837105276,1.0,1.0,1.0
-0.49275076676758545,0.9947487119071401,0.00031932267576346464,1.0,1.0,1.0
-0.4925540162255544,0.9946124334411219,0.00031421811489271406,1.0,1.0,1.0
-0.492238074200543,0.9931135150445448,0.0003199592345974906,1.0,1.0,1.0
-0.4920907943945707,0.9940307273891644,0.00031737450801676325,1.0,1.0,1.0
-0.4918583082614276,0.9944108868076226,0.0003138308050798716,1.0,1.0,1.0
-0.49160503690927726,0.9956708455693148,0.00030470291068877316,1.0,1.0,1.0
-0.4914715409707924,0.993394066534901,0.0003188017732062136,1.0,1.0,1.0
-0.4912794813766155,0.9947774342242249,0.0003164169124978197,1.0,1.0,1.0
-0.4910539255623263,0.9935710704347198,0.00031866140575906006,1.0,1.0,1.0
-0.4909976305528545,0.9945907680800065,0.0003178024555554242,1.0,1.0,1.0
-0.49091313417088145,0.9957737862972941,0.0003049956707489757,1.0,1.0,1.0
-0.4908772337799405,0.9932069269763746,0.0003191434163628289,1.0,1.0,1.0
-0.49054242260935155,0.9942180008476145,0.0003142841146292542,1.0,1.0,1.0
-0.49011750868305626,0.9956575092898332,0.00030465989969351103,1.0,1.0,1.0
-0.4900074810772139,0.993208459463522,0.00031890065941316714,1.0,1.0,1.0
-0.4899654599489054,0.9946736835526556,0.00030521176602676204,1.0,1.0,1.0
-0.4898365280229129,0.9946079747457119,0.0003134361364306342,1.0,1.0,1.0
-0.48976262043458973,0.9957377308440016,0.00030482011714505,1.0,1.0,1.0
-0.4896301290149552,0.9941745577571764,0.00030513446928715637,1.0,1.0,1.0
-0.4895820628980232,0.9944514646920644,0.00031940123424882875,1.0,1.0,1.0
-0.4891713871863246,0.9941091769181387,0.0003129705387653104,1.0,1.0,1.0
-0.489127048298414,0.994005748273706,0.00031873919453612084,1.0,1.0,1.0
-0.4890337932834541,0.994309015358917,0.000317749744203397,1.0,1.0,1.0
-0.48900720298320266,0.9952895369611927,0.0003205572116506474,1.0,1.0,1.0
-0.48853773814498336,0.994543212936984,0.00031217203800051375,1.0,1.0,1.0
-0.4885296544749167,0.9944798612541051,0.0003204783358530427,1.0,1.0,1.0
-0.4883569981143694,0.9949971041720259,0.0003188692659022024,1.0,1.0,1.0
-0.4882862666756864,0.995726903759998,0.00030477233028685356,1.0,1.0,1.0
-0.48812946907057153,0.9943979113371036,0.0003144657925184552,1.0,1.0,1.0
-0.48812757182997757,0.9942180055703682,0.0003049232775567055,1.0,1.0,1.0
-0.4879172534234044,0.9958776112255783,0.00030463817218324025,1.0,1.0,1.0
-0.48781692547038347,0.9939957679199759,0.00031397006892988557,1.0,1.0,1.0
-0.4878038055803131,0.9947911658572959,0.00030524365477080286,1.0,1.0,1.0
-0.48769659332202764,0.994544827443764,0.00031939306333321547,1.0,1.0,1.0
-0.48752949224780195,0.9951449768221756,0.00030511100662227776,1.0,1.0,1.0
-0.48728944247568506,0.9934430163420082,0.0003177868621790347,1.0,1.0,1.0
-0.48728222361299345,0.9947475236967946,0.0003048452574339762,1.0,1.0,1.0
-0.4872042293874159,0.9942335603500161,0.0003186786252233425,1.0,1.0,1.0
-0.4871431630742258,0.9941232135740354,0.00031347915270496117,1.0,1.0,1.0
-0.4871406082252747,0.9939833022937878,0.0003202216061413567,1.0,1.0,1.0
-0.4870737849319937,0.9954003023946616,0.00031799308646105015,1.0,1.0,1.0
-0.48676683207389715,0.9957009112378996,0.00030418115513308866,1.0,1.0,1.0
-0.4866699374416896,0.9938158487996486,0.0003049352617846464,1.0,1.0,1.0
-0.48650296998318776,0.9945325161715999,0.00031272773680395796,1.0,1.0,1.0
-0.4864548327071532,0.9945745862234264,0.0003187738674728713,1.0,1.0,1.0
-0.4864535165609709,0.9961139103130751,0.00030473351840061373,1.0,1.0,1.0
-0.48629226090150723,0.99365780172778,0.00030485783384084236,1.0,1.0,1.0
-0.48615355548660943,0.9940432639375382,0.000317472146335479,1.0,1.0,1.0
-0.48612415234927653,0.9948529043348284,0.0003187504633350144,1.0,1.0,1.0
-0.48597923582266844,0.9947725120449553,0.00030527991355696856,1.0,1.0,1.0
-0.48581453300127464,0.994338367154363,0.0003194415818614418,1.0,1.0,1.0
-0.4857997458608665,0.9949984924735404,0.00031424908278566375,1.0,1.0,1.0
-0.4857118190924439,0.9954595616560805,0.00030509991419142615,1.0,1.0,1.0
-0.4854671537055708,0.9957458574639312,0.00030485560712911026,1.0,1.0,1.0
-0.48529913692966886,0.9954600923268657,0.0003177011154989467,1.0,1.0,1.0
-0.4852853308779146,0.9943857625095937,0.0003188419129475538,1.0,1.0,1.0
-0.4851175091745006,0.9947243822647815,0.0003180035059394104,1.0,1.0,1.0
-0.48511674023640694,0.9945131650190457,0.00031363647444968213,1.0,1.0,1.0
-0.48494241312499753,0.9959461743557781,0.00030411100441488044,1.0,1.0,1.0
-0.4848233946871403,0.9944502759983623,0.0003051087530985993,1.0,1.0,1.0
-0.4846174476257943,0.9958438532297992,0.000304788583209586,1.0,1.0,1.0
-0.4845567903528831,0.9951185184177547,0.00031858742423654694,1.0,1.0,1.0
-0.48445913089605597,0.9939660816267307,0.00030522466466326636,1.0,1.0,1.0
-0.48418816803365416,0.9948446439164471,0.0003189832321295367,1.0,1.0,1.0
-0.48418144226221216,0.9957975989286328,0.00031786102810877693,1.0,1.0,1.0
-0.4841564174832058,0.9949425700621243,0.0003051737975137986,1.0,1.0,1.0
-0.4839362477086695,0.994593138797653,0.0003193972410860666,1.0,1.0,1.0
-0.48389509546225895,0.9954524055613084,0.00030494384912408947,1.0,1.0,1.0
-0.4837849557956062,0.994510754748131,0.00031397776690506686,1.0,1.0,1.0
-0.4836517502138804,0.9955968029965357,0.00030480681976593414,1.0,1.0,1.0
-0.4834174399513813,0.9948079858926293,0.0003202624268672395,1.0,1.0,1.0
-0.48337021030079086,0.9952350516297299,0.000318914053000526,1.0,1.0,1.0
-0.48316500312071753,0.9941180651695912,0.0003178192996155842,1.0,1.0,1.0
-0.48311603100052025,0.9958568196274077,0.00030452909849409764,1.0,1.0,1.0
-0.4830923731165697,0.9951063062389555,0.00031354981346788256,1.0,1.0,1.0
-0.4829800744996362,0.9946261500795998,0.000305221745585547,1.0,1.0,1.0
-0.4827786087817003,0.9957515439074472,0.00030486781753727725,1.0,1.0,1.0
-0.4826622879446347,0.9953283425325969,0.00031893207128525435,1.0,1.0,1.0
-0.4826283346089042,0.9960078645448743,0.00030544961705687127,1.0,1.0,1.0
-0.4822562236774104,0.9943742064874916,0.00031878373501929386,1.0,1.0,1.0
-0.48221290641629366,0.9950791083055235,0.00031780111450389187,1.0,1.0,1.0
-0.4820614063608275,0.9946082500907427,0.0003193072173162363,1.0,1.0,1.0
-0.4818361232570396,0.9959218341243096,0.0003046703653979669,1.0,1.0,1.0
-0.4817723794067206,0.9949909052249623,0.00031407361690897936,1.0,1.0,1.0
-0.481459136136948,0.9950505809883271,0.0003189865682406446,1.0,1.0,1.0
-0.4813283237758128,0.9937385763405192,0.0003174258610780437,1.0,1.0,1.0
-0.4812875280647404,0.9953191528520764,0.00030456458586232063,1.0,1.0,1.0
-0.4812161620566542,0.9958087307554717,0.00031926010013303064,1.0,1.0,1.0
-0.48113876324970306,0.9951565330756733,0.00030539244547086276,1.0,1.0,1.0
-0.4810698979478403,0.9947524405893344,0.00031365718728155827,1.0,1.0,1.0
-0.4809372759920052,0.9962432118405103,0.00030474988446444536,1.0,1.0,1.0
-0.4807994668985316,0.9951403144938253,0.0003053611817634371,1.0,1.0,1.0
-0.48077156879324434,0.9948197055506988,0.0003194767934075623,1.0,1.0,1.0
-0.480514902727748,0.9949040029347966,0.00030502925836902454,1.0,1.0,1.0
-0.48050771977092666,0.9955608148942972,0.00031741855355629653,1.0,1.0,1.0
-0.4803288846292304,0.9950922928125054,0.00031872912954185876,1.0,1.0,1.0
-0.48026302788738917,0.9959816175248996,0.0003049029407045392,1.0,1.0,1.0
-0.4802478606602989,0.9950184728059636,0.0003178579466407553,1.0,1.0,1.0
-0.4801903647271786,0.9950034656079345,0.00031944180948736506,1.0,1.0,1.0
-0.47977584408894236,0.995275164290754,0.00031228570677625984,1.0,1.0,1.0
-0.479762531228765,0.9946524779474523,0.0003139943157037479,1.0,1.0,1.0
-0.4797572769331282,0.996201318425039,0.0003036026165951568,1.0,1.0,1.0
-0.47970710519197723,0.9954329938559565,0.00032055411069642937,1.0,1.0,1.0
-0.47955181828501736,0.9946428333862416,0.00031875830328629315,1.0,1.0,1.0
-0.4794570255091912,0.9964690179809753,0.0003048196707277782,1.0,1.0,1.0
-0.4793003210663187,0.9956290374606318,0.00030512158036081176,1.0,1.0,1.0
-0.47927129318638606,0.9965374315059392,0.00031912269795753256,1.0,1.0,1.0
-0.47909289770308305,0.9966421892637106,0.0003047814822000528,1.0,1.0,1.0
-0.478884733417658,0.9956462042416133,0.00031950631624851164,1.0,1.0,1.0
-0.4786959086372349,0.9955010095953007,0.00030518957960978615,1.0,1.0,1.0
-0.47851335490392444,0.9954764581526315,0.0003179475180068763,1.0,1.0,1.0
-0.47844777581954645,0.9952676651935807,0.0003048966802794321,1.0,1.0,1.0
-0.47837870262789295,0.9955738354476776,0.0003134460129194303,1.0,1.0,1.0
-0.47832264312407347,0.9961532919515762,0.0003203906937996735,1.0,1.0,1.0
-0.4782866289783385,0.9951378777020298,0.0003179736246551848,1.0,1.0,1.0
-0.47820380526204076,0.99642274819972,0.00030454835724290125,1.0,1.0,1.0
-0.47793489756753615,0.9967287737596784,0.0003043026184671703,1.0,1.0,1.0
-0.4777563386824113,0.9957685204385269,0.0003136295247398837,1.0,1.0,1.0
-0.4777408221187427,0.9953833350550657,0.00031270339518408034,1.0,1.0,1.0
-0.47764851620058835,0.9951410682055927,0.00031884820805771206,1.0,1.0,1.0
-0.4776250644099491,0.9963256529646068,0.00030481666956146467,1.0,1.0,1.0
-0.47746407966164384,0.9955566311023971,0.0003049996977512023,1.0,1.0,1.0
-0.4773715836016237,0.9957116524637193,0.0003172086904399798,1.0,1.0,1.0
-0.4773302830831767,0.9952096099990839,0.00031881105374515054,1.0,1.0,1.0
-0.47714753916145014,0.9958357555682167,0.00030534451065718546,1.0,1.0,1.0
-0.4770314802145563,0.9955121590255904,0.00031424831194222915,1.0,1.0,1.0
-0.4770015996574557,0.9959308528886249,0.0003195063823738892,1.0,1.0,1.0
-0.4768779332795532,0.9962071429231041,0.0003051771411518411,1.0,1.0,1.0
-0.47663241097038167,0.9957596787043018,0.00030487979431506645,1.0,1.0,1.0
-0.4765219947960375,0.99553543502157,0.00031800869355613916,1.0,1.0,1.0
-0.47648443965326237,0.996106771003803,0.0003190001177142405,1.0,1.0,1.0
-0.47645817217241415,0.9953382099643273,0.0003203643238361015,1.0,1.0,1.0
-0.47638650111662173,0.9958023478786809,0.00030451378846233515,1.0,1.0,1.0
-0.4763516721584935,0.9952265463728515,0.0003136974582239011,1.0,1.0,1.0
-0.47632911633724007,0.9960692602403024,0.0003180040884065851,1.0,1.0,1.0
-0.4761109073974126,0.9972809305390831,0.00030437704081365794,1.0,1.0,1.0
-0.47599877613311037,0.9957768363815467,0.00030531548374321303,1.0,1.0,1.0
-0.47578997147093105,0.9970414951453467,0.00030494470916453745,1.0,1.0,1.0
-0.4757490683453227,0.9960173597579832,0.00031875194676665963,1.0,1.0,1.0
-0.47570703106232504,0.9958886103968364,0.00031303159675933115,1.0,1.0,1.0
-0.475630335883352,0.9961902404324471,0.0003052753272921794,1.0,1.0,1.0
-0.4753983009365186,0.9970665222545491,0.00031797327564149415,1.0,1.0,1.0
-0.47539301380263055,0.9959446470090627,0.0003189207428715425,1.0,1.0,1.0
-0.47532406543177785,0.9956996528786088,0.00030526115981097216,1.0,1.0,1.0
-0.4751221194313757,0.9964116941218711,0.00031961852193402684,1.0,1.0,1.0
-0.4750608206425113,0.9964508776297135,0.0003050165251840083,1.0,1.0,1.0
-0.4750158895470946,0.9963758083159914,0.0003143795195046283,1.0,1.0,1.0
-0.4748171830238732,0.9966533101213968,0.0003048942923975866,1.0,1.0,1.0
-0.4745684405880297,0.9963878863642169,0.00030461311180913445,1.0,1.0,1.0
-0.4745681652860867,0.9958216816266839,0.0003190102121719944,1.0,1.0,1.0
-0.47453399151581266,0.9966212201200711,0.00031783328621422225,1.0,1.0,1.0
-0.4743753614602042,0.9960792326011811,0.0003181820793854005,1.0,1.0,1.0
-0.47432652073247183,0.9961681924387954,0.00031355354353716205,1.0,1.0,1.0
-0.47428514534834676,0.9974609766636369,0.00030471744878206016,1.0,1.0,1.0
-0.4741539864101867,0.9960442514286034,0.00030527111555801755,1.0,1.0,1.0
-0.47385330873387943,0.9963706732363987,0.0003184084831332374,1.0,1.0,1.0
-0.47379869011604114,0.9979830680976943,0.0003056190506064086,1.0,1.0,1.0
-0.47367459725413497,0.9967207067405194,0.00031317998794825594,1.0,1.0,1.0
-0.4735022474417008,0.996294424328217,0.0003051992256263911,1.0,1.0,1.0
-0.4734597799637754,0.9971258862609005,0.000319101113551165,1.0,1.0,1.0
-0.47342857790177106,0.997831071455478,0.0003180167542566756,1.0,1.0,1.0
-0.4732461018763843,0.9970493873128399,0.0003195114236327196,1.0,1.0,1.0
-0.47324441292911956,0.997617397740909,0.00030517080456397535,1.0,1.0,1.0
-0.47300275683487314,0.9968647211029052,0.0003143459172685827,1.0,1.0,1.0
-0.4730017869541143,0.9971080094816853,0.0003048458257382586,1.0,1.0,1.0
-0.47265580196228996,0.9965162487852114,0.0003192268579728408,1.0,1.0,1.0
-0.4724253998434875,0.9967079088478915,0.0003193430217585792,1.0,1.0,1.0
-0.4723126264335349,0.9966721126870213,0.0003054885006006237,1.0,1.0,1.0
-0.4723035011800647,0.9974042016812525,0.0003142225817319826,1.0,1.0,1.0
-0.4721117530898482,0.9977904862802301,0.0003049932443267007,1.0,1.0,1.0
-0.47196929286587874,0.9970886539468343,0.0003054014162719511,1.0,1.0,1.0
-0.47196134463155204,0.9971480602160386,0.0003195187300812899,1.0,1.0,1.0
-0.47173299558865267,0.9950319655770195,0.0003167819410534294,1.0,1.0,1.0
-0.471681661656163,0.9975042185407202,0.00030543137851637324,1.0,1.0,1.0
-0.4716436447697685,0.9967215108533827,0.0003132693284401935,1.0,1.0,1.0
-0.4715310092966263,0.9964198997993202,0.00031886552926867754,1.0,1.0,1.0
-0.4714623285096593,0.997098232380885,0.00031811668392498437,1.0,1.0,1.0
-0.47142868835754825,0.997143598704113,0.0003051447242424029,1.0,1.0,1.0
-0.4713737654356862,0.9968661023936044,0.0003194113241962646,1.0,1.0,1.0
-0.4711859166159229,0.9975635900544179,0.00030486232386845325,1.0,1.0,1.0
-0.4709246706397039,0.9978277610265943,0.00030359559107892694,1.0,1.0,1.0
-0.47088474807296166,0.9961156760500407,0.00032052865374807536,1.0,1.0,1.0
-0.4707471997908499,0.9969796310713095,0.0003190676371484621,1.0,1.0,1.0
-0.47062781184217783,0.9978308840712656,0.00030495039018556557,1.0,1.0,1.0
-0.4704791235461556,0.9961292054469784,0.00031922731577112534,1.0,1.0,1.0
-0.47047306353616136,0.997442314330416,0.00030559673469684117,1.0,1.0,1.0
-0.4702683494155053,0.9983849738560557,0.00030487384975969,1.0,1.0,1.0
-0.47014173593592545,0.9968734357388619,0.0003053835755675711,1.0,1.0,1.0
-0.4700734158095372,0.9968557021698726,0.0003198304124597328,1.0,1.0,1.0
-0.46986243618442813,0.9967782775867808,0.0003050665023631318,1.0,1.0,1.0
-0.46973761004258563,0.9976228902446135,0.0003180012192035265,1.0,1.0,1.0
-0.46961443450679496,0.9974751764377148,0.0003136616714534258,1.0,1.0,1.0
-0.46961306898401745,0.9977420071876701,0.0003051715646292206,1.0,1.0,1.0
-0.4696057400136766,0.9974979294348134,0.00031912135034186626,1.0,1.0,1.0
-0.4695050475067717,0.9962145497610927,0.00032055574321661963,1.0,1.0,1.0
-0.4694998783275395,0.9979283603949247,0.00031818712502933996,1.0,1.0,1.0
-0.46936968130142986,0.9976600535033993,0.0003045826220649715,1.0,1.0,1.0
-0.46910278744536527,0.9982854149090857,0.00030439225604464876,1.0,1.0,1.0
-0.4689786698979379,0.9976856507845183,0.0003128043982076529,1.0,1.0,1.0
-0.4688426198306388,0.9974736726988789,0.00031899888562104695,1.0,1.0,1.0
-0.46879593057929014,0.9987522994322802,0.000304924886136147,1.0,1.0,1.0
-0.46863615527558977,0.9970677676004936,0.0003053821166057012,1.0,1.0,1.0
-0.4685368365554581,0.9980294057649655,0.00031928778404549007,1.0,1.0,1.0
-0.46842181199554034,0.9983040898685207,0.00030492518584993765,1.0,1.0,1.0
-0.4683161621179295,0.9977059647434395,0.00030549340841187197,1.0,1.0,1.0
-0.4682636097163311,0.9971531678933347,0.00031444399319851716,1.0,1.0,1.0
-0.46818892625324793,0.9980906428440867,0.0003196521292885317,1.0,1.0,1.0
-0.4680441415216592,0.9976962951001838,0.00030520405073660123,1.0,1.0,1.0
-0.4677979451060992,0.9982516922974801,0.0003052268849765229,1.0,1.0,1.0
-0.4677452034401668,0.9976226941356073,0.00031821712721205966,1.0,1.0,1.0
-0.4676841142613313,0.9975809390951526,0.00031914925295281285,1.0,1.0,1.0
-0.4676394655319882,0.9973595728104849,0.00032078692082010814,1.0,1.0,1.0
-0.4675868090009452,0.9970717291913631,0.0003137835386146754,1.0,1.0,1.0
-0.4675526357846138,0.9989042763528002,0.0003047385277597119,1.0,1.0,1.0
-0.4675411333306272,0.9970923091594448,0.00031826812367994706,1.0,1.0,1.0
-0.4672794856507494,0.998760660409656,0.0003044781479410303,1.0,1.0,1.0
-0.4671746059615032,0.9980423085745983,0.00030530340641091186,1.0,1.0,1.0
-0.466962213554325,0.9984588954014648,0.000304946827335453,1.0,1.0,1.0
-0.46694445837208587,0.9976522314316403,0.0003132162636581882,1.0,1.0,1.0
-0.46680164607874985,0.9989246620571909,0.00030537945742017795,1.0,1.0,1.0
-0.4665982845688461,0.9975885030025203,0.00031910232199458706,1.0,1.0,1.0
-0.4663082452852052,0.9973758216878521,0.0003196420771035808,1.0,1.0,1.0
-0.46624723006362956,0.9976731150590996,0.00031446464723354375,1.0,1.0,1.0
-0.46622662277505356,0.9979117875690837,0.0003052911163441758,1.0,1.0,1.0
-0.4659825976117986,0.9985401621075337,0.00030512394608958306,1.0,1.0,1.0
-0.4657773623427772,0.9976493259450779,0.0003207917049180722,1.0,1.0,1.0
-0.4657665465392,0.9972320524092608,0.0003191789796273016,1.0,1.0,1.0
-0.46575612945332523,0.9977698138179134,0.00031791644872608766,1.0,1.0,1.0
-0.46573475070039194,0.9992248540465377,0.00030489401674501965,1.0,1.0,1.0
-0.4655861335026401,0.9977366290304291,0.0003183059298330091,1.0,1.0,1.0
-0.4655610242892223,0.9972865099255598,0.0003137708166992164,1.0,1.0,1.0
-0.46545432632228767,0.999134956731453,0.00030483424214568027,1.0,1.0,1.0
-0.46532875087655157,0.9974441057094494,0.00030537365777001636,1.0,1.0,1.0
-0.4651254055303866,0.9995123628559567,0.00030517424513785214,1.0,1.0,1.0
-0.4649692756934485,0.9975663936149151,0.000305490781608311,1.0,1.0,1.0
-0.46491156247710386,0.9979977712324914,0.0003133277754440445,1.0,1.0,1.0
-0.4646695759137742,0.9977894199616284,0.000305386852582044,1.0,1.0,1.0
-0.4646636236186481,0.9977826030092024,0.00031913323633990054,1.0,1.0,1.0
-0.46464450480911523,0.9980006453169064,0.00031795558004409416,1.0,1.0,1.0
-0.46441013858333235,0.997563196122776,0.00030506610759126765,1.0,1.0,1.0
-0.4642331362092733,0.9976835559141009,0.00031418123716781834,1.0,1.0,1.0
-0.4641672755194861,0.9985823307171581,0.00030505513482354007,1.0,1.0,1.0
-0.46391585862136253,0.9988425132197389,0.0003048716508566879,1.0,1.0,1.0
-0.46385289276470587,0.9977215369261229,0.00031920251465313243,1.0,1.0,1.0
-0.4637700452203575,0.9981075242281703,0.0003177034508071083,1.0,1.0,1.0
-0.4636347773666074,0.9975623319492833,0.00031941823652283704,1.0,1.0,1.0
-0.463627427041331,0.9986228853980702,0.00030484552459022915,1.0,1.0,1.0
-0.4635371957445855,0.9980181526641122,0.00031417874176792944,1.0,1.0,1.0
-0.4634866375621982,0.9979405945923087,0.00030552538062338206,1.0,1.0,1.0
-0.4632857795464247,0.9989585851262717,0.0003050707977950608,1.0,1.0,1.0
-0.4631518071512062,0.9975910993102012,0.00031933646631138396,1.0,1.0,1.0
-0.46313905735007665,0.9977430354483435,0.0003055349168778696,1.0,1.0,1.0
-0.46295874107646995,0.9980819341017378,0.0003167783284542047,1.0,1.0,1.0
-0.4628801072364972,0.9980071073546998,0.0003131307272420051,1.0,1.0,1.0
-0.4627338387162183,0.9978369535039697,0.0003190224335080741,1.0,1.0,1.0
-0.46267719584331246,0.9979410577608716,0.00031806749587099385,1.0,1.0,1.0
-0.4625942520297883,0.9985037727498339,0.000305260058098962,1.0,1.0,1.0
-0.46255768389556806,0.9982799620094036,0.00031950382079790946,1.0,1.0,1.0
-0.4623516731680297,0.998878340320325,0.00030489871192958777,1.0,1.0,1.0
-0.4622217053817792,0.9979765377922931,0.00031497887412641464,1.0,1.0,1.0
-0.4617983538963131,0.999147878236628,0.0003049692402071014,1.0,1.0,1.0
-0.46168723514327326,0.9978314671228631,0.00031931380294439424,1.0,1.0,1.0
-0.46164621888203783,0.9979553796200257,0.0003055114958798539,1.0,1.0,1.0
-0.4615155740997672,0.9979330849710004,0.000313911915853778,1.0,1.0,1.0
-0.4614433358948986,0.9995812398098953,0.0003051387978481227,1.0,1.0,1.0
-0.46131100024538796,0.9979433845755097,0.0003055112799505147,1.0,1.0,1.0
-0.4609622049672595,0.9978656025405787,0.0003177714763723287,1.0,1.0,1.0
-0.4608503542033091,0.9984507373818766,0.0003134698690442552,1.0,1.0,1.0
-0.4608069982393488,0.9980350722121674,0.00031919468471320467,1.0,1.0,1.0
-0.460778524392623,0.9993310154693367,0.00030514211077962706,1.0,1.0,1.0
-0.46071353169890017,0.9980237622499368,0.0003181345951249727,1.0,1.0,1.0
-0.4606878242876462,0.9983800801463222,0.00032086561215219947,1.0,1.0,1.0
-0.4605354841197027,0.9984908318145335,0.0003049431060203527,1.0,1.0,1.0
-0.4602705075259905,0.9993637007966519,0.0003041929715685893,1.0,1.0,1.0
-0.4602166472485969,0.9977810544028037,0.0003124390316981204,1.0,1.0,1.0
-0.46021043809409434,0.9987090476676784,0.0003208242341343429,1.0,1.0,1.0
-0.46003714457555134,0.9980531580051207,0.000319188384519065,1.0,1.0,1.0
-0.4599670904802906,0.9996510765079921,0.0003051292032684582,1.0,1.0,1.0
-0.45980878411234016,0.9985187391029383,0.00031510238646296037,1.0,1.0,1.0
-0.45980835431976175,0.9980280057512472,0.0003055372763156884,1.0,1.0,1.0
-0.4597438127459412,0.9979870313682626,0.00031919269064108495,1.0,1.0,1.0
-0.45959794039589497,0.9998852756429976,0.00030494913127560345,1.0,1.0,1.0
-0.45949599252230655,0.998606825768886,0.0003144477570956953,1.0,1.0,1.0
-0.45948469391350955,0.9984120638866454,0.00030558077202018255,1.0,1.0,1.0
-0.4593767915754938,0.9974448629508991,0.00031970567700948427,1.0,1.0,1.0
-0.4592104494760463,0.9989855053195742,0.00030545879683387627,1.0,1.0,1.0
-0.4589687602603405,0.9983337795771952,0.000318235132326444,1.0,1.0,1.0
-0.45896334662492677,0.9985529917489655,0.00030525907522556997,1.0,1.0,1.0
-0.45888407751859006,0.9984884646209701,0.0003192006412176427,1.0,1.0,1.0
-0.4588221465485738,0.9983234203675224,0.0003137603744198084,1.0,1.0,1.0
-0.45882098428276663,0.9987514364375476,0.00032090525593862367,1.0,1.0,1.0
-0.45875341992420715,0.9989018218326834,0.00031836222378227183,1.0,1.0,1.0
-0.4587188174851917,0.9981104545338748,0.00030461685618615335,1.0,1.0,1.0
-0.45844773788297744,0.999515205155919,0.00030453019208685436,1.0,1.0,1.0
-0.45835074913520657,0.9985189383492925,0.0003054533321750917,1.0,1.0,1.0
-0.4581350153100061,0.9989825103402745,0.0003192496509937524,1.0,1.0,1.0
-0.4581341790491251,0.999965999836729,0.0003051125099068931,1.0,1.0,1.0
-0.45797306597981446,0.998472038892845,0.0003053342878592563,1.0,1.0,1.0
-0.4578331809593692,0.9994327639109575,0.0003179534094926984,1.0,1.0,1.0
-0.4578038407472462,0.998646243656363,0.0003191546914054736,1.0,1.0,1.0
-0.45766027856464575,0.9988014623895107,0.00030552990652503084,1.0,1.0,1.0
-0.45749490437970053,0.9983754674239252,0.000319766684091368,1.0,1.0,1.0
-0.4573929233175704,0.9991847168936681,0.00030538824454361666,1.0,1.0,1.0
-0.45714813836272583,0.9988623438880025,0.0003051556274337716,1.0,1.0,1.0
-0.45697862364428943,0.9982108295728841,0.000318041781884405,1.0,1.0,1.0
-0.4569012281595519,1.0004066073583755,0.0003050040169802993,1.0,1.0,1.0
-0.4567973179370881,0.9989764800284033,0.0003183088660586634,1.0,1.0,1.0
-0.4567957411361938,0.9982508920707124,0.0003139866686470094,1.0,1.0,1.0
-0.4565039559706179,0.9980052960789263,0.00030528367674501555,1.0,1.0,1.0
-0.4562980859624304,0.9994055159113728,0.0003050801183027452,1.0,1.0,1.0
-0.45614868484164894,0.9979274930248899,0.0003133193167046778,1.0,1.0,1.0
-0.45586082377880643,0.9990943703522873,0.0003181147659077434,1.0,1.0,1.0
-0.45583733632099666,0.9988646434469148,0.00030547784144315047,1.0,1.0,1.0
-0.4556167918893834,0.9984955171959357,0.00031967590038921106,1.0,1.0,1.0
-0.45557592927036694,0.9995819844556046,0.0003053098759189845,1.0,1.0,1.0
-0.4554640680245967,0.9987100581453275,0.00031433622223361895,1.0,1.0,1.0
-0.4553327335802635,1.0002416802821728,0.00030525378432176694,1.0,1.0,1.0
-0.45509801656280047,0.9994448501510471,0.00032085109089583007,1.0,1.0,1.0
-0.4550826870800506,0.9998376487881073,0.0003049974182406312,1.0,1.0,1.0
-0.45505027093562944,0.9981163228328427,0.0003192277947220082,1.0,1.0,1.0
-0.4549914529129069,0.9981563721605613,0.0003177478084258262,1.0,1.0,1.0
-0.4548447091054726,0.9986193898301099,0.0003181668810936863,1.0,1.0,1.0
-0.4547967638055752,1.000202680315381,0.0003049275212962476,1.0,1.0,1.0
-0.45477125413577824,0.9985694265583381,0.000313866653846008,1.0,1.0,1.0
-0.4546608005281598,0.9982186990058274,0.00030553103639377964,1.0,1.0,1.0
-0.454459498809058,1.0006150781933223,0.0003052526387422112,1.0,1.0,1.0
-0.45434254251819084,0.9990381832929475,0.0003192079473319094,1.0,1.0,1.0
-0.45430918100203144,0.9985326613596247,0.00030566566323574974,1.0,1.0,1.0
-0.45401600043476265,0.9990568790524513,0.000305511491688722,1.0,1.0,1.0
-0.4539361245689548,0.9990725775393405,0.00031914957348767235,1.0,1.0,1.0
-0.4538924604124759,0.9985130607687888,0.0003180759690140783,1.0,1.0,1.0
-0.45375972453106783,0.9987547084189646,0.0003051253783664662,1.0,1.0,1.0
-0.45374198410166855,0.999038249588808,0.0003197239520091655,1.0,1.0,1.0
-0.4535171036384895,0.9993814675924513,0.00030499151431711874,1.0,1.0,1.0
-0.45345165411181654,0.9988949413936996,0.00031431203042452924,1.0,1.0,1.0
-0.453139233881501,0.9984218656524744,0.0003192853147075886,1.0,1.0,1.0
-0.45300773450622955,0.9996342378070857,0.000317896729473806,1.0,1.0,1.0
-0.45296837997386774,1.000044082787383,0.00030496862822751853,1.0,1.0,1.0
-0.4528959045057661,0.9987746426022914,0.0003195451457877964,1.0,1.0,1.0
-0.4528195141255935,0.9980421436455241,0.00030567310006048026,1.0,1.0,1.0
-0.45274879865134565,0.9985345626188304,0.00031409729440423645,1.0,1.0,1.0
-0.4526180005582887,0.9996961041255804,0.0003050328128566146,1.0,1.0,1.0
-0.4524803320078945,0.9988282312971637,0.0003057068270024236,1.0,1.0,1.0
-0.45245185918574293,0.9989940984050522,0.0003198154075031503,1.0,1.0,1.0
-0.45219570781614493,0.9997754160769816,0.00030554472338752364,1.0,1.0,1.0
-0.4521871371064847,0.9989311669615178,0.0003177551530058719,1.0,1.0,1.0
-0.45208631890546336,0.9988066792381608,0.0003135975127733975,1.0,1.0,1.0
-0.452008821995193,0.9990344348607526,0.00031924339380380275,1.0,1.0,1.0
-0.4519441481564286,0.9994848804259153,0.00030525672662615823,1.0,1.0,1.0
-0.45192758778146924,0.9994211174457355,0.0003181957800137979,1.0,1.0,1.0
-0.4518708367960471,0.9989655907767533,0.0003197231283440867,1.0,1.0,1.0
-0.4517012197471786,0.9994507789608746,0.0003049288843502757,1.0,1.0,1.0
-0.4514547496328447,0.9984039760473044,0.0003126905111044369,1.0,1.0,1.0
-0.4514418307913317,0.9983286546925301,0.00031451512288446494,1.0,1.0,1.0
-0.4514382022751988,0.9995392242002148,0.00030392224285565375,1.0,1.0,1.0
-0.4513877408562905,0.9987092252660971,0.00032082889878091634,1.0,1.0,1.0
-0.4512320910907306,0.9986963979721867,0.0003191173859937732,1.0,1.0,1.0
-0.4509809575474151,0.998938383912644,0.0003056999510717533,1.0,1.0,1.0
-0.4509512103739439,0.999025762483422,0.00031957164557191417,1.0,1.0,1.0
-0.4507737328725625,1.0002904255199754,0.0003050771973286317,1.0,1.0,1.0
-0.4505651972578164,0.9986177934164538,0.00031997702957956643,1.0,1.0,1.0
-0.4503767242030676,0.9997912132595711,0.0003055290475551144,1.0,1.0,1.0
-0.45012862123451214,0.9996745159455965,0.0003052439182214969,1.0,1.0,1.0
-0.45008460695142105,0.9984260502404829,0.0003191584353874604,1.0,1.0,1.0
-0.4500576806164531,0.9986962555595551,0.0003139613173060846,1.0,1.0,1.0
-0.4500030088654796,0.9990953818913295,0.0003210220583289045,1.0,1.0,1.0
-0.44996625235360455,0.9993222006190874,0.00031836876786086774,1.0,1.0,1.0
-0.4498846365692657,0.9996396149825858,0.00030473030567994215,1.0,1.0,1.0
-0.4496158084892272,1.0004058800773747,0.00030464902192962954,1.0,1.0,1.0
-0.44943552577626633,0.9984372690176313,0.00031361223966572624,1.0,1.0,1.0
-0.44941973879556585,0.9991237215451357,0.0003130771699587177,1.0,1.0,1.0
-0.44932868686376537,0.9993859488206357,0.0003191672973668202,1.0,1.0,1.0
-0.449305873168953,0.9997028124097328,0.0003049919360285639,1.0,1.0,1.0
-0.449144738721202,0.998929800795913,0.00030532044732543644,1.0,1.0,1.0
-0.4490511981028078,0.9987542313447082,0.0003174615396010875,1.0,1.0,1.0
-0.44900995922888853,0.9987474071192444,0.00031918830522097716,1.0,1.0,1.0
-0.4488284383048722,0.9992752999646699,0.0003055801793663734,1.0,1.0,1.0
-0.4487105617977605,0.9987710355937465,0.0003145575487844474,1.0,1.0,1.0
-0.448681959751724,0.9995752903869487,0.0003199120209601979,1.0,1.0,1.0
-0.44855889615490696,0.9991349747841143,0.0003055052753335946,1.0,1.0,1.0
-0.4483133957081975,0.9997380155367077,0.0003052427916519699,1.0,1.0,1.0
-0.4482014711945652,0.9990434246490799,0.0003182558553300411,1.0,1.0,1.0
-0.4481644512286209,0.9994703731684488,0.0003192492060929624,1.0,1.0,1.0
-0.4480674633062449,0.9999351975693985,0.00030496695565072185,1.0,1.0,1.0
-0.4480306672498031,0.9987170766346167,0.0003138766142038745,1.0,1.0,1.0
-0.448008913482866,0.998315346183511,0.0003183414229213602,1.0,1.0,1.0
-0.44779180235588,1.0011518383532172,0.0003050030619178988,1.0,1.0,1.0
-0.4476793287139458,0.9992556523651124,0.00030545534856693464,1.0,1.0,1.0
-0.44747075646154144,0.9997848846948648,0.0003051693767190151,1.0,1.0,1.0
-0.44742927516026043,0.9991494417310272,0.00031906228634747834,1.0,1.0,1.0
-0.4473859598401484,0.9987808809541925,0.0003133114078415018,1.0,1.0,1.0
-0.44731101657345107,0.9993865647800786,0.00030562569962998645,1.0,1.0,1.0
-0.44707767116894104,0.9997710052809038,0.00031826211316150863,1.0,1.0,1.0
-0.44707286565487436,0.9989308341968812,0.0003190622702733899,1.0,1.0,1.0
-0.44700511817723054,0.9991260710232416,0.00030553133483703717,1.0,1.0,1.0
-0.4468025137311429,0.9985204029015988,0.00031985471747360825,1.0,1.0,1.0
-0.446741790939825,1.0000524467095893,0.0003053690674286457,1.0,1.0,1.0
-0.446694994041529,0.9996833978854526,0.000314586952095927,1.0,1.0,1.0
-0.44649816704571776,0.9998024241484573,0.00030523470504037546,1.0,1.0,1.0
-0.4462778607065161,0.9995564267314021,0.00032091546917885046,1.0,1.0,1.0
-0.4462492549639592,1.0004933126076712,0.0003050716479760478,1.0,1.0,1.0
-0.446248213648488,0.9989627123643502,0.00031927737657100254,1.0,1.0,1.0
-0.44621322168922006,0.9991407415859346,0.00031811769293113356,1.0,1.0,1.0
-0.446054917241284,0.9983023489259528,0.0003184098672954762,1.0,1.0,1.0
-0.44600567266283164,0.9985874320275248,0.00031397269054669983,1.0,1.0,1.0
-0.4459661613873891,1.0008112381344096,0.00030499397303920947,1.0,1.0,1.0
-0.44553369027715917,0.9983991243792519,0.00031870186381821033,1.0,1.0,1.0
-0.44547939144842985,0.9994162906093758,0.0003056699897792235,1.0,1.0,1.0
-0.4453535394338175,0.9996387878733826,0.00031324331502073297,1.0,1.0,1.0
-0.4451396682803619,0.999367089262954,0.00031935698058051254,1.0,1.0,1.0
-0.4449266683229496,0.9994502317864107,0.0003197832856795047,1.0,1.0,1.0
-0.4449255277930604,0.9996677960922463,0.000305395239493707,1.0,1.0,1.0
-0.44468276855576505,0.9997636049348445,0.0003050972612833525,1.0,1.0,1.0
-0.44468188520861673,0.9989314504241439,0.00031454258885861596,1.0,1.0,1.0
-0.4443357488376307,0.9991457381948775,0.00031944618043274354,1.0,1.0,1.0
-0.444104991443524,0.9991412336282116,0.00031959317574015503,1.0,1.0,1.0
-0.4439932306352432,0.9989664546926444,0.0003057397420545393,1.0,1.0,1.0
-0.44398239543978235,0.9993630035664324,0.0003143245186066064,1.0,1.0,1.0
-0.4437924866915637,1.0009495927237269,0.0003052360798450797,1.0,1.0,1.0
-0.44365001339852483,0.9993670921193809,0.0003056995796748756,1.0,1.0,1.0
-0.4436417616711026,0.9986082357770496,0.0003196994474603049,1.0,1.0,1.0
-0.443412403243407,0.997781457281645,0.00031702513146472503,1.0,1.0,1.0
-0.4433627402170828,0.9991974959187008,0.00030555477593147064,1.0,1.0,1.0
-0.4433226014706495,0.9988527624408425,0.0003135016851527139,1.0,1.0,1.0
-0.44321107330965503,0.9993655828792154,0.0003191615968063969,1.0,1.0,1.0
-0.44314190573977896,1.0001208116154692,0.00031836818169241857,1.0,1.0,1.0
-0.443109530394338,1.0003283431182708,0.000305398336258427,1.0,1.0,1.0
-0.44305436511965013,0.9993318034780013,0.0003196024244496501,1.0,1.0,1.0
-0.4428668942544789,0.9998912229354814,0.00030512741853262623,1.0,1.0,1.0
-0.442605739015562,1.0007651615322997,0.0003037714545053531,1.0,1.0,1.0
-0.44256551298602176,0.9986934803567779,0.0003208902996571565,1.0,1.0,1.0
-0.4424274606468259,0.9990116953366548,0.00031928152499947,1.0,1.0,1.0
-0.442308788512662,1.0002402127927235,0.0003052030215754431,1.0,1.0,1.0
-0.44215889020735233,0.9996503664688539,0.0003195135223755336,1.0,1.0,1.0
-0.4421538308593256,0.998464530651145,0.00030571244367655635,1.0,1.0,1.0
-0.44196164022660867,0.9986968952788908,0.00031427949101461524,1.0,1.0,1.0
-0.4419489167595998,1.0003962217653908,0.0003051935515839412,1.0,1.0,1.0
-0.4418224745393786,0.998866489274878,0.0003054955466669313,1.0,1.0,1.0
-0.44154338695878437,0.99998125191992,0.00030536841123921427,1.0,1.0,1.0
-0.44141690814294776,0.9994518798607775,0.00031810838143705414,1.0,1.0,1.0
-0.441294190957251,1.0002130380603085,0.0003054211348549235,1.0,1.0,1.0
-0.4412932684228572,0.998734042283013,0.00031378705589336805,1.0,1.0,1.0
-0.44128570253964483,0.9989418742747301,0.00031932918907004947,1.0,1.0,1.0
-0.44118540259927386,0.9998485394729945,0.00032084992409480594,1.0,1.0,1.0
-0.4411794904186195,0.9995220990858402,0.0003184152542432657,1.0,1.0,1.0
-0.44105065337356564,0.9996392344812031,0.0003047361491481442,1.0,1.0,1.0
-0.44078384188492237,1.000372989130341,0.0003046132533098779,1.0,1.0,1.0
-0.44065744411573116,0.9994882677634382,0.00031294048795637197,1.0,1.0,1.0
-0.44052277823146824,0.9990429715596387,0.0003191895788032304,1.0,1.0,1.0
-0.4404767468409432,1.0001846405059935,0.0003051278912349587,1.0,1.0,1.0
-0.4403168069132164,0.9999465486319723,0.00030574812642394,1.0,1.0,1.0
-0.4402694587284657,0.998036709763093,0.00031709951750380933,1.0,1.0,1.0
-0.4402165010741186,0.9988197799026189,0.00031928893900608554,1.0,1.0,1.0
-0.4401026276420339,1.0009265842443278,0.00030515518305587573,1.0,1.0,1.0
-0.4399969175014462,0.9989262492921663,0.0003056339870621529,1.0,1.0,1.0
-0.43994282278699615,0.9986340838308175,0.0003145426344356462,1.0,1.0,1.0
-0.4398692747204507,0.9991183831168132,0.0003198166302040724,1.0,1.0,1.0
-0.4397249630674196,0.9992493949917487,0.00030542320989360183,1.0,1.0,1.0
-0.43947879125721556,0.9999336985654464,0.00030533897737456035,1.0,1.0,1.0
-0.43942467014780817,0.9993410081659267,0.0003183222033699293,1.0,1.0,1.0
-0.43936411357434224,0.9990391319225637,0.00031937953504751666,1.0,1.0,1.0
-0.43931999083514484,0.999659900586017,0.00032103779824862273,1.0,1.0,1.0
-0.43926579828377044,0.9990522978676799,0.0003137945467650633,1.0,1.0,1.0
-0.4392336006768005,1.0000593812010228,0.00030490109952632924,1.0,1.0,1.0
-0.43922078026250233,0.9994129628614145,0.0003184975400405476,1.0,1.0,1.0
-0.43896038604458454,1.0001310587558108,0.00030483296001230684,1.0,1.0,1.0
-0.43885542670051336,0.9987702119351254,0.00030541511814433125,1.0,1.0,1.0
-0.43864314512842384,1.0000796015655038,0.00030511079381086734,1.0,1.0,1.0
-0.43862209705233113,0.9983826697632133,0.00031900282546658645,1.0,1.0,1.0
-0.4384823198208778,0.9996198200299676,0.00030551744473585334,1.0,1.0,1.0
-0.43829490707177854,0.9992485262776782,0.0003180394466187193,1.0,1.0,1.0
-0.43827812414865264,0.9991968824484077,0.00031916720962131534,1.0,1.0,1.0
-0.4381729268170318,0.9995231009333737,0.00030559890144248367,1.0,1.0,1.0
-0.4379887668773961,0.9990935903209812,0.00031982834566285324,1.0,1.0,1.0
-0.43792632712603563,0.9985067442054891,0.0003144640282982339,1.0,1.0,1.0
-0.43790772942040235,0.9989900694709292,0.0003052941042977331,1.0,1.0,1.0
-0.43766358194625354,1.000011515107727,0.0003052368873204022,1.0,1.0,1.0
-0.43745805754400635,0.9992698297037186,0.0003209381838064857,1.0,1.0,1.0
-0.43744644437524016,0.9983804074205878,0.00031932848135793844,1.0,1.0,1.0
-0.43743534930055716,0.9996554469594597,0.00031808975682319143,1.0,1.0,1.0
-0.43741584547666434,1.000049532711357,0.0003050508471840438,1.0,1.0,1.0
-0.4372656776566828,0.9993711888192284,0.0003183964953483787,1.0,1.0,1.0
-0.43724003164287595,0.9990191043382762,0.000313988350849498,1.0,1.0,1.0
-0.4371352097343788,1.0002867753585063,0.00030488211452408913,1.0,1.0,1.0
-0.43700945979225025,0.9996699399079341,0.00030559027599490126,1.0,1.0,1.0
-0.43680603530549433,1.0005512452269119,0.00030533043769408343,1.0,1.0,1.0
-0.4366501088460666,0.9988922739475712,0.00030567343374331217,1.0,1.0,1.0
-0.4365905001289949,0.99888120126491,0.00031336220765322017,1.0,1.0,1.0
-0.43635063802742025,0.9993344638807589,0.0003055306641477426,1.0,1.0,1.0
-0.43634363858228653,0.9986388987613348,0.00031928126256387644,1.0,1.0,1.0
-0.4363240365394745,0.9988787163145416,0.0003181081935680116,1.0,1.0,1.0
-0.43611160020128636,0.9989179940936327,0.00031960982236027167,1.0,1.0,1.0
-0.4360911129244016,1.0003162369677803,0.0003052725786686423,1.0,1.0,1.0
-0.4358482580791474,0.9995066636456449,0.00030511046044791253,1.0,1.0,1.0
-0.4355991094890328,1.0000350445444575,0.0003209203652083359,1.0,1.0,1.0
-0.43559694313194086,0.9995785424752144,0.00030497019962545083,1.0,1.0,1.0
-0.4355329662971883,0.9981180833138461,0.0003193183479222079,1.0,1.0,1.0
-0.4354494349757232,0.9990414622679221,0.0003177868352881878,1.0,1.0,1.0
-0.43531449561371005,0.9983032059918544,0.00031948708553391575,1.0,1.0,1.0
-0.4353081533925547,1.00000131815901,0.00030497931860352576,1.0,1.0,1.0
-0.4352163605725963,0.9989201499115398,0.00031410334080393757,1.0,1.0,1.0
-0.4351673719706639,0.9990112031193218,0.0003056833768705169,1.0,1.0,1.0
-0.4349663834354942,0.999973586232534,0.00030512787731248653,1.0,1.0,1.0
-0.43483207397699175,0.9994943475753437,0.00031942508747174813,1.0,1.0,1.0
-0.43482004878379144,0.9989371871748006,0.0003056476589227306,1.0,1.0,1.0
-0.4346380007763244,0.9992639213460064,0.0003168854690657386,1.0,1.0,1.0
-0.434559059248242,0.9987530290417985,0.00031317221409357497,1.0,1.0,1.0
-0.4345297671422941,0.9987087374160455,0.00030552455355413964,1.0,1.0,1.0
-0.43441361328339667,0.9986961497775033,0.0003191488776673315,1.0,1.0,1.0
-0.4343567614564705,0.9990101773538528,0.000318094070562297,1.0,1.0,1.0
-0.43427523128184475,0.9997030958054999,0.00030534646382857674,1.0,1.0,1.0
-0.43423827260795633,0.99886928297856,0.00031967032283637757,1.0,1.0,1.0
-0.43403251366191853,0.9997825017256746,0.0003050142462218308,1.0,1.0,1.0
-0.43390085020280367,0.9985948027115057,0.0003149679867086354,1.0,1.0,1.0
-0.433479060280888,1.000205307833901,0.0003050964351272688,1.0,1.0,1.0
-0.4333671284515219,0.9982099934890479,0.00031931251282148415,1.0,1.0,1.0
-0.4333269781479885,0.9995822385367263,0.0003057275512675961,1.0,1.0,1.0
-0.4331944819025253,0.9990099129708028,0.00031399810727963695,1.0,1.0,1.0
-0.4331240511031069,1.0009669132357153,0.0003052996377056207,1.0,1.0,1.0
-0.4329918716472605,0.9992976595254484,0.00030558159621534817,1.0,1.0,1.0
-0.43294280549355335,0.9982491234681972,0.0003197743140248248,1.0,1.0,1.0
-0.4326414937095109,0.99867719538079,0.00031781700457881484,1.0,1.0,1.0
-0.4324870867871482,0.9987071630356809,0.0003192380379788443,1.0,1.0,1.0
-0.43239313216292885,0.9986578642820912,0.00031818698359064386,1.0,1.0,1.0
-0.43236816839851144,0.9995303818860504,0.00032099960755028925,1.0,1.0,1.0
-0.4322163195816131,1.0000205300018932,0.00030501889576078434,1.0,1.0,1.0
-0.4319515667454539,0.9997496713985395,0.00030421566727987056,1.0,1.0,1.0
-0.43189541790667896,0.9986836030662296,0.0003124591157426066,1.0,1.0,1.0
-0.4317171524500054,0.9983619770194774,0.00031928004019876784,1.0,1.0,1.0
-0.4316477755166943,1.0007383066704398,0.0003052034898591901,1.0,1.0,1.0
-0.43148927541639637,0.9990105769273585,0.00030562999883197066,1.0,1.0,1.0
-0.43148823807359804,0.9987303402561493,0.00031535186223163896,1.0,1.0,1.0
-0.43142346500225415,0.9992822311450948,0.0003194749277820093,1.0,1.0,1.0
-0.4312786271264599,0.9995106965571309,0.0003049290201029606,1.0,1.0,1.0
-0.43117519849371533,0.9991875013876805,0.0003145165332696707,1.0,1.0,1.0
-0.4311657211762565,0.9997014232876654,0.0003056385683187445,1.0,1.0,1.0
-0.43105712875851054,0.9988498680820428,0.0003198996454909286,1.0,1.0,1.0
-0.4308914067143519,1.0001234160595367,0.0003055109445776413,1.0,1.0,1.0
-0.4306480787004645,0.9981158373058585,0.0003181326340726561,1.0,1.0,1.0
-0.43064433104007094,0.9991981875566812,0.0003052794203568291,1.0,1.0,1.0
-0.4305642031761323,0.9980893276673865,0.0003191529887431853,1.0,1.0,1.0
-0.43050163785653695,0.9989170097561721,0.00032094372793802303,1.0,1.0,1.0
-0.430501268781061,0.9984505143396997,0.00031385495224558834,1.0,1.0,1.0
-0.4304331941586099,1.0000857100303246,0.000318450703920527,1.0,1.0,1.0
-0.4303996463722797,0.9997362215359057,0.000304685111739088,1.0,1.0,1.0
-0.4301286435508018,1.0005815876993402,0.0003045561700938702,1.0,1.0,1.0
-0.43003142223193436,0.9989383199966763,0.00030539842550215946,1.0,1.0,1.0
-0.42986081108147367,0.9980620707379149,0.0003131683482094577,1.0,1.0,1.0
-0.42981533716508125,0.9990482313182079,0.000319160047131461,1.0,1.0,1.0
-0.4296538710682114,0.9993359081901175,0.0003053469626201856,1.0,1.0,1.0
-0.42951252923855066,0.99878643896081,0.0003178940126248333,1.0,1.0,1.0
-0.4294838066614943,0.998608889454851,0.0003191768534088349,1.0,1.0,1.0
-0.42934118304256685,0.999595567392407,0.00030561321593087354,1.0,1.0,1.0
-0.4291752760909162,0.9991583637281252,0.00031981149641905493,1.0,1.0,1.0
-0.4291579244963941,0.9988706586317899,0.00031468879660382574,1.0,1.0,1.0
-0.4290737501776789,0.9993059938619788,0.00030536410356328325,1.0,1.0,1.0
-0.4288289845037525,0.9992721637703162,0.00030515416371030256,1.0,1.0,1.0
-0.42865783349810727,0.9988589568877521,0.0003180787528301812,1.0,1.0,1.0
-0.42864524028929907,0.9987984484192167,0.00031921520756490984,1.0,1.0,1.0
-0.4285820488481136,1.0002023443794188,0.0003050102829722411,1.0,1.0,1.0
-0.4284748809554664,0.9980791776495498,0.0003139558618200614,1.0,1.0,1.0
-0.4283040530802964,1.0001442926737227,0.00030482158447760796,1.0,1.0,1.0
-0.4281846561735847,0.9989456963628217,0.00030543054355358233,1.0,1.0,1.0
-0.42797900115982657,1.000555214213337,0.0003051491608080256,1.0,1.0,1.0
-0.42791708990054644,0.9985907892546347,0.0003189544445362323,1.0,1.0,1.0
-0.4278276181371794,0.9984431194207329,0.00031314111093682756,1.0,1.0,1.0
-0.42782092225505153,0.9987056142108344,0.0003056599506947618,1.0,1.0,1.0
-0.4275480348394325,0.9987128204456848,0.0003192656041597548,1.0,1.0,1.0
-0.4275404828217688,0.9989765336781282,0.00031806393144830986,1.0,1.0,1.0
-0.4275181167132587,0.9989755083393818,0.0003054847129803841,1.0,1.0,1.0
-0.4272970592093088,0.998864788038531,0.00031970167435185163,1.0,1.0,1.0
-0.4272569018265244,1.0001621396545526,0.00030529256875486924,1.0,1.0,1.0
-0.42714304166688066,0.9987500831088362,0.00031461347217575953,1.0,1.0,1.0
-0.4270138554627465,0.9998830042134479,0.00030520865836449845,1.0,1.0,1.0
-0.42677845523289193,0.9984304551989688,0.000320758516693026,1.0,1.0,1.0
-0.4267634979668742,1.0003518137595246,0.0003050788967123134,1.0,1.0,1.0
-0.4266708323319932,0.9991168898272481,0.0003178054431812005,1.0,1.0,1.0
-0.4265244157356278,0.9977763895650635,0.0003181415616980836,1.0,1.0,1.0
-0.42647777359246675,1.0010493832530094,0.00030503338326029873,1.0,1.0,1.0
-0.4264504125200048,0.9990025556732409,0.00031416012887008253,1.0,1.0,1.0
-0.42634152686929383,0.9986691597624583,0.00030561418437416996,1.0,1.0,1.0
-0.4260226591302114,0.9992692869054791,0.00031926889605778927,1.0,1.0,1.0
-0.425990027546419,0.9997459729419913,0.0003057220877687003,1.0,1.0,1.0
-0.42569679389612247,0.9998076454975828,0.00030552141052133313,1.0,1.0,1.0
-0.42561602547057475,0.9979542349740194,0.00031912862166887345,1.0,1.0,1.0
-0.4255720147414479,0.9985973648535833,0.00031806030613842863,1.0,1.0,1.0
-0.42544084100845225,0.999633984533798,0.0003052889417478855,1.0,1.0,1.0
-0.42542242325581014,0.9993491463138493,0.0003197181427524982,1.0,1.0,1.0
-0.4251982226268467,0.9998714927855376,0.0003050210062574079,1.0,1.0,1.0
-0.4251307905528918,0.9985511432983094,0.0003145410040845396,1.0,1.0,1.0
-0.4248193316159927,0.9984905841238467,0.0003193206309431155,1.0,1.0,1.0
-0.42468728414606005,0.9996474763490185,0.0003178889284138572,1.0,1.0,1.0
-0.42464937031849104,1.0008283994184002,0.0003050600305388607,1.0,1.0,1.0
-0.4245757855617427,0.9989494585582601,0.00031962747467837984,1.0,1.0,1.0
-0.4245004039109119,0.9992198505600951,0.00030574038754472936,1.0,1.0,1.0
-0.42442797688121203,0.9983360240907662,0.00031418629840731686,1.0,1.0,1.0
-0.4242988634794074,0.9996866509498995,0.0003051224979740976,1.0,1.0,1.0
-0.42416133602662853,0.9994821810866017,0.00030569403449328834,1.0,1.0,1.0
-0.424132288164941,0.9989641693721077,0.0003198236528544123,1.0,1.0,1.0
-0.42387665165256294,0.9997782871966809,0.000305564107331034,1.0,1.0,1.0
-0.4238664161780221,0.9995138376190127,0.00031773795218236893,1.0,1.0,1.0
-0.4237652809307857,0.9988784534319113,0.00031340309245332806,1.0,1.0,1.0
-0.42368875999646605,0.9994832049200788,0.00031924132957902006,1.0,1.0,1.0
-0.4236251298286504,0.9999375787840219,0.00030532258101630247,1.0,1.0,1.0
-0.4235513088547975,0.9999578226222149,0.00031985802161114014,1.0,1.0,1.0
-0.42338219565127133,0.999828758955983,0.0003049945146915632,1.0,1.0,1.0
-0.42313351675138433,0.9988712309487325,0.0003128213575143204,1.0,1.0,1.0
-0.42312099206971254,0.9975081710312633,0.0003142594899896749,1.0,1.0,1.0
-0.42311912752654735,0.9997373834325942,0.0003039711957265381,1.0,1.0,1.0
-0.4230683768533652,0.9995490815481914,0.0003209184410316506,1.0,1.0,1.0
-0.42291208701544747,0.9985012763463309,0.00031916743863184144,1.0,1.0,1.0
-0.42281882593385944,1.001114942543706,0.000305204953191074,1.0,1.0,1.0
-0.4226617326152393,0.9989499663112643,0.0003056320116454692,1.0,1.0,1.0
-0.422630989297474,0.9983711722078291,0.00031950820730364916,1.0,1.0,1.0
-0.42245429053582484,1.0000129210554383,0.00030494481276457035,1.0,1.0,1.0
-0.42224538421700686,0.9987018744442984,0.00031997720049543556,1.0,1.0,1.0
-0.42205781680115706,1.0003582824727038,0.0003055670912606631,1.0,1.0,1.0
-0.4218096052563851,0.9996996301529066,0.00030522193553822176,1.0,1.0,1.0
-0.4217647206592119,0.9985997831199,0.00031905743869319064,1.0,1.0,1.0
-0.4217365200183032,0.998632719493885,0.00031391275789570926,1.0,1.0,1.0
-0.42168365179037437,0.9983119235581004,0.00032095541097906897,1.0,1.0,1.0
-0.4216460146584353,0.9994533107674282,0.00031841860609697843,1.0,1.0,1.0
-0.42156560638252927,0.9994524359324635,0.0003048141455527674,1.0,1.0,1.0
-0.42129685786659365,1.0000150220717294,0.0003045920203479446,1.0,1.0,1.0
-0.42111471287011426,0.9992787469646581,0.00031384763189774053,1.0,1.0,1.0
-0.4210985168856798,0.9988706764806629,0.00031299321619803887,1.0,1.0,1.0
-0.42100899644643164,0.9992761666172557,0.0003192542713483565,1.0,1.0,1.0
-0.42098682027267387,0.999695717938073,0.0003050015910285924,1.0,1.0,1.0
-0.42082567497436685,0.9988286433318404,0.0003053013862094607,1.0,1.0,1.0
-0.4207305354205033,0.9978713770123397,0.0003173431173403973,1.0,1.0,1.0
-0.4206897746066858,0.9979952663541144,0.00031914675040508754,1.0,1.0,1.0
-0.4205094762064334,0.9988535394488354,0.00030563999485070374,1.0,1.0,1.0
-0.42038978261307136,0.9987842441041145,0.0003145650901217676,1.0,1.0,1.0
-0.42023985919158235,0.9995948021870262,0.0003054494311005498,1.0,1.0,1.0
-0.4199945190529206,0.9997405396279953,0.0003052644314524174,1.0,1.0,1.0
-0.4198446017234687,0.9984062957301737,0.00031921025753268924,1.0,1.0,1.0
-0.4198193826833858,0.9980843166118728,0.0003209031904466587,1.0,1.0,1.0
-0.4197484254152073,0.9991868102089456,0.0003048794341585161,1.0,1.0,1.0
-0.41970980110933453,0.9989057167403068,0.00031379371233976593,1.0,1.0,1.0
-0.41968843409037504,0.9987745254099729,0.00031833028234591084,1.0,1.0,1.0
-0.41947283573972527,1.0001557400703673,0.0003048752390889686,1.0,1.0,1.0
-0.4193601588009983,0.9989721438121321,0.00030549802099220436,1.0,1.0,1.0
-0.41915154129088705,1.0003445709186571,0.0003051552306442148,1.0,1.0,1.0
-0.41910934369099095,0.9988799723624303,0.0003190683256728704,1.0,1.0,1.0
-0.4190647501926099,0.9987980544775182,0.00031337808596053655,1.0,1.0,1.0
-0.41899183617294966,0.9995090403969683,0.00030556917355502756,1.0,1.0,1.0
-0.41875731923023807,0.9991865712037229,0.00031822946615326335,1.0,1.0,1.0
-0.41875271749701426,0.9981749058395121,0.00031912265508723606,1.0,1.0,1.0
-0.4186860324872441,1.0000072712066217,0.0003055826243264043,1.0,1.0,1.0
-0.41848276974670284,0.9992793113642009,0.0003198205778107904,1.0,1.0,1.0
-0.4184229000053392,0.9996474587217866,0.00030532060972525936,1.0,1.0,1.0
-0.4183740988485738,0.999010083813482,0.0003146018237768984,1.0,1.0,1.0
-0.4181791509768118,1.0005459751873715,0.000305239165939579,1.0,1.0,1.0
-0.4179582890403424,0.9980347021361335,0.0003207649709462492,1.0,1.0,1.0
-0.41793020785598856,1.0003099764266794,0.00030505474490390237,1.0,1.0,1.0
-0.41792826265626104,0.9991309554587492,0.00031925060361571084,1.0,1.0,1.0
-0.4178925907821167,0.9993853895478364,0.00031813848239646347,1.0,1.0,1.0
-0.41768468630900557,0.9994460816178159,0.0003140673780920021,1.0,1.0,1.0
-0.4176470387087079,1.0006372874977578,0.00030503741426532005,1.0,1.0,1.0
-0.4175152830802915,0.9991673030766918,0.0003055364994723888,1.0,1.0,1.0
-0.41716036997439687,0.9997225463002687,0.00030576698228731406,1.0,1.0,1.0
-0.41703248176476215,0.9991064285082687,0.0003132062697568626,1.0,1.0,1.0
-0.4168642417647277,0.9995330559493947,0.0003055076843125923,1.0,1.0,1.0
-0.41681941863544125,0.9996172336258305,0.0003192772927244829,1.0,1.0,1.0
-0.41678766396108813,0.9993599446379274,0.00031820018185343887,1.0,1.0,1.0
-0.4166070968181259,0.9999847700574306,0.0003198079452512228,1.0,1.0,1.0
-0.41660636547345575,1.0002092123384683,0.0003053676882769575,1.0,1.0,1.0
-0.4163636114698761,1.0001816670798835,0.0003051190815533192,1.0,1.0,1.0
-0.41636087497548857,0.9990188181124641,0.00031458324696467257,1.0,1.0,1.0
-0.4160158346324607,0.9986511142650454,0.00031936565863102656,1.0,1.0,1.0
-0.41578486087246347,0.9984878108620271,0.0003194862124192224,1.0,1.0,1.0
-0.4156741123532015,0.9995501959545998,0.00030575916880780124,1.0,1.0,1.0
-0.4156615668830064,0.9988147833341894,0.00031425472215834585,1.0,1.0,1.0
-0.41547308146454043,0.9999223347191155,0.0003051753047058146,1.0,1.0,1.0
-0.41533087269939983,0.9990221641381957,0.00030563433873478224,1.0,1.0,1.0
-0.41532204043653564,0.9990634045146791,0.00031966862273471184,1.0,1.0,1.0
-0.4150435417558356,0.9996429670356444,0.0003055846114596751,1.0,1.0,1.0
-0.41500169708093537,0.9988969597649718,0.0003135358030610447,1.0,1.0,1.0
-0.4148909993712806,0.9987561460709417,0.00031907741705087763,1.0,1.0,1.0
-0.4148214832925703,0.9994464358446803,0.0003183689992999413,1.0,1.0,1.0
-0.41479051101782716,0.9996002524240971,0.0003053761588812098,1.0,1.0,1.0
-0.4147348265295534,0.9995394534377217,0.00031963565191789735,1.0,1.0,1.0
-0.41428666868375785,1.000355284632852,0.00030379567063067744,1.0,1.0,1.0
-0.414246139292203,0.9993486286616187,0.0003209628213382371,1.0,1.0,1.0
-0.4141075829059844,1.0006306714649362,0.0003193927560994164,1.0,1.0,1.0
-0.4139894877980055,1.000325678404381,0.0003051996847036785,1.0,1.0,1.0
-0.41383865685845933,0.9984393466308564,0.0003194033886107499,1.0,1.0,1.0
-0.41383459786990784,0.9992524157659508,0.0003057064961945931,1.0,1.0,1.0
-0.413640554805923,0.9982008145941477,0.00031419554775479435,1.0,1.0,1.0
-0.41362962236769363,1.0005614609766207,0.0003050951971835958,1.0,1.0,1.0
-0.41350349049778856,0.9992457452428825,0.0003055457172695871,1.0,1.0,1.0
-0.4134340436875732,0.9989989905007147,0.0003199562642236955,1.0,1.0,1.0
-0.4132241993077628,0.9987918103177856,0.0003052744455694691,1.0,1.0,1.0
-0.4130963454854921,0.9985113401874243,0.0003181179623492194,1.0,1.0,1.0
-0.4129751744043233,1.0004869841513178,0.0003054231058536277,1.0,1.0,1.0
-0.4129723796837723,0.9991952589914108,0.0003139527423150467,1.0,1.0,1.0
-0.4129655268015995,0.9991371470592206,0.00031941015321589164,1.0,1.0,1.0
-0.41286589660117556,0.9981439799131419,0.00032080907413785457,1.0,1.0,1.0
-0.41285924109639893,0.9993424570447994,0.0003183927741160115,1.0,1.0,1.0
-0.41273162536498376,0.9999047965601054,0.00030506911606374844,1.0,1.0,1.0
-0.41246461901999965,1.0000964958418015,0.0003045592862722921,1.0,1.0,1.0
-0.41233635708158056,0.9990381342141577,0.0003127544964208961,1.0,1.0,1.0
-0.41220293727769786,0.9992265139264118,0.0003192238125964635,1.0,1.0,1.0
-0.4121574242536781,1.0005035015830117,0.0003050823383579474,1.0,1.0,1.0
-0.4119977360671214,0.999020162514786,0.0003056934104292188,1.0,1.0,1.0
-0.41194906225807415,0.9982776519657305,0.0003170665204402645,1.0,1.0,1.0
-0.41189630418956824,0.9990288688816651,0.0003193306118628893,1.0,1.0,1.0
-0.41178330444972744,1.000214593466244,0.0003050171232655767,1.0,1.0,1.0
-0.4116778114918418,0.9993034001769371,0.00030554052731499406,1.0,1.0,1.0
-0.41162189758355794,0.9981015830914748,0.00031426026172291983,1.0,1.0,1.0
-0.41154976242984276,0.9985636387202724,0.0003198108251784278,1.0,1.0,1.0
-0.41140606195801865,0.9998840001199183,0.0003055277982657061,1.0,1.0,1.0
-0.4111597759143706,1.0003574541774154,0.00030534432068289374,1.0,1.0,1.0
-0.4111038599946326,0.9993104619790338,0.0003183125353872854,1.0,1.0,1.0
-0.41104425180682824,0.999522045576274,0.0003194003856655834,1.0,1.0,1.0
-0.4110006553805192,0.9989985113447843,0.0003209088272838696,1.0,1.0,1.0
-0.4109446491311495,0.9984221251053571,0.0003137595620261329,1.0,1.0,1.0
-0.4109147041355641,1.0008232356676316,0.00030498407716057123,1.0,1.0,1.0
-0.41090042751706335,0.999456482085976,0.000318466171961898,1.0,1.0,1.0
-0.4106411476802805,1.0004857890290897,0.0003047625876777326,1.0,1.0,1.0
-0.4105359705585556,0.9991687230438464,0.00030543501856841916,1.0,1.0,1.0
-0.4103237993173252,1.000002696748111,0.0003050641083025892,1.0,1.0,1.0
-0.4103021692736899,0.9985566552859506,0.00031332669183448613,1.0,1.0,1.0
-0.41030215365350386,0.9992571667417363,0.00031907673665363263,1.0,1.0,1.0
-0.41016313233120627,0.9994270192606268,0.0003054385823326852,1.0,1.0,1.0
-0.40997454383879983,0.9986261311728409,0.0003180121833300435,1.0,1.0,1.0
-0.40995796405114504,0.9996983116516662,0.00031922085081000675,1.0,1.0,1.0
-0.40985397489350817,0.9991819156856011,0.00030556417619980527,1.0,1.0,1.0
-0.4096054241884417,0.9989391550651958,0.0003144741342240323,1.0,1.0,1.0
-0.4095886976201939,0.9996996206136161,0.00030542364333804357,1.0,1.0,1.0
-0.40934470495818687,0.999753827099765,0.0003052397426402671,1.0,1.0,1.0
-0.40913847587432883,1.0008726189061254,0.0003209287393603537,1.0,1.0,1.0
-0.409126619717469,0.9989492303268972,0.00031937409229877483,1.0,1.0,1.0
-0.4091147084000397,0.9989519371640179,0.00031808236193179104,1.0,1.0,1.0
-0.40909680158551964,0.9997547451802192,0.00030496531157335623,1.0,1.0,1.0
-0.4089453604075146,0.9991732566200132,0.000318426461315623,1.0,1.0,1.0
-0.40891917759332586,0.9993085361834804,0.00031410806858968966,1.0,1.0,1.0
-0.4088160929952096,1.0003622578308335,0.00030503071299399677,1.0,1.0,1.0
-0.40869016870794894,0.9986759120689939,0.00030551993675124035,1.0,1.0,1.0
-0.40848680336483767,1.000334627505354,0.00030524564967466183,1.0,1.0,1.0
-0.4082695765390252,0.9983754070279429,0.00031334747771791276,1.0,1.0,1.0
-0.4080315615341874,1.000150645622418,0.00030559050075563206,1.0,1.0,1.0
-0.4080233766750325,0.9995866089096956,0.00031923655659549846,1.0,1.0,1.0
-0.4080037068666087,0.99874873440644,0.0003181371083000626,1.0,1.0,1.0
-0.40779201773497675,0.9992904839343504,0.00031974352669955294,1.0,1.0,1.0
-0.40777222601349195,0.9995225455926113,0.000305215074752315,1.0,1.0,1.0
-0.4075913768120074,0.9986692474248736,0.00031448565683146165,1.0,1.0,1.0
-0.40752924055811945,1.0000573235575954,0.0003051517135268381,1.0,1.0,1.0
-0.4072796967493275,0.9990151346217292,0.0003208000101818436,1.0,1.0,1.0
-0.407277888924682,0.9998077247126589,0.00030499750701064505,1.0,1.0,1.0
-0.40721290124295706,0.9986548010331914,0.00031927238705136037,1.0,1.0,1.0
-0.40712896364047424,0.9986880853535128,0.00031774902926528695,1.0,1.0,1.0
-0.406994353103002,0.9986922430189101,0.0003194488215715855,1.0,1.0,1.0
-0.4069890181690994,1.000776030801583,0.0003050271904200106,1.0,1.0,1.0
-0.40689538696515726,0.9981924946340643,0.0003140719762553235,1.0,1.0,1.0
-0.4068479681151018,0.9992140851332808,0.0003056335580859533,1.0,1.0,1.0
-0.4066472641854375,1.0002674666526685,0.0003051755185583886,1.0,1.0,1.0
-0.4065123411355671,0.9981889284865813,0.0003194347624802586,1.0,1.0,1.0
-0.4065007633566893,0.9993313292863535,0.0003056670364396645,1.0,1.0,1.0
-0.40631726113164746,0.998827729217906,0.000316865656665946,1.0,1.0,1.0
-0.4062380111087247,0.997886637677185,0.0003131045923903035,1.0,1.0,1.0
-0.4062105647986698,0.9994652006554031,0.00030549204391415436,1.0,1.0,1.0
-0.4060936653567637,0.9986955471452914,0.00031919990417792285,1.0,1.0,1.0
-0.40595607209843365,0.9997534714797782,0.00030536007021480816,1.0,1.0,1.0
-0.40591872305637366,0.9987793863221319,0.00031967303557003284,1.0,1.0,1.0
-0.4057136313595038,1.000298062812827,0.0003050210469824814,1.0,1.0,1.0
-0.4055798561144215,0.9987416393168167,0.00031499707087119294,1.0,1.0,1.0
-0.4051599050907839,1.0008038332028748,0.0003051248604564089,1.0,1.0,1.0
-0.4050468831730569,0.9975476193177637,0.0003192868464171767,1.0,1.0,1.0
-0.4050077377265211,0.9998932577424846,0.00030575611527662106,1.0,1.0,1.0
-0.40487366690895144,0.9984393149630688,0.0003140957691146255,1.0,1.0,1.0
-0.4048047660693328,1.0007855814597082,0.0003052869830843403,1.0,1.0,1.0
-0.4046726046036042,0.9995962910462466,0.0003056368057357918,1.0,1.0,1.0
-0.4046229692289103,0.9992544816379748,0.00031981722409322604,1.0,1.0,1.0
-0.40432092105864825,0.9980627733900401,0.000317846985725466,1.0,1.0,1.0
-0.4042082887213212,0.9984494188352048,0.0003136029211102318,1.0,1.0,1.0
-0.40416689877666556,0.9974562265744455,0.00031916346025292813,1.0,1.0,1.0
-0.4040486517616273,0.9993095542470084,0.0003209673458843148,1.0,1.0,1.0
-0.4038974321866817,1.0004453450465325,0.0003049849779068381,1.0,1.0,1.0
-0.40363248723707557,1.000076080599494,0.00030428163091008947,1.0,1.0,1.0
-0.40357446575834865,0.9982358406822713,0.0003124925298726025,1.0,1.0,1.0
-0.40357159051021085,0.9995243240547499,0.00032103916563870855,1.0,1.0,1.0
-0.4033974381533767,0.9993392837715672,0.0003192839252072365,1.0,1.0,1.0
-0.40332873750463705,1.0001246265824641,0.00030514457568317277,1.0,1.0,1.0
-0.40316991995476315,0.9985775009776038,0.000305592777481084,1.0,1.0,1.0
-0.4031676920449314,0.998590800645406,0.00031524924119423915,1.0,1.0,1.0
-0.403103256188146,0.998092966180501,0.000319211464612311,1.0,1.0,1.0
-0.40295945221174634,1.0004456138176336,0.00030509745742521294,1.0,1.0,1.0
-0.40285412728162484,0.9986145915609066,0.000314356632940326,1.0,1.0,1.0
-0.4028464712353639,0.9991034580006996,0.000305700905048363,1.0,1.0,1.0
-0.4027376048509552,0.9982392989223096,0.00031967388085922375,1.0,1.0,1.0
-0.4025723639425678,0.9999727292307367,0.0003055637839232054,1.0,1.0,1.0
-0.4023273971305059,0.9979876448816107,0.00031820147638549236,1.0,1.0,1.0
-0.4023251768583975,0.9998195533406138,0.00030527307687064267,1.0,1.0,1.0
-0.40224419087218166,0.9982734606418557,0.0003192472360650831,1.0,1.0,1.0
-0.402182153489008,0.9985639819744807,0.00032095560797511057,1.0,1.0,1.0
-0.4021801139913883,0.9981412273444384,0.0003138513862229853,1.0,1.0,1.0
-0.4021126912095099,0.9984109064106611,0.00031829133537017744,1.0,1.0,1.0
-0.4020806137652926,0.9999659904392697,0.00030477683350898735,1.0,1.0,1.0
-0.40180954907754085,0.9999581399449797,0.0003045696352749881,1.0,1.0,1.0
-0.4017120959841236,0.9988051434172486,0.0003055124301725721,1.0,1.0,1.0
-0.401495780462767,1.0004217645960076,0.00030517194358025665,1.0,1.0,1.0
-0.4014953818165168,0.9985907098546625,0.0003191918419173476,1.0,1.0,1.0
-0.40133453787242956,0.9990235042500106,0.0003052914354717007,1.0,1.0,1.0
-0.40119201644729685,0.9988845659944607,0.00031793475350340455,1.0,1.0,1.0
-0.40116363463441473,0.9991577015239481,0.0003191788513050717,1.0,1.0,1.0
-0.4010219489136375,0.9991460528801552,0.0003054812423226275,1.0,1.0,1.0
-0.4008556481147707,0.9989489144782187,0.00031981749658913414,1.0,1.0,1.0
-0.40083701414693707,0.9982118965866618,0.0003146868288178475,1.0,1.0,1.0
-0.40075471595727663,0.9995654095711917,0.0003054345892576142,1.0,1.0,1.0
-0.40051010768709716,1.0010061054638348,0.0003054178475948369,1.0,1.0,1.0
-0.40033718226132464,0.9984889782193717,0.0003180358456189592,1.0,1.0,1.0
-0.40032540336919453,0.9985296517896203,0.00031918282606197614,1.0,1.0,1.0
-0.40026300801253,1.0004357806814563,0.00030499759555184937,1.0,1.0,1.0
-0.4001565212954432,0.998002021803714,0.0003182582769749944,1.0,1.0,1.0
-0.3999850806960126,1.000016152606627,0.00030472587966572925,1.0,1.0,1.0
-0.39965977759908355,0.9999904354387527,0.0003050693954096226,1.0,1.0,1.0
-0.399506413007348,0.9980675933997284,0.0003131688936442839,1.0,1.0,1.0
-0.3995016103570208,0.9994595267147307,0.0003057465378919605,1.0,1.0,1.0
-0.39922789927670976,0.9988484369538982,0.0003192200976859153,1.0,1.0,1.0
-0.3992200035805382,0.9985935290666577,0.00031806421449658706,1.0,1.0,1.0
-0.399199174299099,0.9990940040329986,0.0003055379986307871,1.0,1.0,1.0
-0.3989774651159337,0.9992223228195084,0.0003197860685284027,1.0,1.0,1.0
-0.39893801297947107,0.9998659198651778,0.00030531975697317573,1.0,1.0,1.0
-0.39882215454126424,0.9983402334418398,0.0003143773577205335,1.0,1.0,1.0
-0.3986947001617409,0.9995876549494779,0.0003051971484998747,1.0,1.0,1.0
-0.398459171086472,0.9987513764934796,0.00032080086850413346,1.0,1.0,1.0
-0.398444585946379,1.0008462449474023,0.0003050897249459231,1.0,1.0,1.0
-0.3984103934758991,0.9990893664430042,0.0003192671135152044,1.0,1.0,1.0
-0.3983503503478687,0.9974337365757525,0.0003176676415806201,1.0,1.0,1.0
-0.39820412269854444,0.9981406014830254,0.0003181847977524812,1.0,1.0,1.0
-0.3981586446212191,1.0000099396697273,0.0003048636997862123,1.0,1.0,1.0
-0.3981294326200455,0.9978761402605587,0.00031393761229517216,1.0,1.0,1.0
-0.398022391807217,0.9990493325699026,0.00030563905514223525,1.0,1.0,1.0
-0.3978210007826988,1.0008920200098907,0.0003052875220688511,1.0,1.0,1.0
-0.3977029143390496,0.9993739268319418,0.00031917809472726226,1.0,1.0,1.0
-0.3976707356553959,0.9992364584074185,0.00030569085455147847,1.0,1.0,1.0
-0.3974747731861452,0.999335147841043,0.0003129856700833019,1.0,1.0,1.0
-0.3973777261155931,0.9991074048440352,0.000305509967640476,1.0,1.0,1.0
-0.39729592700750516,0.9984639552728714,0.0003191304432233119,1.0,1.0,1.0
-0.3971028630452338,0.9988132245196057,0.00031969219112008314,1.0,1.0,1.0
-0.3968792030082966,0.9997500091846095,0.0003050147215492941,1.0,1.0,1.0
-0.39680978838709535,0.9985220992088253,0.0003147702421282868,1.0,1.0,1.0
-0.3964994299958562,0.9980236680133422,0.000319208059969895,1.0,1.0,1.0
-0.3963666951891014,0.9986612561421361,0.0003177638890943798,1.0,1.0,1.0
-0.39633022186467315,0.9997087562225754,0.0003050294822917038,1.0,1.0,1.0
-0.3962555283335405,0.9991200693784097,0.00031957988073377656,1.0,1.0,1.0
-0.39618115542211285,0.9990456273778422,0.00030572372181456064,1.0,1.0,1.0
-0.3959794489749697,1.0002937768142472,0.0003051087147691297,1.0,1.0,1.0
-0.39584220160995187,1.0001871703776475,0.00030578662831901395,1.0,1.0,1.0
-0.39581257919275004,0.9980579946520931,0.00031990088820850644,1.0,1.0,1.0
-0.3955577342471486,0.9995397738780533,0.00030548324042143157,1.0,1.0,1.0
-0.39554583415896616,0.9982958344606997,0.000317666540758769,1.0,1.0,1.0
-0.3954443817041646,0.9982113205059989,0.00031331625965209345,1.0,1.0,1.0
-0.39536855972365004,0.9984768985894328,0.00031918467754381296,1.0,1.0,1.0
-0.39530597299486203,0.999741927550587,0.0003052139114750914,1.0,1.0,1.0
-0.3952866272115898,0.9986055629000268,0.0003181765408366301,1.0,1.0,1.0
-0.39523164296215896,0.9990267685076627,0.00031982454240588704,1.0,1.0,1.0
-0.39506317147467485,1.000215603751931,0.0003050119141551671,1.0,1.0,1.0
-0.3948125612147737,0.9984175575598307,0.0003126163621981276,1.0,1.0,1.0
-0.39480019120321685,1.0007078400414322,0.00030397647470677857,1.0,1.0,1.0
-0.3947490131630502,0.9988143930659183,0.0003208252290378495,1.0,1.0,1.0
-0.3945922221823821,0.9989251046090379,0.00031913470895452545,1.0,1.0,1.0
-0.3944996565957126,1.0007862849993052,0.00030525128365063475,1.0,1.0,1.0
-0.3943426462798527,0.999475168580464,0.000305621738043721,1.0,1.0,1.0
-0.39431062961413943,0.9992291092095847,0.00031953356260817217,1.0,1.0,1.0
-0.39413498654374735,1.000603071095598,0.0003049739082839244,1.0,1.0,1.0
-0.39392571041838664,0.9991971042902048,0.0003199806362084023,1.0,1.0,1.0
-0.3937387711352187,0.9996143252426684,0.00030545996513316843,1.0,1.0,1.0
-0.3935512798709624,0.9981947882780305,0.00031815580584842584,1.0,1.0,1.0
-0.3934907278649291,1.0001029306898657,0.00030530964798457965,1.0,1.0,1.0
-0.3934446957702278,0.9992043962803745,0.00031926218326378106,1.0,1.0,1.0
-0.39341563692634907,0.9987070304233899,0.0003139596150961614,1.0,1.0,1.0
-0.3933641567638517,0.9995242389676118,0.00032095597598380375,1.0,1.0,1.0
-0.39332550040496983,0.998349286162855,0.00031826918693071346,1.0,1.0,1.0
-0.39324671471189276,1.0001961921886553,0.00030483671431895523,1.0,1.0,1.0
-0.3929776298990646,1.0004367036231279,0.0003045981618139691,1.0,1.0,1.0
-0.3927939002967449,0.9990094360224195,0.00031399197315566115,1.0,1.0,1.0
-0.39277757232064303,0.9983110632256543,0.00031288616959984855,1.0,1.0,1.0
-0.3926891677549804,0.9985883674236339,0.0003192656669045979,1.0,1.0,1.0
-0.39266748994077716,1.0003195177586832,0.00030507383946441286,1.0,1.0,1.0
-0.3925064732761143,0.9985159811562887,0.00030524963318175757,1.0,1.0,1.0
-0.39241001164758416,0.997405207589452,0.0003174223607880464,1.0,1.0,1.0
-0.39219037568261683,0.9989452191727552,0.0003056268636290812,1.0,1.0,1.0
-0.3920688648315789,0.9981775961634353,0.0003144788383434976,1.0,1.0,1.0
-0.392042680888153,0.9988640484095509,0.00031987316799251045,1.0,1.0,1.0
-0.3919206836415867,0.9991677048417603,0.00030551167946708265,1.0,1.0,1.0
-0.3916753651939473,1.0006194252017564,0.0003054017355483155,1.0,1.0,1.0
-0.39156000980460703,0.9983949085820775,0.00031825075309057385,1.0,1.0,1.0
-0.39152447535749957,0.997927204949203,0.00031920620347168486,1.0,1.0,1.0
-0.39149978068405744,0.9991721323242544,0.00032097630190763116,1.0,1.0,1.0
-0.3914293874938721,1.0006413174792392,0.0003050504145121768,1.0,1.0,1.0
-0.3913886579265409,0.9986578468595502,0.00031388476669073136,1.0,1.0,1.0
-0.39136809328459776,0.9985758667278127,0.0003182683560000383,1.0,1.0,1.0
-0.3911535917787319,1.000253342868427,0.00030484686097670915,1.0,1.0,1.0
-0.39104085029123326,0.9993728552014962,0.00030554364029695367,1.0,1.0,1.0
-0.390832325807537,1.0002796125837605,0.00030519467347290386,1.0,1.0,1.0
-0.39074381788991985,0.9983495912641797,0.0003134029228091032,1.0,1.0,1.0
-0.39067279454067716,0.9992492599366678,0.0003055915659437758,1.0,1.0,1.0
-0.39043682869474594,0.9982161288199024,0.0003181460323554546,1.0,1.0,1.0
-0.3904327085813577,0.997886730483022,0.0003191008509431853,1.0,1.0,1.0
-0.39036680837187987,0.9994209267429919,0.000305564740705544,1.0,1.0,1.0
-0.39016330327856963,0.998685122098876,0.0003198580138952577,1.0,1.0,1.0
-0.39005320397831156,0.9985255137282992,0.0003146559485614597,1.0,1.0,1.0
-0.38986013490790583,1.0002808256994622,0.0003052061130057651,1.0,1.0,1.0
-0.38963899521314715,0.9992982053461436,0.0003208089806681243,1.0,1.0,1.0
-0.38960845027092716,0.9990370831538391,0.0003192790333732432,1.0,1.0,1.0
-0.3895720987945026,0.9993507789599141,0.0003181866149021315,1.0,1.0,1.0
-0.3894144455417461,0.9987371343007738,0.0003183987020768725,1.0,1.0,1.0
-0.389363700116526,0.9978997560053907,0.0003140656168248699,1.0,1.0,1.0
-0.38932777724158996,1.0006681468203722,0.0003050356266130606,1.0,1.0,1.0
-0.3891961396281829,0.9995268102388538,0.00030563097666301076,1.0,1.0,1.0
-0.3888940385515127,0.9998935557009271,0.0003187990048776215,1.0,1.0,1.0
-0.38884121023636453,1.0000955139956191,0.0003057006247189659,1.0,1.0,1.0
-0.3887114242570533,0.9979192037547976,0.00031324468433484477,1.0,1.0,1.0
-0.38854503120248296,0.9991389633041907,0.000305441285150081,1.0,1.0,1.0
-0.38849930791002407,0.9982032429187867,0.00031926078687040805,1.0,1.0,1.0
-0.3884672073083948,0.998441384695698,0.00031822706113325696,1.0,1.0,1.0
-0.3882875253233635,0.998988661715549,0.00031972596138118785,1.0,1.0,1.0
-0.388287341740579,0.9998320291992658,0.00030533625199903846,1.0,1.0,1.0
-0.38804473157756547,0.9995989016500637,0.0003050228542276628,1.0,1.0,1.0
-0.3880401419359387,0.9987323690287901,0.0003145747611051905,1.0,1.0,1.0
-0.3876960593568697,0.9990404698107854,0.0003194910012696701,1.0,1.0,1.0
-0.3874645917046138,0.9985290050173441,0.00031950341229017987,1.0,1.0,1.0
-0.38735485548446036,0.999014768194167,0.0003057648649220602,1.0,1.0,1.0
-0.3873406000521271,0.999378348488805,0.00031444676473437995,1.0,1.0,1.0
-0.38715395309839096,1.000745138480105,0.0003051939638897875,1.0,1.0,1.0
-0.38701173215153517,0.9993537878266978,0.0003056908797330042,1.0,1.0,1.0
-0.38700245845424774,0.9988066873789277,0.00031967987162916637,1.0,1.0,1.0
-0.38677094266019196,1.00305418974424,0.00031758295344497245,1.0,1.0,1.0
-0.3867244820426379,0.9986755508153572,0.00030545186557308406,1.0,1.0,1.0
-0.38668065425577325,0.999588234215233,0.0003134744572158346,1.0,1.0,1.0
-0.3865710640397708,1.0002401598517705,0.0003192224893046669,1.0,1.0,1.0
-0.38650106084537583,0.9989509485517539,0.0003183052592897669,1.0,1.0,1.0
-0.3864716302381055,1.000003337594139,0.00030538133259793717,1.0,1.0,1.0
-0.3864151496754289,0.9990590610977126,0.00031957301246926615,1.0,1.0,1.0
-0.38622884929969814,1.0009029065718962,0.0003051812893833135,1.0,1.0,1.0
-0.3859674596240552,0.999971133121745,0.00030371834732773,1.0,1.0,1.0
-0.38592662764699526,0.9993806194252419,0.00032105048180189154,1.0,1.0,1.0
-0.38578756722384355,0.998919254709314,0.00031928051776786354,1.0,1.0,1.0
-0.38567032550867,1.0011734724399555,0.0003052126197240796,1.0,1.0,1.0
-0.3855184241549523,0.9987025480029192,0.00031939827732411276,1.0,1.0,1.0
-0.3855155041125613,0.9994401920310542,0.00030573265203331424,1.0,1.0,1.0
-0.38531960830472656,0.9980027287624049,0.0003141193448712558,1.0,1.0,1.0
-0.38531046641122657,1.000353177039406,0.00030514115525771585,1.0,1.0,1.0
-0.38518436786949906,0.9994961340929356,0.0003055632460228956,1.0,1.0,1.0
-0.3851143579593952,0.9985599153189306,0.0003199225303317343,1.0,1.0,1.0
-0.3849052888402582,0.999705802999101,0.0003053813459138625,1.0,1.0,1.0
-0.38477550564452656,0.9987805480761102,0.0003180408009949491,1.0,1.0,1.0
-0.38465601925457804,1.0006047376543237,0.0003053349306272093,1.0,1.0,1.0
-0.3846513523478876,0.9985087680475975,0.000313798592718433,1.0,1.0,1.0
-0.3846454896502536,0.9990330844371571,0.0003193818861043014,1.0,1.0,1.0
-0.38454652920998456,0.9985353809902355,0.00032085194076781015,1.0,1.0,1.0
-0.38453871491337566,0.9989786639440565,0.00031836921435134244,1.0,1.0,1.0
-0.38441259728583077,1.000265663428067,0.00030504495531313033,1.0,1.0,1.0
-0.38414553460063416,1.0001056419069443,0.00030454377505342547,1.0,1.0,1.0
-0.3840154088055705,0.9987129579667152,0.00031279599315007985,1.0,1.0,1.0
-0.38388309665668885,0.9987793760916214,0.0003191420187060301,1.0,1.0,1.0
-0.3838382400615501,1.0010755099699062,0.0003051926596803051,1.0,1.0,1.0
-0.38367852695699867,0.9994406053980277,0.00030577164230256507,1.0,1.0,1.0
-0.38362838924958,0.998432888480106,0.0003173251628579197,1.0,1.0,1.0
-0.38357624654720723,0.9979431429449224,0.00031923476571590437,1.0,1.0,1.0
-0.38346411953153847,1.0001220899361862,0.0003049472392789381,1.0,1.0,1.0
-0.3833587057948762,0.9997576022660364,0.0003057252233630542,1.0,1.0,1.0
-0.38330083411611326,0.99837864481133,0.0003144301316342491,1.0,1.0,1.0
-0.3832301115525354,0.9994100921229746,0.00031976613679813107,1.0,1.0,1.0
-0.38308702225182856,0.9993628422010884,0.0003054048961079293,1.0,1.0,1.0
-0.382840899249004,1.000387119885533,0.0003053575174719165,1.0,1.0,1.0
-0.3827831884281707,0.9992858646918936,0.0003183581662329441,1.0,1.0,1.0
-0.3827241135012116,0.9989540986457833,0.00031927723306920605,1.0,1.0,1.0
-0.38268104274234815,0.9986432345349356,0.0003208734668020146,1.0,1.0,1.0
-0.38259553030991356,0.9999536549957643,0.00030481288849241924,1.0,1.0,1.0
-0.38258007542710004,0.9991845566259036,0.00031852072312847657,1.0,1.0,1.0
-0.38232218637853066,1.0008159925648665,0.00030485982689220796,1.0,1.0,1.0
-0.3822166533461484,0.9993348194419469,0.00030543314184513067,1.0,1.0,1.0
-0.38200459185088675,1.001312939719992,0.00030516710590304535,1.0,1.0,1.0
-0.3819824880835654,0.9984726628550021,0.00031895543678127315,1.0,1.0,1.0
-0.381981232786071,0.9976162551783402,0.0003131730981663759,1.0,1.0,1.0
-0.38184394499279506,0.9998994993878433,0.00030552192221342314,1.0,1.0,1.0
-0.38165404234182176,0.9987116284392806,0.00031800437603372595,1.0,1.0,1.0
-0.3816379428832164,0.9982605384200296,0.0003190909568125023,1.0,1.0,1.0
-0.3815348845244557,0.9989660984294135,0.00030553204952694875,1.0,1.0,1.0
-0.3813495338463895,0.999487884903063,0.0003198086367074566,1.0,1.0,1.0
-0.38128452158362336,0.9985345004481805,0.0003143854682696704,1.0,1.0,1.0
-0.38126980425542456,0.9994622473207576,0.0003053946893305172,1.0,1.0,1.0
-0.38102555078660316,1.000218830069374,0.00030528128348936384,1.0,1.0,1.0
-0.38081903313423027,0.9980182439986431,0.00032088078632254874,1.0,1.0,1.0
-0.38080665678559456,0.9998966576779479,0.0003194535025425544,1.0,1.0,1.0
-0.3806251820879254,0.9986812643903465,0.00031842157817603303,1.0,1.0,1.0
-0.3805980465216159,0.998295851680327,0.0003135634997511302,1.0,1.0,1.0
-0.38037087827908067,0.9990452439385229,0.00030553277888098983,1.0,1.0,1.0
-0.38016770993021964,1.0011632929662122,0.0003052909209995753,1.0,1.0,1.0
-0.3800117758067927,0.9988087335972957,0.00030566726292420533,1.0,1.0,1.0
-0.3799483759269009,0.9985620055526049,0.0003131623351546832,1.0,1.0,1.0
-0.3797124852023046,0.9997297697484797,0.0003055702905780439,1.0,1.0,1.0
-0.37970325369734326,0.9985308763699008,0.0003192383271407879,1.0,1.0,1.0
-0.3796832392524294,0.9996891983311871,0.00031813678481642637,1.0,1.0,1.0
-0.3794725738553666,0.9990615207255455,0.00031969515110150413,1.0,1.0,1.0
-0.37945306207038243,0.9998765665607156,0.0003052354395433828,1.0,1.0,1.0
-0.3792704977537227,0.9980894931120297,0.0003145482978516891,1.0,1.0,1.0
-0.3792103616439704,1.000850163592761,0.00030516092620665164,1.0,1.0,1.0
-0.37896042293917276,0.9986888288094582,0.00032074546384819644,1.0,1.0,1.0
-0.3789586960198221,0.9999275539906882,0.00030496064329771925,1.0,1.0,1.0
-0.37889311369492873,0.9988580232275424,0.0003193336926298184,1.0,1.0,1.0
-0.37880821543434706,0.9988825703595969,0.0003178301507686934,1.0,1.0,1.0
-0.37867407200556613,0.9976940739342938,0.0003193899779667377,1.0,1.0,1.0
-0.37867002132065863,0.9997434450648209,0.0003049270931770817,1.0,1.0,1.0
-0.3785744135291509,0.9985777773048983,0.00031426071720672664,1.0,1.0,1.0
-0.3785287031689677,0.999545427316897,0.0003057257189489209,1.0,1.0,1.0
-0.37832800609652395,1.0004158756395216,0.00030522840540856815,1.0,1.0,1.0
-0.37819260860675286,0.9982375940793007,0.00031944814355952165,1.0,1.0,1.0
-0.3781816166776366,0.9994106445977344,0.0003056112939867723,1.0,1.0,1.0
-0.3779965214768879,0.9988213431533997,0.0003168942197931238,1.0,1.0,1.0
-0.377916963281816,0.9982860174200552,0.0003133289261084154,1.0,1.0,1.0
-0.3778915012131563,0.9992994635448088,0.00030557093202430107,1.0,1.0,1.0
-0.3777735794787418,0.9994198675901125,0.00031916781254485917,1.0,1.0,1.0
-0.3777158939836198,0.9983683045149945,0.0003180804340337666,1.0,1.0,1.0
-0.37763719002794005,1.0001424351514498,0.0003053035923074862,1.0,1.0,1.0
-0.37739461036952093,1.000008132112149,0.00030502491065704444,1.0,1.0,1.0
-0.3772591398549281,0.9991970880442742,0.00031503300051485383,1.0,1.0,1.0
-0.3768408882958738,1.0007041133858339,0.00030515692701018823,1.0,1.0,1.0
-0.37672649961041316,0.997607891724599,0.00031929986234061747,1.0,1.0,1.0
-0.3766884973050537,0.999212216124501,0.00030574273544029743,1.0,1.0,1.0
-0.37655271363119525,0.9982843934290474,0.0003137108402490159,1.0,1.0,1.0
-0.3764854807229199,1.0009884102621203,0.0003051856193689843,1.0,1.0,1.0
-0.37630327219636683,0.9988395465895875,0.0003198120811703771,1.0,1.0,1.0
-0.37600007184949646,0.9988850247647533,0.00031785571905798045,1.0,1.0,1.0
-0.3758872562324296,0.9973701232263326,0.0003135674340898269,1.0,1.0,1.0
-0.3758468496856864,0.9990450332287447,0.00031922718858701487,1.0,1.0,1.0
-0.375821611001129,1.0000213778448737,0.00030531419744988093,1.0,1.0,1.0
-0.3757523337464619,0.9988026739526409,0.00031808603048943994,1.0,1.0,1.0
-0.37572913543735353,0.999482304038838,0.0003209617034032242,1.0,1.0,1.0
-0.37557840615460236,1.000405699254623,0.000304992693161812,1.0,1.0,1.0
-0.3752533751846556,0.9992745836246081,0.0003126211853578379,1.0,1.0,1.0
-0.37525237510755005,0.9990840562487051,0.0003210110956080708,1.0,1.0,1.0
-0.3750775852599304,0.9990397236529626,0.0003193119072023188,1.0,1.0,1.0
-0.37500956070414304,1.0008067073810547,0.00030523032819388204,1.0,1.0,1.0
-0.3748507030899191,0.9997445344778098,0.0003057621811160079,1.0,1.0,1.0
-0.3748472852483502,0.9991860736883921,0.000315505219339588,1.0,1.0,1.0
-0.37478304768663406,0.9987355505674457,0.0003192782760326862,1.0,1.0,1.0
-0.37463999979081564,1.0003072587201336,0.00030508805728171205,1.0,1.0,1.0
-0.3745331949789339,0.9984352398795998,0.0003141780999154501,1.0,1.0,1.0
-0.374527360052582,0.9994845128219675,0.0003055261450576713,1.0,1.0,1.0
-0.3744179426692824,0.9986419294592406,0.0003198447284380984,1.0,1.0,1.0
-0.374253321342195,0.9991064685380144,0.00030545281061158486,1.0,1.0,1.0
-0.3740067158832474,0.9986310229398293,0.0003182134064856151,1.0,1.0,1.0
-0.3740061613642922,1.0006438991253654,0.0003053998464513943,1.0,1.0,1.0
-0.37392404030421744,0.9982945163885089,0.0003192044355358912,1.0,1.0,1.0
-0.3738626691113609,0.9981337971788792,0.0003208771746282311,1.0,1.0,1.0
-0.3738590979497758,0.9993371238620119,0.00031381890561560616,1.0,1.0,1.0
-0.37379232716980937,0.9986030466646396,0.0003182888120427195,1.0,1.0,1.0
-0.3737615810777015,1.000485638989926,0.00030497058423324506,1.0,1.0,1.0
-0.37349045444284457,1.001528562248238,0.00030480288577034825,1.0,1.0,1.0
-0.373392631129434,0.9992555309361426,0.00030530509981997874,1.0,1.0,1.0
-0.3732187914320244,0.9985608092157499,0.00031326250824325073,1.0,1.0,1.0
-0.3731767194184954,1.0008157877819792,0.0003051387587732448,1.0,1.0,1.0
-0.37317556538744157,0.9986162776072168,0.0003191638587799665,1.0,1.0,1.0
-0.3730154821928977,0.9991244998444003,0.00030535188821643577,1.0,1.0,1.0
-0.3728716425654568,0.9984951436298309,0.0003178939183038016,1.0,1.0,1.0
-0.37284346259725965,0.9980916999337464,0.0003190736594178093,1.0,1.0,1.0
-0.3727029923110763,0.9994728551583889,0.00030560727706560836,1.0,1.0,1.0
-0.37253602046126844,0.9983580032972895,0.0003197760571464832,1.0,1.0,1.0
-0.37251596519060115,0.9980531874582927,0.0003147103344258018,1.0,1.0,1.0
-0.37243568174693564,1.0000632488357346,0.0003054639868883284,1.0,1.0,1.0
-0.3721910923442522,1.0002125952478707,0.0003052673394998393,1.0,1.0,1.0
-0.3720166696213383,0.9983987725145915,0.00031801955520656785,1.0,1.0,1.0
-0.3720054281749725,0.9994753147984141,0.00031923120534724074,1.0,1.0,1.0
-0.37194410570310765,1.0002577762999838,0.0003049206435796628,1.0,1.0,1.0
-0.3718363313488027,0.9983509891659468,0.00031830196894956967,1.0,1.0,1.0
-0.371832745297759,0.9974442154986655,0.00031388744292198067,1.0,1.0,1.0
-0.37166583095677197,0.9997641662911304,0.0003047101972240274,1.0,1.0,1.0
-0.3715460575576799,0.9992239365252903,0.00030545847705738057,1.0,1.0,1.0
-0.371340415128941,1.0007724795759814,0.000305206443650638,1.0,1.0,1.0
-0.3712776675997702,0.9975795696576835,0.00031881709215624053,1.0,1.0,1.0
-0.37118548506101945,0.9973664758924305,0.0003130206547688258,1.0,1.0,1.0
-0.371182437227219,0.9997368324468109,0.0003057160392568045,1.0,1.0,1.0
-0.37090762542980826,0.9989778491271697,0.0003192773330572686,1.0,1.0,1.0
-0.3708995243393076,0.9993222910482443,0.0003181097546780148,1.0,1.0,1.0
-0.37088009362094,0.99992391065755,0.0003055299001601349,1.0,1.0,1.0
-0.3706580102647479,0.9994092367189276,0.0003196953470215679,1.0,1.0,1.0
-0.37061898554568984,0.9998510495711507,0.0003052926289944147,1.0,1.0,1.0
-0.370501406012437,0.9985294234023405,0.0003145649966535467,1.0,1.0,1.0
-0.3703756834474632,1.0002767227299842,0.0003051640741212989,1.0,1.0,1.0
-0.370139748665963,0.9989193119937214,0.0003208060054842214,1.0,1.0,1.0
-0.37012553521822156,1.000138255468317,0.00030505653070614076,1.0,1.0,1.0
-0.37009045540149543,0.9986531511012358,0.00031927600819173175,1.0,1.0,1.0
-0.37002959182562734,0.9975805218451563,0.000317802339757293,1.0,1.0,1.0
-0.36983937688177093,1.0001773989323093,0.0003049396260148169,1.0,1.0,1.0
-0.36980831428464,0.9979101320583603,0.00031402320153884564,1.0,1.0,1.0
-0.3697029798843232,0.9996337863125397,0.0003056575175434246,1.0,1.0,1.0
-0.3693833087900771,0.9980488499597281,0.0003190484111712662,1.0,1.0,1.0
-0.3693517212907125,0.9990573003283548,0.0003055563595242453,1.0,1.0,1.0
-0.36915358192204195,0.9990812956590228,0.00031303238894649674,1.0,1.0,1.0
-0.3690587971032926,1.0001260405867372,0.00030555609001214516,1.0,1.0,1.0
-0.36897582854442135,0.998034991513407,0.00031907860100661306,1.0,1.0,1.0
-0.3689309860731953,0.9978746146346577,0.0003179802878241917,1.0,1.0,1.0
-0.3688026583442934,0.999937995492926,0.0003052626459350083,1.0,1.0,1.0
-0.36878330283465743,0.9985751978371049,0.00031958532933418557,1.0,1.0,1.0
-0.36856004479298576,1.0000403186085711,0.0003050397791136557,1.0,1.0,1.0
-0.36848906406027027,0.9989766183524673,0.0003146542959621078,1.0,1.0,1.0
-0.3681793897890202,0.9986212812016162,0.00031940817798887595,1.0,1.0,1.0
-0.36804596829080083,0.9982361808034736,0.0003177364503031989,1.0,1.0,1.0
-0.3680109346224185,1.0008864482618351,0.0003050148384891656,1.0,1.0,1.0
-0.3679351331539351,0.9979946089715468,0.0003194967908754601,1.0,1.0,1.0
-0.3678617683466143,0.9988183215352644,0.00030562956015664695,1.0,1.0,1.0
-0.3677860564498836,0.9984063531742942,0.00031400352941316764,1.0,1.0,1.0
-0.36766017273453144,1.000382909022803,0.00030513541618447403,1.0,1.0,1.0
-0.3675229287678974,0.9992691195704201,0.0003056663335239895,1.0,1.0,1.0
-0.3674927316338312,0.9995119024105733,0.000319842374890283,1.0,1.0,1.0
-0.36723867825503476,0.9997574573462589,0.0003055201550113264,1.0,1.0,1.0
-0.3672249749564003,0.9978098977650065,0.00031770829741788057,1.0,1.0,1.0
-0.36712334404209734,0.998167247532871,0.00031330833345943323,1.0,1.0,1.0
-0.3670486372998738,0.9983212288742683,0.0003191657099812281,1.0,1.0,1.0
-0.36698709334456225,1.0000765168446348,0.0003052537817856463,1.0,1.0,1.0
-0.3669663553008462,0.9989731218934436,0.000318162426051462,1.0,1.0,1.0
-0.3667441472678661,1.00067544007824,0.00030505367619791755,1.0,1.0,1.0
-0.3664914670813695,0.9981494707046698,0.00031266514290820334,1.0,1.0,1.0
-0.36648097757540654,1.0009209463703743,0.00030400290683222844,1.0,1.0,1.0
-0.36647931559455316,0.9968005624332097,0.0003143070708501779,1.0,1.0,1.0
-0.36642964947270684,0.9985862155708919,0.00032087102893910857,1.0,1.0,1.0
-0.3662724959561672,0.9996541069513573,0.00031923314034945063,1.0,1.0,1.0
-0.3661804870054084,1.0009697780377669,0.0003051905683157677,1.0,1.0,1.0
-0.36602328340634926,0.9992155358257341,0.00030569586742575035,1.0,1.0,1.0
-0.36599040917298,0.9989290888774134,0.00031958391882638414,1.0,1.0,1.0
-0.36581582082578734,1.0004093030395425,0.0003050455637645167,1.0,1.0,1.0
-0.36560603662985613,0.9991058609961412,0.0003200052451747522,1.0,1.0,1.0
-0.3654195868624015,0.9998293556585173,0.0003054935296754004,1.0,1.0,1.0
-0.36523058895298277,0.9982568872491441,0.00031818426329533194,1.0,1.0,1.0
-0.3651717119573732,0.9999189781749791,0.00030523691774989167,1.0,1.0,1.0
-0.36512467153670514,0.9982285861529563,0.0003191755256938851,1.0,1.0,1.0
-0.3650946153989487,0.9986310262895992,0.0003140177294491332,1.0,1.0,1.0
-0.36504452315062963,0.9992065658628473,0.0003209908749766978,1.0,1.0,1.0
-0.3650051247583974,0.9990590805915219,0.00031829356639856275,1.0,1.0,1.0
-0.36492754581743725,1.0001870331018445,0.0003048138164257626,1.0,1.0,1.0
-0.36465854038715406,1.0001286930683007,0.0003045821485086475,1.0,1.0,1.0
-0.36447322631008205,0.998207406910787,0.0003140852863851238,1.0,1.0,1.0
-0.3644564893201583,0.9984893195146302,0.00031301373114429046,1.0,1.0,1.0
-0.36436920079952984,0.9986357340955418,0.00031913988858964123,1.0,1.0,1.0
-0.3643482979737769,1.0005536135504025,0.0003051742537265756,1.0,1.0,1.0
-0.3641871329911339,0.9988007097421576,0.00030524540855812065,1.0,1.0,1.0
-0.36408962680424395,0.9979839299112422,0.00031740361824994333,1.0,1.0,1.0
-0.3640495449271697,0.9986853688868,0.0003191894277861903,1.0,1.0,1.0
-0.36387113671329985,0.9999006272509223,0.0003056585763582331,1.0,1.0,1.0
-0.363723041627793,0.9981069353538872,0.0003198200684702639,1.0,1.0,1.0
-0.36360178543642974,1.0000009311987823,0.00030551208552758336,1.0,1.0,1.0
-0.36335634993176313,0.9998635525729194,0.00030534259476907563,1.0,1.0,1.0
-0.363239487161124,0.9974276222941185,0.00031814883375726535,1.0,1.0,1.0
-0.36320448822363005,0.9990776013860438,0.00031919694318908375,1.0,1.0,1.0
-0.36318045587827896,0.9993574271448024,0.0003210432611932557,1.0,1.0,1.0
-0.36311034948181486,1.0004321608970548,0.00030504700313618675,1.0,1.0,1.0
-0.36306765367331906,0.9981021524077933,0.00031381843904932727,1.0,1.0,1.0
-0.3630478917210098,0.9983112275979467,0.0003182763099758034,1.0,1.0,1.0
-0.3628344862632389,1.000684749804704,0.00030479608211839555,1.0,1.0,1.0
-0.36272168102365754,0.9998113543750142,0.00030563570753989225,1.0,1.0,1.0
-0.3625131101528041,1.0007907272507974,0.0003052156216714062,1.0,1.0,1.0
-0.3624698978436811,0.9986808687070912,0.00031897992378782054,1.0,1.0,1.0
-0.3624227471517836,0.9982377350031605,0.00031325651705669904,1.0,1.0,1.0
-0.3623534758660867,0.9995218786456717,0.00030551232258306234,1.0,1.0,1.0
-0.3621163388147153,0.9985003038910613,0.0003181651430969261,1.0,1.0,1.0
-0.36211242280487,0.9986999726957971,0.0003190999781029957,1.0,1.0,1.0
-0.3620478616013827,0.9998664849901686,0.0003055380548800152,1.0,1.0,1.0
-0.36184369854640863,0.9991750823608547,0.00031984803389940706,1.0,1.0,1.0
-0.36178470232584914,0.999619982505488,0.0003053235754571795,1.0,1.0,1.0
-0.3617324477048456,0.9979002279289769,0.00031443706854690376,1.0,1.0,1.0
-0.3615412573652179,1.0003536441649912,0.0003052303090482977,1.0,1.0,1.0
-0.36131956279922406,0.9988924953339532,0.00032075302936971706,1.0,1.0,1.0
-0.3612921133274085,1.0011575952300056,0.00030511484276595456,1.0,1.0,1.0
-0.36128836132731124,0.9985114924274182,0.00031921817440461555,1.0,1.0,1.0
-0.3612513299460858,0.9982886413899893,0.0003180437282005908,1.0,1.0,1.0
-0.3610941408877153,0.9979324210261217,0.0003183849044942457,1.0,1.0,1.0
-0.36104257533733985,0.9979088148709879,0.0003141135371037623,1.0,1.0,1.0
-0.3610087927966106,1.0008449307437235,0.0003050020579311602,1.0,1.0,1.0
-0.3605219120528034,0.9996500588508395,0.0003057002625864797,1.0,1.0,1.0
-0.3603903669207753,0.9986822058072357,0.0003132502441358646,1.0,1.0,1.0
-0.3602259592269661,0.9997391986963926,0.0003054816156847835,1.0,1.0,1.0
-0.36017933611417163,0.9981814079310729,0.0003192711956802392,1.0,1.0,1.0
-0.3601466123916879,0.9982459230962673,0.0003181736165426346,1.0,1.0,1.0
-0.3599684566045198,1.0001442170776358,0.000305365701810297,1.0,1.0,1.0
-0.35996795414123994,0.9991512675060955,0.00031971629474204875,1.0,1.0,1.0
-0.3597257130985554,1.0004843350391588,0.000305122667031493,1.0,1.0,1.0
-0.3597192709550683,0.9986736847532048,0.00031428450295926713,1.0,1.0,1.0
-0.35937614579708566,0.9990148099917617,0.0003194207152081013,1.0,1.0,1.0
-0.35918102409914354,1.0006256804934883,0.0003051316298453566,1.0,1.0,1.0
-0.3591441842727363,0.9995769662206812,0.0003195832088904214,1.0,1.0,1.0
-0.359035598928358,0.999605034862146,0.00030575068175652404,1.0,1.0,1.0
-0.3590194949572343,0.998495831719901,0.00031442336595632246,1.0,1.0,1.0
-0.35883468589338463,1.0009983997551966,0.0003052708052393671,1.0,1.0,1.0
-0.35869259176502055,0.9998580322137025,0.0003056903314706986,1.0,1.0,1.0
-0.35868259926832025,0.9980730269769201,0.0003196512694607535,1.0,1.0,1.0
-0.358450212686229,0.9984446206355004,0.00031711213245404603,1.0,1.0,1.0
-0.35840556092625775,0.999689264733165,0.000305525793286772,1.0,1.0,1.0
-0.3583594728439028,0.9986649571942607,0.0003132430112876555,1.0,1.0,1.0
-0.3582508518272931,0.9988888408929761,0.00031912447334730217,1.0,1.0,1.0
-0.35818063905365705,0.9991641143098772,0.0003183353575630423,1.0,1.0,1.0
-0.3581524722647771,1.0005386423475269,0.0003053564970931745,1.0,1.0,1.0
-0.358095750004793,0.9981911177327301,0.000319543565952998,1.0,1.0,1.0
-0.35790996537372166,1.0005904993625305,0.0003050773841924263,1.0,1.0,1.0
-0.35764852761678867,1.0010067797266977,0.000303721591230645,1.0,1.0,1.0
-0.35760739320545554,0.9993372268533107,0.0003210215554098186,1.0,1.0,1.0
-0.35746782904789143,0.9974992196601964,0.00031920529654348636,1.0,1.0,1.0
-0.35735130157411277,1.0006406317862904,0.0003051315994397824,1.0,1.0,1.0
-0.35719819146152076,0.998332842990337,0.0003194050403149179,1.0,1.0,1.0
-0.35719627175845403,0.9999425530533083,0.00030578734535809614,1.0,1.0,1.0
-0.356998800733102,0.998382962402413,0.00031423362692183755,1.0,1.0,1.0
-0.35699117154530313,1.0009952152339139,0.00030517731514407214,1.0,1.0,1.0
-0.35686510695700235,0.9995334567600185,0.00030559345394235343,1.0,1.0,1.0
-0.35679467286649924,0.999344296314425,0.00031992661124575225,1.0,1.0,1.0
-0.35658623993731453,1.000049635359074,0.0003054017181568429,1.0,1.0,1.0
-0.3564548050356606,0.998462838999718,0.000318145568086328,1.0,1.0,1.0
-0.35633700271171165,1.000524557238835,0.00030540515963212574,1.0,1.0,1.0
-0.35633046394158185,0.9983617513774922,0.0003138142898044069,1.0,1.0,1.0
-0.356325591741097,0.9989929331056184,0.0003193700191234917,1.0,1.0,1.0
-0.35622702385728644,0.9993724333543883,0.00032084869161917403,1.0,1.0,1.0
-0.356218327962452,0.998851185017406,0.00031837960162751954,1.0,1.0,1.0
-0.35609356915625767,1.0008828523013202,0.00030512558555686266,1.0,1.0,1.0
-0.3558265886267691,1.0004273285831724,0.00030457552560520564,1.0,1.0,1.0
-0.35556311775150107,0.998933617926864,0.00031917272825978727,1.0,1.0,1.0
-0.35551919427462053,1.0006720409880419,0.00030506733993576905,1.0,1.0,1.0
-0.3553593178367862,0.9996078349679135,0.000305722688245224,1.0,1.0,1.0
-0.35530785482778526,0.9977610789200569,0.0003171174576063461,1.0,1.0,1.0
-0.35525605031813257,0.9988028154960921,0.00031921664395302576,1.0,1.0,1.0
-0.3551446571877932,1.0009667321369122,0.00030509672046876975,1.0,1.0,1.0
-0.35503960009788216,0.9997939716745358,0.00030569135839409367,1.0,1.0,1.0
-0.3549103227137209,0.9983360965622392,0.00031967910461001684,1.0,1.0,1.0
-0.3547678439589106,1.00012725667788,0.0003055122314258755,1.0,1.0,1.0
-0.3545218839162203,1.0006497892159432,0.00030536073327376627,1.0,1.0,1.0
-0.3544625175070948,0.999312593014322,0.00031828442123511775,1.0,1.0,1.0
-0.3544041137823086,0.9984953878821389,0.0003192200867066303,1.0,1.0,1.0
-0.35436156901360505,0.9989969489797965,0.00032097865311451524,1.0,1.0,1.0
-0.35430276727176135,0.9982390570517479,0.00031364235570767744,1.0,1.0,1.0
-0.3542764950004198,1.0005878539583968,0.00030499340184753033,1.0,1.0,1.0
-0.354259723327047,0.9988730238436561,0.0003184372236804276,1.0,1.0,1.0
-0.3540030862984054,1.000024841224497,0.00030478434090128864,1.0,1.0,1.0
-0.35389733644638,0.9999286369274382,0.0003055545069590876,1.0,1.0,1.0
-0.35368552273928344,1.000844945846559,0.00030513800200030714,1.0,1.0,1.0
-0.35366268391680933,0.9975269389270249,0.00031889202990974616,1.0,1.0,1.0
-0.3536601576915741,0.9982513614153207,0.00031327016760004104,1.0,1.0,1.0
-0.3535248965739015,0.9991206542720823,0.00030541763239554304,1.0,1.0,1.0
-0.3533335411574541,0.998389592744429,0.00031794593608900224,1.0,1.0,1.0
-0.3533176448343056,0.9985632302337355,0.0003191400561634378,1.0,1.0,1.0
-0.35321565573005387,0.9995356769076077,0.00030554328320500315,1.0,1.0,1.0
-0.35302991780986304,0.9991804807920398,0.00031985046494212207,1.0,1.0,1.0
-0.3529636192914154,0.9988444718141278,0.0003144354421385688,1.0,1.0,1.0
-0.3529506340298667,1.0002306753095682,0.0003054611797794784,1.0,1.0,1.0
-0.3527065351210581,1.0002496471295523,0.0003052529724576758,1.0,1.0,1.0
-0.35249972930353124,0.9982620163620717,0.0003209117797511081,1.0,1.0,1.0
-0.35248655557963104,0.9991755055177931,0.0003193592823699579,1.0,1.0,1.0
-0.3524734269015397,0.997632317389946,0.00031790318094075795,1.0,1.0,1.0
-0.3524585749544258,0.9999484347662237,0.00030499965477965424,1.0,1.0,1.0
-0.35230486580682907,0.998919535621856,0.00031839091414005135,1.0,1.0,1.0
-0.352277054359309,0.9989385365409689,0.0003141515207136287,1.0,1.0,1.0
-0.35217799754900625,1.0010016906492538,0.00030502711075242533,1.0,1.0,1.0
-0.35205158784017954,0.9989297744739075,0.00030555664735231326,1.0,1.0,1.0
-0.35184847757608395,1.0001025157239287,0.0003052093577460524,1.0,1.0,1.0
-0.35169260960481097,0.9990381398805825,0.0003056204606306306,1.0,1.0,1.0
-0.35162731406283143,0.9982024862627678,0.00031322775916302423,1.0,1.0,1.0
-0.35139340903174343,0.9998127314280463,0.0003055244338688926,1.0,1.0,1.0
-0.35138326962906774,0.9982321383087233,0.00031914609573666124,1.0,1.0,1.0
-0.3513626330313713,0.9984901577209514,0.0003181270314502766,1.0,1.0,1.0
-0.3511528531048498,0.9983473991472682,0.00031951420478772813,1.0,1.0,1.0
-0.3511340365727733,0.9999488658430981,0.000305241313207721,1.0,1.0,1.0
-0.3509497572922271,0.9983614380344066,0.00031409540561445275,1.0,1.0,1.0
-0.35089120552615327,1.000707730919508,0.0003051742231321917,1.0,1.0,1.0
-0.3506408722480785,0.9994030837847674,0.00032074627624387354,1.0,1.0,1.0
-0.35063978023794107,1.0004273569400195,0.0003049719395192047,1.0,1.0,1.0
-0.3505731878727971,0.9986825599674188,0.0003193077277857544,1.0,1.0,1.0
-0.3503507471273224,1.0008669647160318,0.0003049634545664658,1.0,1.0,1.0
-0.35025344024440486,0.9981007385200742,0.0003142038221292833,1.0,1.0,1.0
-0.3502095771422944,0.9996950430411804,0.0003056776543538703,1.0,1.0,1.0
-0.35000860917887167,1.0007745125703487,0.000305249179102794,1.0,1.0,1.0
-0.3498728764006387,0.9992880329186212,0.00031941067295562407,1.0,1.0,1.0
-0.3498626085954015,0.9997403977453099,0.00030564096931272013,1.0,1.0,1.0
-0.34967564354802505,0.9977919998151946,0.00031684137962847107,1.0,1.0,1.0
-0.3495959156162538,0.9981740386759049,0.00031314214439384517,1.0,1.0,1.0
-0.3495724376377325,1.0002959078263207,0.00030551930355063734,1.0,1.0,1.0
-0.349453355013992,0.998236183421032,0.0003191548155614276,1.0,1.0,1.0
-0.3493954608875498,0.9972534330131794,0.0003179365095320267,1.0,1.0,1.0
-0.3493181694514078,1.0006815407914065,0.000305319452797904,1.0,1.0,1.0
-0.34927948662698327,0.9990046368229601,0.00031965520928910044,1.0,1.0,1.0
-0.3490754507020597,1.0005235226747313,0.00030508202209109185,1.0,1.0,1.0
-0.34893828499863844,0.9981604060813211,0.0003149290037341715,1.0,1.0,1.0
-0.3485215941157094,1.000883499008047,0.0003051096792848397,1.0,1.0,1.0
-0.34840639388673367,0.9988528482787425,0.00031936270023506433,1.0,1.0,1.0
-0.3483692572163761,0.9996183103363546,0.00030573862106855016,1.0,1.0,1.0
-0.34816619512434954,1.0011270216768995,0.00030528387074054856,1.0,1.0,1.0
-0.34803448680079896,1.0003302397316978,0.0003057651687685538,1.0,1.0,1.0
-0.3479837140933739,0.9981750135751815,0.00031983082055299784,1.0,1.0,1.0
-0.34767936124722354,0.9976355532568227,0.00031775829747688884,1.0,1.0,1.0
-0.34756608529800914,0.997970264095918,0.00031358718966566744,1.0,1.0,1.0
-0.3475269395242577,0.9984047588412637,0.00031910201054179805,1.0,1.0,1.0
-0.34750245512535116,1.0003965483940265,0.00030534905564340656,1.0,1.0,1.0
-0.3474319351785624,0.9977564227746113,0.00031813939250113847,1.0,1.0,1.0
-0.3474097577098689,0.9989062422200636,0.00032092246284823594,1.0,1.0,1.0
-0.34725924145516274,1.0013871798087999,0.0003050617839847242,1.0,1.0,1.0
-0.3469943278169012,1.0003600136901005,0.0003043182947464837,1.0,1.0,1.0
-0.3469330214207389,0.9992535746588844,0.00032110200634175327,1.0,1.0,1.0
-0.3469321461654311,0.9983646439681569,0.0003121715302269412,1.0,1.0,1.0
-0.34675759442518483,0.9983514202094299,0.00031932558389300146,1.0,1.0,1.0
-0.34669024509514657,1.0006772088114355,0.00030524312850571173,1.0,1.0,1.0
-0.34653162515465397,0.999252664244246,0.00030567033165882596,1.0,1.0,1.0
-0.34652660158089077,0.9990509285306916,0.00031547103862750777,1.0,1.0,1.0
-0.34646297810461135,0.9992331982507457,0.0003192738954240574,1.0,1.0,1.0
-0.34632068571460195,1.0006207723077176,0.0003051053537749559,1.0,1.0,1.0
-0.3462124015957322,0.9981375982993042,0.00031445852718193937,1.0,1.0,1.0
-0.3462083876380291,0.9996585239633118,0.00030573280894666944,1.0,1.0,1.0
-0.34609814222361024,0.9990946560492022,0.00031984748586156425,1.0,1.0,1.0
-0.345934278893111,0.9995654243051757,0.00030543223415521866,1.0,1.0,1.0
-0.34568728437622553,1.0001730962911706,0.00030528685871551226,1.0,1.0,1.0
-0.3455431850564423,0.9993790033866922,0.000320963347976537,1.0,1.0,1.0
-0.34553822066630246,0.9977377875829833,0.0003137596491438744,1.0,1.0,1.0
-0.3454721020495981,0.9985534444804562,0.00031830815130990216,1.0,1.0,1.0
-0.34544268687591284,1.0010577064266504,0.00030482042139251347,1.0,1.0,1.0
-0.3451713596670629,1.0007125590364698,0.0003048748324167357,1.0,1.0,1.0
-0.3450734437910228,0.9994981245612605,0.00030538601118858385,1.0,1.0,1.0
-0.3448977123038617,0.9980788622535373,0.0003131778843642769,1.0,1.0,1.0
-0.34485738094866747,1.0004680398466188,0.00030508893776152665,1.0,1.0,1.0
-0.34485588821061697,0.9989176015367675,0.0003191181715224807,1.0,1.0,1.0
-0.3446962879266664,0.9990696348981984,0.00030541468671895286,1.0,1.0,1.0
-0.34455113040949925,0.9985921634140954,0.00031798135084246153,1.0,1.0,1.0
-0.3445232912054905,0.9987352631210968,0.0003191677757082525,1.0,1.0,1.0
-0.34438389710160777,1.0000860267950535,0.00030563088745664657,1.0,1.0,1.0
-0.3442163931405844,0.9998389334524352,0.000319869633234476,1.0,1.0,1.0
-0.34419519408332633,0.9976746055455338,0.0003146850552810459,1.0,1.0,1.0
-0.3441167861233225,1.0003449673746678,0.0003054919423601047,1.0,1.0,1.0
-0.34387193840461805,1.000109230798983,0.00030527266688267635,1.0,1.0,1.0
-0.3436854533135403,0.9982278481881705,0.000319205641562992,1.0,1.0,1.0
-0.3436250646657868,0.9999832506632558,0.00030493809803736337,1.0,1.0,1.0
-0.3435158645312697,0.998535485105735,0.0003183137379463812,1.0,1.0,1.0
-0.3435117470143645,0.9979650298459218,0.0003139833495643465,1.0,1.0,1.0
-0.3433467196429092,1.0002046668357032,0.0003047758688760997,1.0,1.0,1.0
-0.3432267584060469,0.9984854420203838,0.0003054294818163299,1.0,1.0,1.0
-0.3428634028454667,0.9993652736329677,0.0003056493500800576,1.0,1.0,1.0
-0.34258762942187104,0.9984627155244138,0.00031920419029172694,1.0,1.0,1.0
-0.3425790457535527,0.9983556658877935,0.0003179821168465454,1.0,1.0,1.0
-0.3425611515294804,0.9995886940695524,0.0003055284098896191,1.0,1.0,1.0
-0.34233827823007346,0.9984743588277968,0.00031964810055475437,1.0,1.0,1.0
-0.3422998196664082,1.0005983582647888,0.000305399212314019,1.0,1.0,1.0
-0.3421803803001069,0.9983570500005339,0.00031429315600925623,1.0,1.0,1.0
-0.3420568053299462,0.9998233557739495,0.000305112479715928,1.0,1.0,1.0
-0.3418064843992852,1.0007274768470247,0.00030504244464942253,1.0,1.0,1.0
-0.34177051731701624,0.9987783600722833,0.0003192856662840016,1.0,1.0,1.0
-0.3417089722127997,0.9983892448314318,0.00031776174495897863,1.0,1.0,1.0
-0.34152024754746435,1.000708563820222,0.0003049821495324525,1.0,1.0,1.0
-0.34148733455611335,0.9981931080833021,0.00031405757854814273,1.0,1.0,1.0
-0.341383706870829,0.9999732821463266,0.0003057284315599602,1.0,1.0,1.0
-0.3410635646543767,0.9984448148764686,0.00031922604170718657,1.0,1.0,1.0
-0.3410325683191502,0.9999558840472028,0.00030569291823626707,1.0,1.0,1.0
-0.34083252941607967,0.9984310264006042,0.0003127667575662736,1.0,1.0,1.0
-0.3407395908873525,0.999970571768029,0.0003055972054807964,1.0,1.0,1.0
-0.34065559214002405,0.9985118302278662,0.000319162049420744,1.0,1.0,1.0
-0.3406106799670283,0.9987316176336835,0.00031810783187975696,1.0,1.0,1.0
-0.3404837748216778,1.0001115135693368,0.0003052974142817871,1.0,1.0,1.0
-0.3404637429568709,0.998516748087018,0.0003195954592346199,1.0,1.0,1.0
-0.3402411637006537,1.0007129736287013,0.0003050888254320495,1.0,1.0,1.0
-0.3401682011467315,0.9989867781772275,0.0003147053132451605,1.0,1.0,1.0
-0.339859627411073,0.9991498848742654,0.00031939534577419003,1.0,1.0,1.0
-0.3397255188987174,0.9971990012462375,0.0003175968837497669,1.0,1.0,1.0
-0.33969192440230245,1.0006782888608505,0.00030505462073749723,1.0,1.0,1.0
-0.33961501517799775,0.9987212105108366,0.0003195763245329555,1.0,1.0,1.0
-0.3395426587773045,0.9997087194847037,0.00030572288897508704,1.0,1.0,1.0
-0.33946509672834324,0.9978808137824735,0.0003139556986630076,1.0,1.0,1.0
-0.33934103492953227,1.0014534957761576,0.0003052580929623112,1.0,1.0,1.0
-0.33920393327068155,0.9996061076240066,0.0003056860920868855,1.0,1.0,1.0
-0.3391731619038012,0.9984450335405632,0.0003197971459077553,1.0,1.0,1.0
-0.3389194838173921,0.9998078258128165,0.0003054993911407976,1.0,1.0,1.0
-0.338904254985934,0.9985617699963115,0.00031770151568497865,1.0,1.0,1.0
-0.33880230639011266,0.9976003919903497,0.000313368418949559,1.0,1.0,1.0
-0.3387285762692329,0.9983901502377869,0.00031913477819639995,1.0,1.0,1.0
-0.33866807517816255,1.0001038521282264,0.0003052887532649855,1.0,1.0,1.0
-0.3386459451260748,0.9981210933402945,0.0003181466623453705,1.0,1.0,1.0
-0.3384251230509392,1.0001029199499558,0.0003049881756470988,1.0,1.0,1.0
-0.33817023452260253,0.9981640026011558,0.0003125744421324622,1.0,1.0,1.0
-0.3381619024233373,1.0008571069213852,0.00030404449757671736,1.0,1.0,1.0
-0.33815847752840966,0.9979742996678911,0.0003143730484858544,1.0,1.0,1.0
-0.33811028643788177,0.9997588052538762,0.0003209428075937023,1.0,1.0,1.0
-0.3379526314457735,0.99880385449449,0.0003191646025331675,1.0,1.0,1.0
-0.3377040591195737,0.999158923530175,0.00030563592717576483,1.0,1.0,1.0
-0.33767032766138527,0.9977911947592292,0.0003194252466143659,1.0,1.0,1.0
-0.33749651627914545,1.0007020575074574,0.0003050007760590726,1.0,1.0,1.0
-0.3372863634766077,0.9984570556712935,0.0003199141529851452,1.0,1.0,1.0
-0.33710067994451265,0.9999244026353352,0.0003055645201491304,1.0,1.0,1.0
-0.3369100366217097,0.9981900006456611,0.00031815586725086046,1.0,1.0,1.0
-0.3368525573824286,1.0006397620358374,0.0003052985676793033,1.0,1.0,1.0
-0.3368046476157929,0.998655832725755,0.00031918175921834236,1.0,1.0,1.0
-0.336773593881631,0.9980047035448267,0.00031401397321330116,1.0,1.0,1.0
-0.3367251673662963,0.9986916390414105,0.00032076012761577397,1.0,1.0,1.0
-0.33668488802122454,0.9985677215728479,0.0003182797710959493,1.0,1.0,1.0
-0.33660851542902037,1.0004223952657303,0.0003047931377350579,1.0,1.0,1.0
-0.33633958933086205,1.0004453269661295,0.00030459426563311435,1.0,1.0,1.0
-0.33615227577521267,0.9980224965614694,0.00031390860871626343,1.0,1.0,1.0
-0.3361352677329652,0.9988585483400347,0.00031293806006830885,1.0,1.0,1.0
-0.3360493730761789,0.9991445008152993,0.00031926340721872084,1.0,1.0,1.0
-0.3360292444320976,1.0008225741593468,0.00030515788260219155,1.0,1.0,1.0
-0.33586806988967055,0.9987493311560389,0.00030521347264163035,1.0,1.0,1.0
-0.33576910367672497,0.9982667290959855,0.0003173984931329987,1.0,1.0,1.0
-0.3357292226863393,0.998179662777852,0.00031916877231964735,1.0,1.0,1.0
-0.3355521750988828,0.9997098086324022,0.000305594231938722,1.0,1.0,1.0
-0.3354034030027435,0.9992569282273479,0.0003198679701695291,1.0,1.0,1.0
-0.3352827486344836,1.0000003755748572,0.00030549865471607624,1.0,1.0,1.0
-0.33503747335714706,1.000325912977742,0.0003052989815022537,1.0,1.0,1.0
-0.33491868796944146,0.9980147650858255,0.000318180536372781,1.0,1.0,1.0
-0.3348846396865639,0.9986571306056511,0.0003191624354598525,1.0,1.0,1.0
-0.3348609931311728,0.9992551274010238,0.0003210315488470476,1.0,1.0,1.0
-0.3347913113890968,1.0012045531370128,0.00030504443443331054,1.0,1.0,1.0
-0.3347467880068038,0.9981101495393009,0.0003138493990980874,1.0,1.0,1.0
-0.3347274132965907,0.9988471087225097,0.0003183302827370698,1.0,1.0,1.0
-0.3345155191731237,1.0006233659736707,0.00030488583102561363,1.0,1.0,1.0
-0.3344022345725932,1.0000479988445843,0.00030552439665525286,1.0,1.0,1.0
-0.33419389425603185,1.0008799470936314,0.00030525629075281186,1.0,1.0,1.0
-0.33414996766518357,0.9989484914397739,0.00031903435530312665,1.0,1.0,1.0
-0.3341016764237317,0.9982184670056109,0.00031311826627757576,1.0,1.0,1.0
-0.3340342959496354,0.9998032018538592,0.0003055323873882616,1.0,1.0,1.0
-0.3337958489246091,0.999136676947192,0.0003181346733613651,1.0,1.0,1.0
-0.33379227593779603,0.9988534330868183,0.0003191390879841676,1.0,1.0,1.0
-0.33372877623406794,1.0001918134996093,0.00030563693181144135,1.0,1.0,1.0
-0.33352395553004044,0.9993465930555607,0.0003198129903013035,1.0,1.0,1.0
-0.33346581154262367,1.0005757122317946,0.00030535167651894024,1.0,1.0,1.0
-0.3334114145705698,0.9978095518933243,0.0003144970262587626,1.0,1.0,1.0
-0.3332221026995228,1.0001963241422016,0.0003052170296728659,1.0,1.0,1.0
-0.3329999921011222,0.9982043864395493,0.00032074665445799735,1.0,1.0,1.0
-0.3329730659471579,1.000678991381444,0.00030506034193608856,1.0,1.0,1.0
-0.33296841130318455,0.9982884946672737,0.0003191743798926712,1.0,1.0,1.0
-0.3329306996843684,0.9983674020705064,0.0003180547819655873,1.0,1.0,1.0
-0.3327736979494915,0.9982403951744709,0.00031834192938497244,1.0,1.0,1.0
-0.33272172806434597,0.9977887421409166,0.00031384808037820554,1.0,1.0,1.0
-0.33268966959354884,1.0018438357194888,0.0003051616049924782,1.0,1.0,1.0
-0.33255743758905965,0.9994615241249359,0.0003055682748087826,1.0,1.0,1.0
-0.33235609165086544,1.0010066994277074,0.00030536091687098134,1.0,1.0,1.0
-0.33225466530015524,0.9994605639671796,0.0003189118036025534,1.0,1.0,1.0
-0.33220289122417057,1.0000446553380415,0.00030572137797729975,1.0,1.0,1.0
-0.33206930973575943,0.9984551102961077,0.000313245890947041,1.0,1.0,1.0
-0.3319068875741209,0.9997099287766861,0.00030550536367803254,1.0,1.0,1.0
-0.3318592260341404,0.9991272419091941,0.0003192979962532924,1.0,1.0,1.0
-0.33182629530386976,0.9987887083555678,0.00031821057683304366,1.0,1.0,1.0
-0.33164929444626523,1.0001189110145192,0.0003053599532376842,1.0,1.0,1.0
-0.33164838328178803,0.9988449519677842,0.000319688205186651,1.0,1.0,1.0
-0.3314065559319772,1.0004817856390325,0.0003051827131170122,1.0,1.0,1.0
-0.33139839996411524,0.998775812408874,0.00031454088584056104,1.0,1.0,1.0
-0.33114250100661025,0.9995477658885201,0.00032095219486695336,1.0,1.0,1.0
-0.33105609396319835,0.9984303698257699,0.0003193409408446584,1.0,1.0,1.0
-0.3308620204539352,1.0015080945663608,0.0003051904491853452,1.0,1.0,1.0
-0.33082391607295847,0.9995595065250995,0.00031962290544194764,1.0,1.0,1.0
-0.33071634269492733,0.9997845784017079,0.00030579463155397385,1.0,1.0,1.0
-0.3306986670458407,0.9983920857796477,0.00031432899580783783,1.0,1.0,1.0
-0.3305152798596396,1.0003263574088566,0.0003051493774561874,1.0,1.0,1.0
-0.3303734517011776,0.9994035414438319,0.00030569901197762775,1.0,1.0,1.0
-0.33036287900182515,0.9991920569148953,0.00031972519378658653,1.0,1.0,1.0
-0.33012948303496614,0.9972757247457645,0.0003170528893527755,1.0,1.0,1.0
-0.3300865013844998,0.9998273384722589,0.00030564251583692446,1.0,1.0,1.0
-0.33003843018008716,0.9985420596055241,0.0003133930650687271,1.0,1.0,1.0
-0.32993077854438013,0.9992189483229135,0.00031915297282957364,1.0,1.0,1.0
-0.32986021757453443,0.999155037908468,0.0003183540273092209,1.0,1.0,1.0
-0.3298334529790452,1.0005738619289422,0.0003054223397950725,1.0,1.0,1.0
-0.3297762123827681,0.9990989297328234,0.000319493217124149,1.0,1.0,1.0
-0.3295909427702668,1.000665260237138,0.00030515692441711464,1.0,1.0,1.0
-0.3293294569219256,1.0010665521728552,0.0003038266947838367,1.0,1.0,1.0
-0.3292880204797086,0.9998152097397741,0.0003209825953122211,1.0,1.0,1.0
-0.32914795259785024,0.9991669404988751,0.0003192691252508501,1.0,1.0,1.0
-0.3290320002947169,1.000789131266221,0.00030526058708257224,1.0,1.0,1.0
-0.3288779594033997,0.9978319414541775,0.00031940265289061786,1.0,1.0,1.0
-0.32887690113022927,0.9995667779540337,0.00030583040160158894,1.0,1.0,1.0
-0.3286777159578058,0.998699127725603,0.000314397551948143,1.0,1.0,1.0
-0.32867173783057524,1.0007671216930345,0.0003050864382274245,1.0,1.0,1.0
-0.32854598481273456,1.0003692314352657,0.0003056200782664565,1.0,1.0,1.0
-0.3284749877736033,0.9980233557299965,0.00031989474623336464,1.0,1.0,1.0
-0.328267052608993,1.000415180876391,0.00030543634251934147,1.0,1.0,1.0
-0.32813424302359095,0.9994970875467043,0.00031815375730029973,1.0,1.0,1.0
-0.32801812483623394,1.0009286003956697,0.00030545053467707185,1.0,1.0,1.0
-0.3280092984929439,0.9983770262661451,0.0003137509181337171,1.0,1.0,1.0
-0.3280054169711377,0.9990089216678956,0.00031939955953858685,1.0,1.0,1.0
-0.3279075188272884,0.9997188868392247,0.0003210783720703662,1.0,1.0,1.0
-0.3278980796083175,0.9987221141529808,0.00031835655289067687,1.0,1.0,1.0
-0.3277745409964439,1.0014195618185542,0.00030528298247507567,1.0,1.0,1.0
-0.32750736533830604,1.0012510851748504,0.00030459102266423615,1.0,1.0,1.0
-0.3273730966346,0.9986792791902735,0.0003128989431759886,1.0,1.0,1.0
-0.3272434163726814,0.9981666473730366,0.0003191355863785405,1.0,1.0,1.0
-0.32719987104195525,1.0011543787821853,0.0003051280191552549,1.0,1.0,1.0
-0.32704010872666345,0.999736780590387,0.0003057240775834615,1.0,1.0,1.0
-0.326935716127565,0.9979282795020629,0.0003192558861045173,1.0,1.0,1.0
-0.32682533310810413,1.0005553047118745,0.0003050925758880204,1.0,1.0,1.0
-0.3267204947336779,0.9999588455097892,0.0003057729581000276,1.0,1.0,1.0
-0.3266591229514191,0.9979573848174204,0.00031450806860457836,1.0,1.0,1.0
-0.3265908110685132,0.9983420715430827,0.0003197220995397023,1.0,1.0,1.0
-0.32644894317220974,1.0006516419471059,0.000305596712350682,1.0,1.0,1.0
-0.3262027300572754,1.0007147068577031,0.00030533355905386903,1.0,1.0,1.0
-0.32614184659610146,0.9977326919505005,0.00031818050384008943,1.0,1.0,1.0
-0.32608425331565627,0.9984973495852711,0.0003192312949401015,1.0,1.0,1.0
-0.3260422345270513,0.9999461058429696,0.0003209695801832501,1.0,1.0,1.0
-0.32598189579676884,0.998110148256242,0.0003137405955665172,1.0,1.0,1.0
-0.3259575982171441,1.0010316156794077,0.000304992612022336,1.0,1.0,1.0
-0.3259393718723942,0.9993657668137361,0.0003184643909580761,1.0,1.0,1.0
-0.3256839860771379,1.0015515945116942,0.00030493191969269476,1.0,1.0,1.0
-0.3255781584660724,0.9995104820247632,0.0003054631665617632,1.0,1.0,1.0
-0.32536617624248265,1.0019986721611926,0.0003052783488588974,1.0,1.0,1.0
-0.325342741808754,0.9986294996782631,0.0003190054811925606,1.0,1.0,1.0
-0.3253389443229775,0.9984863368104646,0.00031331267780942626,1.0,1.0,1.0
-0.32520557113281257,0.9995863454244942,0.00030557434336289614,1.0,1.0,1.0
-0.3250129017090586,0.998358922276464,0.0003179730948038472,1.0,1.0,1.0
-0.32489670428049067,0.9996932622420351,0.0003056598522459376,1.0,1.0,1.0
-0.32471016350933724,0.9989957076416974,0.00031994415883047846,1.0,1.0,1.0
-0.32464271699920744,0.9983639371933453,0.0003144858294223408,1.0,1.0,1.0
-0.32463160222965826,1.0006708559989963,0.0003055039999770508,1.0,1.0,1.0
-0.3243876580523022,1.0012544411513877,0.0003053536296953886,1.0,1.0,1.0
-0.3241801482792255,0.9998075097998437,0.00032097858189880906,1.0,1.0,1.0
-0.32416673190003564,0.9985967678231947,0.0003193167184687188,1.0,1.0,1.0
-0.32415278664640823,0.9980897662941552,0.0003180312101679921,1.0,1.0,1.0
-0.32413966940794126,1.0003356580959344,0.00030501799318470807,1.0,1.0,1.0
-0.3239844109289578,0.998870089512845,0.00031840091450312404,1.0,1.0,1.0
-0.3239562009551449,0.9984904912716587,0.00031411052583408427,1.0,1.0,1.0
-0.3238587417088752,1.0012938427740508,0.00030505269986394164,1.0,1.0,1.0
-0.32373229772392165,1.000024453983847,0.0003056479488601526,1.0,1.0,1.0
-0.3233733049774514,0.999802605241205,0.0003056747448660647,1.0,1.0,1.0
-0.3233063907955547,0.9986794449662642,0.0003131138034142038,1.0,1.0,1.0
-0.3230743328713004,0.9992361579908078,0.00030552172221108743,1.0,1.0,1.0
-0.3230423046492774,0.9985236305392816,0.0003180021619062601,1.0,1.0,1.0
-0.3228332712839119,0.9982805414113698,0.00031963925243495866,1.0,1.0,1.0
-0.3228151498232137,1.0001683557027796,0.0003053360298183067,1.0,1.0,1.0
-0.3226287396371461,0.9978760760794112,0.0003143616024488157,1.0,1.0,1.0
-0.3225721879244361,1.0006699246071826,0.0003051816408825311,1.0,1.0,1.0
-0.32232072570803894,1.0004021644604515,0.00030504110921265686,1.0,1.0,1.0
-0.3222531241093378,0.9985186660476298,0.00031924697982538915,1.0,1.0,1.0
-0.3221669968711325,0.9979732644681273,0.0003176662049789196,1.0,1.0,1.0
-0.32203161133918456,1.0009937237324318,0.0003050078781951727,1.0,1.0,1.0
-0.32193246728235536,0.9985031881933494,0.0003141598634269155,1.0,1.0,1.0
-0.32189017425480415,0.9990558162667276,0.0003056505799169269,1.0,1.0,1.0
-0.32168948920269713,1.0004425370175787,0.00030518532899944105,1.0,1.0,1.0
-0.3215531445272859,0.9978799401272209,0.0003194064823600407,1.0,1.0,1.0
-0.3213550431455303,0.9984526222128235,0.00031683335882712874,1.0,1.0,1.0
-0.3212748679506916,0.9982309332013662,0.00031287302554764557,1.0,1.0,1.0
-0.3212535128103866,0.9994643526518505,0.0003056176508091534,1.0,1.0,1.0
-0.3211332697813418,0.9981363222162759,0.0003191118808261151,1.0,1.0,1.0
-0.3209990102679967,1.0001269892402345,0.0003053038227678698,1.0,1.0,1.0
-0.3209600766402332,0.9982875025961537,0.000319613410874064,1.0,1.0,1.0
-0.3207565682382949,1.0014945892630047,0.00030514288631688685,1.0,1.0,1.0
-0.32061743047513147,0.998513623495662,0.00031485730371241463,1.0,1.0,1.0
-0.32020243832056394,1.0007836315598033,0.00030511801204901543,1.0,1.0,1.0
-0.3200861498889651,0.9976170041493916,0.00031927137552412947,1.0,1.0,1.0
-0.3200498785208197,0.999624988786535,0.0003057609612036146,1.0,1.0,1.0
-0.31991080740845845,0.9978213134692914,0.00031419291445582067,1.0,1.0,1.0
-0.3198469092837968,1.0006456164029842,0.00030521771228240004,1.0,1.0,1.0
-0.31966401738353056,0.9989280388855057,0.00031984012535742453,1.0,1.0,1.0
-0.319245191728605,0.9974893809152501,0.0003134633353187263,1.0,1.0,1.0
-0.31920675248186114,0.9990844711370078,0.0003192444609990549,1.0,1.0,1.0
-0.31918357644312323,1.0007990122850752,0.0003052580254930619,1.0,1.0,1.0
-0.3191116755301664,0.9977482625594786,0.00031809386135819845,1.0,1.0,1.0
-0.3190901034442959,0.999522412731085,0.0003209754150865679,1.0,1.0,1.0
-0.3189403538988813,1.0010004134069448,0.00030502547290795753,1.0,1.0,1.0
-0.31867524789504387,1.0006765928996075,0.00030437284340775734,1.0,1.0,1.0
-0.31861352914719987,1.000264867702128,0.00032120997506397166,1.0,1.0,1.0
-0.31861119433979423,0.999279734945292,0.00031246656658791744,1.0,1.0,1.0
-0.31843788109662796,0.9988345458654015,0.0003192140110515035,1.0,1.0,1.0
-0.31837120647804795,1.0008881292394152,0.0003052323699706987,1.0,1.0,1.0
-0.31821240861251,0.9999967158831295,0.0003057380227594642,1.0,1.0,1.0
-0.3182060568429961,0.9981069403126168,0.00031539942442144835,1.0,1.0,1.0
-0.3181426319844718,0.9989333475389979,0.00031944121440018137,1.0,1.0,1.0
-0.31800150991250575,1.0008728097719115,0.00030513479777272574,1.0,1.0,1.0
-0.31789146994851336,0.9980377468154794,0.0003143649086547029,1.0,1.0,1.0
-0.31788913818115816,1.0005986373512938,0.00030571170884362585,1.0,1.0,1.0
-0.31777861928412676,0.999165152601017,0.0003199515879063187,1.0,1.0,1.0
-0.317615236444027,1.0008030477673158,0.00030551090167244623,1.0,1.0,1.0
-0.31728415558387724,0.9986205402235873,0.00031922526038882077,1.0,1.0,1.0
-0.31722370101158504,0.9988145759362692,0.0003209614165878462,1.0,1.0,1.0
-0.3172170663606728,0.9982497584216975,0.00031399907265072146,1.0,1.0,1.0
-0.3171516003912558,0.9987448149951564,0.000318321801898935,1.0,1.0,1.0
-0.3171235154705414,1.001056355743689,0.0003047986661381254,1.0,1.0,1.0
-0.3168522647399641,1.0005235221525715,0.0003048367814833598,1.0,1.0,1.0
-0.3167541181886122,0.9996578514117828,0.00030560295278846784,1.0,1.0,1.0
-0.3165764949116818,0.9984280880592126,0.00031326762134024477,1.0,1.0,1.0
-0.31653818090421737,1.0011226472625026,0.0003051970153215119,1.0,1.0,1.0
-0.3165360724269135,0.9991057402145899,0.00031920980250187614,1.0,1.0,1.0
-0.31637723256986305,0.9997932241256122,0.0003054016362130322,1.0,1.0,1.0
-0.31623047998954235,0.9986733042409184,0.00031791137256651907,1.0,1.0,1.0
-0.316203120146497,0.9988563015236729,0.0003191238791413126,1.0,1.0,1.0
-0.31606466345672857,1.0002480592668461,0.00030570755388640533,1.0,1.0,1.0
-0.31589690472927145,0.9993197747149654,0.0003198012719262309,1.0,1.0,1.0
-0.31587428436917264,0.9978190224325532,0.00031463199524822086,1.0,1.0,1.0
-0.31579761346748114,1.000461374763799,0.00030543801262767457,1.0,1.0,1.0
-0.3155529230718628,1.0006852095839252,0.0003052784301935227,1.0,1.0,1.0
-0.3153752298518384,0.9982125009065803,0.0003179810380247235,1.0,1.0,1.0
-0.3153654790874043,0.9986148376955801,0.00031923303566926446,1.0,1.0,1.0
-0.3153058849913464,1.000866526832813,0.0003050104511046422,1.0,1.0,1.0
-0.31519553664330147,0.9985808818281855,0.00031828713542167447,1.0,1.0,1.0
-0.31519088747902657,0.9978209120290079,0.0003136690584574413,1.0,1.0,1.0
-0.31502774677460366,1.0005025856768672,0.00030471509686927004,1.0,1.0,1.0
-0.3149075981839644,1.0002530942199106,0.00030560406036747204,1.0,1.0,1.0
-0.31470210539418986,1.0014070003227604,0.0003052608771247322,1.0,1.0,1.0
-0.31454423002827525,0.9996670677449634,0.0003055809273821259,1.0,1.0,1.0
-0.3145434910656917,0.9968981214173368,0.0003130180277715496,1.0,1.0,1.0
-0.31426749482722016,0.9982469983011132,0.0003191540785996244,1.0,1.0,1.0
-0.31424193240579257,0.9998419067287468,0.0003055025891839185,1.0,1.0,1.0
-0.31401868542747025,0.9987297082017524,0.0003197256044253632,1.0,1.0,1.0
-0.3139807923838873,1.0003887129009628,0.0003053036250521486,1.0,1.0,1.0
-0.31385949381986933,0.9981861563894746,0.00031439011894091365,1.0,1.0,1.0
-0.3137376499482798,1.0012602603784189,0.0003052408094996556,1.0,1.0,1.0
-0.31350090480310655,0.9990435240052788,0.00032086031923228976,1.0,1.0,1.0
-0.31348743348956987,1.0011629122504815,0.0003051163363604817,1.0,1.0,1.0
-0.3134507184747264,0.9996110842159569,0.0003192745016331637,1.0,1.0,1.0
-0.3132012566284743,1.0007676312686824,0.000304957934812691,1.0,1.0,1.0
-0.31316649373698624,0.9977974356680777,0.0003139601832684206,1.0,1.0,1.0
-0.3130645724541523,0.9999004514325012,0.00030568436419639453,1.0,1.0,1.0
-0.3128632520188148,1.0012264807219429,0.0003053080492308504,1.0,1.0,1.0
-0.31274368255719764,0.9991391765065074,0.0003192108217568015,1.0,1.0,1.0
-0.3127135541057271,1.000084048664678,0.00030568923724986737,1.0,1.0,1.0
-0.31251161551699624,0.9983907466299552,0.00031312778498608407,1.0,1.0,1.0
-0.3124205234295232,0.9997657349423065,0.00030557012356390885,1.0,1.0,1.0
-0.31233563324182967,0.9986683285175342,0.0003191276116225147,1.0,1.0,1.0
-0.31229023557668256,0.9978620697664301,0.00031804686999736473,1.0,1.0,1.0
-0.3121647528737128,1.0004850051878404,0.00030526926866634324,1.0,1.0,1.0
-0.3121441837143948,0.9989822450802364,0.00031971558702540565,1.0,1.0,1.0
-0.311922143920782,1.0004315587362398,0.0003050227184009533,1.0,1.0,1.0
-0.311847199949014,0.9984301232545751,0.00031473647427218937,1.0,1.0,1.0
-0.31153972675902253,0.9986568589784125,0.00031933285425259783,1.0,1.0,1.0
-0.31140493090983057,0.999429666336791,0.00031771611376703497,1.0,1.0,1.0
-0.3113727753837452,1.0009637096270319,0.00030502811694492314,1.0,1.0,1.0
-0.3112947592405675,0.9985176880343135,0.0003195530186403727,1.0,1.0,1.0
-0.3112234109339056,0.9990574393261048,0.0003057036509423697,1.0,1.0,1.0
-0.3111441369967203,0.998489417072585,0.00031392267513403863,1.0,1.0,1.0
-0.3110216196183728,1.0014216085003829,0.00030521636609420907,1.0,1.0,1.0
-0.31088479949937664,0.9996292214525928,0.00030562399253856277,1.0,1.0,1.0
-0.31085345357701044,0.9989952867867252,0.0003198225817014554,1.0,1.0,1.0
-0.3106005667447391,1.0002184956623315,0.00030559434295848633,1.0,1.0,1.0
-0.31058353501547487,0.9983701675686175,0.0003176971453272385,1.0,1.0,1.0
-0.3104811304539439,0.9981965154303808,0.00031337870182304874,1.0,1.0,1.0
-0.310348918425035,1.0006987400598992,0.00030525890189336894,1.0,1.0,1.0
-0.3103255352639138,0.9990730688658365,0.0003182011194794236,1.0,1.0,1.0
-0.3101060987533515,1.0005163105913373,0.00030501598165641165,1.0,1.0,1.0
-0.309849140550545,0.9982070875582457,0.00031268978977615805,1.0,1.0,1.0
-0.3098429657269435,1.0006933968893923,0.0003040541199989895,1.0,1.0,1.0
-0.3098384713455502,0.9979176791532527,0.00031439701612630933,1.0,1.0,1.0
-0.3097907847961494,0.9992114454444262,0.0003208342763732686,1.0,1.0,1.0
-0.3096326289839624,0.9993781424748028,0.0003191828176905868,1.0,1.0,1.0
-0.30938497375225893,0.9995810034685558,0.0003056778186961175,1.0,1.0,1.0
-0.30934996926882263,0.9983892140436917,0.0003194302107294938,1.0,1.0,1.0
-0.3091770728835854,1.0007314380124885,0.0003050512667982466,1.0,1.0,1.0
-0.30912392778069275,0.9973630183139334,0.00031400153453908254,1.0,1.0,1.0
-0.3089666903233592,0.9996798397992163,0.00032002045058627816,1.0,1.0,1.0
-0.30878163443992435,1.0002307690932208,0.00030553258920401285,1.0,1.0,1.0
-0.3085892074195442,0.9982887991559214,0.00031818608389683846,1.0,1.0,1.0
-0.3085336800716618,1.001172316924714,0.0003052828541760749,1.0,1.0,1.0
-0.3084846240175807,0.9984286400668537,0.0003190841710956681,1.0,1.0,1.0
-0.3084525726769236,0.997994977286747,0.0003138152548178731,1.0,1.0,1.0
-0.30840567298517385,0.999469876055539,0.00032089999748822904,1.0,1.0,1.0
-0.3083643744131592,0.9982556319303963,0.00031826679361218925,1.0,1.0,1.0
-0.3082896235567034,1.0007324134305744,0.0003048643661548126,1.0,1.0,1.0
-0.3080203609297314,1.0010139723066944,0.0003047730469355291,1.0,1.0,1.0
-0.30783146384722926,0.9988684080893031,0.00031426700960026456,1.0,1.0,1.0
-0.3078143234906223,0.9984861837700496,0.00031297561725292624,1.0,1.0,1.0
-0.3077296839496171,0.9985966635110873,0.00031921486436016266,1.0,1.0,1.0
-0.3077100520516183,1.001290619316971,0.00030516071927958084,1.0,1.0,1.0
-0.3075488688469079,1.0002044650596706,0.0003056321133319375,1.0,1.0,1.0
-0.30740917827439773,0.9983870568937832,0.00031915028980516585,1.0,1.0,1.0
-0.3072330748876766,0.999557797192269,0.00030555101781671695,1.0,1.0,1.0
-0.3071061127879702,0.9979372751089556,0.0003145200007017492,1.0,1.0,1.0
-0.30708390329718327,0.9991592885699091,0.0003198288169110849,1.0,1.0,1.0
-0.30696385060073794,1.0003707438162204,0.00030554135072680426,1.0,1.0,1.0
-0.3067184580949913,1.00138275518949,0.00030540014929635875,1.0,1.0,1.0
-0.3065980273745552,0.9981129169204827,0.0003181861595771193,1.0,1.0,1.0
-0.3065645146113667,0.9990979914106789,0.0003192355691160482,1.0,1.0,1.0
-0.30654153037400533,0.9995076507993668,0.0003209573140541822,1.0,1.0,1.0
-0.3064722731854772,1.0010458964650744,0.00030500122765401034,1.0,1.0,1.0
-0.3064070734588995,0.9977914037478551,0.00031828596161342096,1.0,1.0,1.0
-0.30619627474828803,1.0016479972608061,0.0003049255109907441,1.0,1.0,1.0
-0.3060829270309,0.9995099314949861,0.0003055097187612381,1.0,1.0,1.0
-0.3058746780466777,1.0006673485623703,0.00030515744205488664,1.0,1.0,1.0
-0.30583031500299285,0.998779085591162,0.00031897930212238565,1.0,1.0,1.0
-0.3057806058469419,0.9980646290055555,0.00031322574892254045,1.0,1.0,1.0
-0.3057151163659455,1.0003656626014235,0.0003055953771609445,1.0,1.0,1.0
-0.30547535935720305,0.9990661125852385,0.0003181298125821896,1.0,1.0,1.0
-0.30547226766751123,0.9985516056515997,0.000319153117545867,1.0,1.0,1.0
-0.30540969103819293,1.000626595489247,0.000305637207559254,1.0,1.0,1.0
-0.30520449002997907,0.9992720296689206,0.000319813380016167,1.0,1.0,1.0
-0.3051466435759096,1.0000327650712029,0.0003053449790945956,1.0,1.0,1.0
-0.3049030865499276,1.001546937672066,0.0003052519887033901,1.0,1.0,1.0
-0.3046806989192987,0.9998301423577085,0.00032080174425844356,1.0,1.0,1.0
-0.30465415701246457,1.0012455061388934,0.00030513623077832284,1.0,1.0,1.0
-0.3046486001985329,0.9982492283112319,0.000319120859361022,1.0,1.0,1.0
-0.30461020867491584,0.9985221000222444,0.0003180622256350579,1.0,1.0,1.0
-0.30445353252754614,0.9989305211781424,0.00031840974178641747,1.0,1.0,1.0
-0.3044007423559094,0.9986889388288169,0.00031397942406732144,1.0,1.0,1.0
-0.30437040760205036,1.0011911302014427,0.00030504294289684854,1.0,1.0,1.0
-0.30423884916953625,1.0000084343276874,0.0003055648243180279,1.0,1.0,1.0
-0.3040367118359768,1.0010587189751927,0.0003053819003003815,1.0,1.0,1.0
-0.30393477127338997,0.9991144021702703,0.00031880628489750667,1.0,1.0,1.0
-0.30388373213151,0.9997199046447057,0.0003056743706207512,1.0,1.0,1.0
-0.30374839114753627,0.9979909436632007,0.0003132685420936252,1.0,1.0,1.0
-0.3035878159313654,0.9995938188069092,0.00030550319035226324,1.0,1.0,1.0
-0.3035391162767951,0.998690553687086,0.00031925074180748066,1.0,1.0,1.0
-0.30350583961924826,0.9987105040244078,0.00031820895836818657,1.0,1.0,1.0
-0.3033302708747385,1.0006306336357373,0.000305433084293227,1.0,1.0,1.0
-0.30332881306770787,0.9997494589362441,0.000319770904440133,1.0,1.0,1.0
-0.30308767595897734,1.000533820295369,0.0003051101992591257,1.0,1.0,1.0
-0.30307739069906603,0.9986925314815749,0.000314518794772135,1.0,1.0,1.0
-0.30273631965567915,0.9983375832591193,0.00031932377169857694,1.0,1.0,1.0
-0.3025427398268903,1.001695228805852,0.00030516388394974305,1.0,1.0,1.0
-0.302503786469984,0.9985907948796652,0.0003194832257023592,1.0,1.0,1.0
-0.30239708679425803,1.0000798209433581,0.00030584193075219786,1.0,1.0,1.0
-0.302377700537658,0.9993656712504295,0.0003143297915724467,1.0,1.0,1.0
-0.3021961507673723,1.0008404986230741,0.0003051625206480563,1.0,1.0,1.0
-0.30204315939084836,0.9989210007479415,0.00031965669631993485,1.0,1.0,1.0
-0.30180875371647176,0.9970174238165099,0.0003170518107233748,1.0,1.0,1.0
-0.30176730339724145,1.0003219052631767,0.00030559524400416413,1.0,1.0,1.0
-0.3017175262744125,0.9981521127189997,0.0003133606843220649,1.0,1.0,1.0
-0.30161070589677763,0.9982208441497813,0.00031906319659259183,1.0,1.0,1.0
-0.3015399346922152,0.9989699775734526,0.00031828443958107277,1.0,1.0,1.0
-0.3015145723606736,1.000978254901421,0.0003053918305245521,1.0,1.0,1.0
-0.30145653649671544,0.9992407610200613,0.0003195521160692361,1.0,1.0,1.0
-0.3012717815801125,1.0008042798211427,0.0003050862033019922,1.0,1.0,1.0
-0.3010102474891596,1.0006306924124175,0.0003037819598742608,1.0,1.0,1.0
-0.30096850947987264,1.000031959784594,0.0003210222731827272,1.0,1.0,1.0
-0.30082793788378126,0.9984733644125225,0.0003192221821828151,1.0,1.0,1.0
-0.3007128374002832,1.0014899596702669,0.00030521975065183075,1.0,1.0,1.0
-0.30055766943158346,1.0001019330419931,0.000305796770576526,1.0,1.0,1.0
-0.30035677011207795,0.9988037336204141,0.0003142610095512974,1.0,1.0,1.0
-0.3003525809866687,1.0010463722152854,0.00030511962952752334,1.0,1.0,1.0
-0.3002270014165447,0.999573962267134,0.0003055968751989842,1.0,1.0,1.0
-0.3001553033361688,0.9990403247117617,0.00031997595692834604,1.0,1.0,1.0
-0.29994814246416013,1.000927510584159,0.00030554215125290566,1.0,1.0,1.0
-0.29981340415071145,0.9981953554061416,0.00031808671417815355,1.0,1.0,1.0
-0.2996989696864887,1.00078603896548,0.00030539189622216665,1.0,1.0,1.0
-0.2996882718024523,0.998119728763354,0.00031374711505553884,1.0,1.0,1.0
-0.29968538111056375,0.9992489742411194,0.0003193770300454715,1.0,1.0,1.0
-0.29958801380735167,0.9992673993927195,0.00032105591026872064,1.0,1.0,1.0
-0.2995775547160662,0.9995297701115766,0.0003183582285307611,1.0,1.0,1.0
-0.29945551274587956,1.0006802953471314,0.00030510123472506567,1.0,1.0,1.0
-0.29918828050546153,1.0010971435434355,0.0003046340483366146,1.0,1.0,1.0
-0.2990520100945737,0.9986766284213661,0.0003126879838652338,1.0,1.0,1.0
-0.29892357703238304,0.9988750184272283,0.0003191216545283828,1.0,1.0,1.0
-0.2988806862447859,1.000092832132045,0.00030508607076607533,1.0,1.0,1.0
-0.29872090025185116,1.0004463242085595,0.0003057186199252596,1.0,1.0,1.0
-0.2986667869623716,0.9971073124619705,0.0003171321578173217,1.0,1.0,1.0
-0.29861565946336555,0.9984861134146593,0.00031919357787508156,1.0,1.0,1.0
-0.2985060087964371,1.0008838111627676,0.0003051102046159987,1.0,1.0,1.0
-0.298401389359384,1.0000673850566322,0.0003057071441529735,1.0,1.0,1.0
-0.29833806012935327,0.9978477051594905,0.0003145218676354705,1.0,1.0,1.0
-0.29827116148197774,0.9996242039747877,0.0003198135951902849,1.0,1.0,1.0
-0.2981299036273697,1.0002032150553928,0.0003055644377503552,1.0,1.0,1.0
-0.2978211763204115,0.9991799662714687,0.00031829572886502147,1.0,1.0,1.0
-0.297764115968036,0.9994818603513073,0.00031945329454238607,1.0,1.0,1.0
-0.29772276145376964,0.9989865040943401,0.0003209507102742758,1.0,1.0,1.0
-0.29766074729962,0.9979466890198767,0.00031381071846764235,1.0,1.0,1.0
-0.29763842414951114,1.0008868986553916,0.000304920455729188,1.0,1.0,1.0
-0.29761902042781685,0.9984256953892775,0.00031843014164471156,1.0,1.0,1.0
-0.2973648857045532,1.0007573973208128,0.00030484084916120534,1.0,1.0,1.0
-0.2972587032921865,0.9995231513878043,0.0003054778832222187,1.0,1.0,1.0
-0.29704696809034203,1.0013231831700349,0.0003052300443334352,1.0,1.0,1.0
-0.2970230768841873,0.9990174949980605,0.0003190742548604869,1.0,1.0,1.0
-0.2970180081479681,0.9985725197595215,0.00031333526766015373,1.0,1.0,1.0
-0.29688638443980153,0.9991349315656712,0.00030546439503146975,1.0,1.0,1.0
-0.29667746549493756,0.9983360314275237,0.0003191865914241497,1.0,1.0,1.0
-0.2965776142341383,1.0007985990561512,0.00030568607452275814,1.0,1.0,1.0
-0.2963906870376718,0.999247400669798,0.0003198426639912642,1.0,1.0,1.0
-0.29632181503978217,0.9984346475333585,0.0003145402057155526,1.0,1.0,1.0
-0.29631257059079985,1.0004897172096259,0.0003055150479761954,1.0,1.0,1.0
-0.29606850380005767,1.001024079551196,0.00030536620478743354,1.0,1.0,1.0
-0.29586070650719876,1.0000665600172212,0.00032104066782399004,1.0,1.0,1.0
-0.29584676993624726,0.9995702209853543,0.00031940713735905725,1.0,1.0,1.0
-0.2958322853006905,0.9988381491553501,0.00031807772426314295,1.0,1.0,1.0
-0.2958204865469156,1.0010522517661133,0.0003050506015083669,1.0,1.0,1.0
-0.2956642339001405,0.9991779166842583,0.0003184272784237366,1.0,1.0,1.0
-0.29563520896427065,0.9975315027753726,0.0003139498692876901,1.0,1.0,1.0
-0.29553962427394254,1.0010063990324194,0.0003050594058641088,1.0,1.0,1.0
-0.295413007940482,1.0000775676385252,0.00030559600833552833,1.0,1.0,1.0
-0.295054277856309,1.0006915200232438,0.00030584338100472867,1.0,1.0,1.0
-0.2949851905061234,0.9984711847957952,0.0003133164900512983,1.0,1.0,1.0
-0.2947552570234393,1.0003300760632436,0.0003055521724593233,1.0,1.0,1.0
-0.29474288700298246,0.9985128711663716,0.00031918366382245676,1.0,1.0,1.0
-0.2947218376804841,0.9992942853638271,0.0003181086949963446,1.0,1.0,1.0
-0.2945138280496735,0.9992696289512568,0.0003196052658694052,1.0,1.0,1.0
-0.29449598588007575,1.0001858334156568,0.0003052204960744221,1.0,1.0,1.0
-0.29430786123432995,0.9979122223128831,0.00031440056537987047,1.0,1.0,1.0
-0.2942533089296262,1.0009631619897708,0.0003051266478849175,1.0,1.0,1.0
-0.29400218763439057,0.9993373438869692,0.00032096032050227795,1.0,1.0,1.0
-0.2940015325107197,1.0006041290958378,0.00030500977706573,1.0,1.0,1.0
-0.2938465268266697,0.9982537603321829,0.00031778843350503867,1.0,1.0,1.0
-0.29371323127466553,0.9984576925271753,0.000319370949060391,1.0,1.0,1.0
-0.293712613946127,1.0008920804544101,0.0003050081447668202,1.0,1.0,1.0
-0.29361149449173496,0.9981704592133567,0.0003140757289746286,1.0,1.0,1.0
-0.2935709099540418,1.0002836857480182,0.00030577255953033927,1.0,1.0,1.0
-0.2933702303877226,1.0008453507700832,0.00030528899937129695,1.0,1.0,1.0
-0.2932334129665719,0.9990815513259265,0.0003193883418250576,1.0,1.0,1.0
-0.29322417745734697,1.0004633845668247,0.0003057185066012534,1.0,1.0,1.0
-0.2930343041361567,0.998430889503107,0.0003168686964063016,1.0,1.0,1.0
-0.29295395921470124,0.998850878330918,0.00031323333251119,1.0,1.0,1.0
-0.2929344495475732,1.0002227372880261,0.00030561369254835193,1.0,1.0,1.0
-0.292813323145495,0.9985995935563404,0.0003192217639567245,1.0,1.0,1.0
-0.2927547336249603,0.9986062187046669,0.0003180593917948292,1.0,1.0,1.0
-0.29268012836894286,1.0011804855666453,0.0003054354194015403,1.0,1.0,1.0
-0.2926403897725436,0.9992200167455533,0.00031959372604357743,1.0,1.0,1.0
-0.292437547086962,1.001016923049189,0.00030506934117447934,1.0,1.0,1.0
-0.2922965762642349,0.9984538447841438,0.00031503101408349404,1.0,1.0,1.0
-0.29188342092055564,1.0010090525446826,0.0003051657661783075,1.0,1.0,1.0
-0.2917307776642417,0.9996198604581115,0.0003056920681400436,1.0,1.0,1.0
-0.29158985477608823,0.9979682591954149,0.00031402092467857083,1.0,1.0,1.0
-0.2915277617173615,1.0012006155351558,0.0003052559171869861,1.0,1.0,1.0
-0.2913962310364866,0.9998915536401164,0.0003057414784452685,1.0,1.0,1.0
-0.2913441827222698,0.9986917962262137,0.0003198493709028055,1.0,1.0,1.0
-0.29103794099058433,0.9977010939920502,0.00031770600911926135,1.0,1.0,1.0
-0.29092415955232376,0.9982117681542689,0.0003135532239250687,1.0,1.0,1.0
-0.2908867046816397,0.9986639439875572,0.00031918750406161804,1.0,1.0,1.0
-0.29086455917419585,1.0003178720362509,0.00030534014708281595,1.0,1.0,1.0
-0.29079113902095344,0.9985430376577834,0.0003181093876880681,1.0,1.0,1.0
-0.2907705877653939,0.9988032534779575,0.00032086838526276877,1.0,1.0,1.0
-0.2906213276651215,1.00076241736366,0.00030500448861720214,1.0,1.0,1.0
-0.2903561678723463,1.0014611712270929,0.0003043973796756808,1.0,1.0,1.0
-0.2902901040887942,0.9997646392760633,0.00031250517421741386,1.0,1.0,1.0
-0.2901180294939536,0.9991333883379282,0.0003193028412007309,1.0,1.0,1.0
-0.2900520290322106,1.0008436104982064,0.0003051411145678744,1.0,1.0,1.0
-0.2898930537962485,0.9996486148268242,0.00030565022295562453,1.0,1.0,1.0
-0.2898224244510459,0.9990573286552867,0.00031947970234024185,1.0,1.0,1.0
-0.28968205668485325,1.0007263592154012,0.00030503339479390196,1.0,1.0,1.0
-0.2895703996944192,0.9985204753203888,0.0003144920665826388,1.0,1.0,1.0
-0.2895700276437765,1.0004152344793158,0.00030575102564748017,1.0,1.0,1.0
-0.2894589580705258,0.9983711737447674,0.00031978212207058135,1.0,1.0,1.0
-0.28929619415629304,1.0002669270148254,0.0003055045463534954,1.0,1.0,1.0
-0.28904911478113604,1.0014173131278004,0.00030539211668432744,1.0,1.0,1.0
-0.2890446737650052,0.9984733787548458,0.0003182889667891415,1.0,1.0,1.0
-0.2889043561988274,0.99969969970004,0.0003209238304708836,1.0,1.0,1.0
-0.28889605080309977,0.9981700706695761,0.00031382054909852086,1.0,1.0,1.0
-0.28883123731964133,0.9989607452443292,0.0003183336488575803,1.0,1.0,1.0
-0.28880448254091107,1.001291929792765,0.00030500285664969873,1.0,1.0,1.0
-0.28853330824830437,1.000972419329178,0.0003048468464428169,1.0,1.0,1.0
-0.2884346539793228,1.0000973609103796,0.0003055299913755681,1.0,1.0,1.0
-0.2882555547030048,0.9980804417129456,0.0003131556882664012,1.0,1.0,1.0
-0.28821911921454557,1.0014538249568528,0.00030519829144255695,1.0,1.0,1.0
-0.28821611869179264,0.9990426067059623,0.0003192161607492962,1.0,1.0,1.0
-0.288057900019453,0.9997057461427059,0.00030559339103017883,1.0,1.0,1.0
-0.28791010675307405,0.9989025593141023,0.0003179755667629181,1.0,1.0,1.0
-0.28788294907742795,0.9988350993450543,0.0003191399244486088,1.0,1.0,1.0
-0.2877457071667493,1.000231416849991,0.00030567661776440366,1.0,1.0,1.0
-0.2875771394470803,0.9993139306191499,0.0003199322473524897,1.0,1.0,1.0
-0.2875535132518081,0.9985646991818343,0.00031452509216705287,1.0,1.0,1.0
-0.2874785794184902,1.0003356512305412,0.0003053911849358983,1.0,1.0,1.0
-0.28723404632580696,1.0009308387646831,0.00030528949103942503,1.0,1.0,1.0
-0.287054718502624,0.9986799222724593,0.00031798141474655985,1.0,1.0,1.0
-0.28704550486126834,0.9985589849523218,0.00031912503318106935,1.0,1.0,1.0
-0.2869869824399416,1.0004350879419803,0.00030491485637601783,1.0,1.0,1.0
-0.2868752090679578,0.9983476434965223,0.00031826205723403504,1.0,1.0,1.0
-0.28686975107279267,0.9975136553643533,0.00031379815509130396,1.0,1.0,1.0
-0.2867086351481021,1.0008189239909444,0.00030470435651128457,1.0,1.0,1.0
-0.286588161080914,0.9998543459664976,0.0003055296983576011,1.0,1.0,1.0
-0.2863828808654034,1.0007078998738785,0.00030509459919450375,1.0,1.0,1.0
-0.286224918785706,0.999642446196181,0.0003057561328470701,1.0,1.0,1.0
-0.2862222864098136,0.9983715714622012,0.00031320989735257604,1.0,1.0,1.0
-0.2859472222710906,0.998809790514421,0.0003191188554400706,1.0,1.0,1.0
-0.2859380895299495,0.99867104673384,0.00031804211401332356,1.0,1.0,1.0
-0.2859228518889836,1.0002936149732133,0.00030564151293662427,1.0,1.0,1.0
-0.2856992312216562,0.9989443699986277,0.00031971683757254653,1.0,1.0,1.0
-0.2856619037082737,1.0010935237481355,0.00030533999981084697,1.0,1.0,1.0
-0.28553874593642803,0.9986035478603362,0.00031405124600215927,1.0,1.0,1.0
-0.28541863315331284,1.0007980524946007,0.0003052108098180456,1.0,1.0,1.0
-0.2851814833506978,0.9989840172640662,0.0003207174845352229,1.0,1.0,1.0
-0.2851683824688962,1.0008833090214846,0.0003050749468467469,1.0,1.0,1.0
-0.2851306427716196,0.9988199524643513,0.00031926115108719537,1.0,1.0,1.0
-0.28506787191670924,0.9986177849333824,0.0003177539909768917,1.0,1.0,1.0
-0.2848819883444662,1.000266875615065,0.0003049347221492434,1.0,1.0,1.0
-0.28484551448241646,0.9982441554659781,0.0003140493466950104,1.0,1.0,1.0
-0.2847451614993304,1.0001995920585998,0.0003056935015705975,1.0,1.0,1.0
-0.2844240776636866,0.9992680264244792,0.00031921336946892675,1.0,1.0,1.0
-0.28439426303148707,1.0000071662908638,0.0003057272366742631,1.0,1.0,1.0
-0.28419042473693423,0.9980785322826541,0.00031301954947759986,1.0,1.0,1.0
-0.2841015947399228,0.9998635040408617,0.0003055869022825393,1.0,1.0,1.0
-0.284015536069532,0.9988721165125829,0.00031914167934334763,1.0,1.0,1.0
-0.28396993042852614,0.9985013404673502,0.00031804041901414013,1.0,1.0,1.0
-0.2838455924801906,1.0008871854812935,0.00030535095521301244,1.0,1.0,1.0
-0.2838246244718903,0.9990059209782687,0.00031966236542194207,1.0,1.0,1.0
-0.2836029855440927,1.003072119508384,0.0003052919545899836,1.0,1.0,1.0
-0.28352633734809274,0.9982418623790381,0.0003144708316467048,1.0,1.0,1.0
-0.2832199650365368,0.998868593138953,0.0003194185067625239,1.0,1.0,1.0
-0.2830842046569302,0.998733518014666,0.00031769851632770926,1.0,1.0,1.0
-0.28305348757680804,1.0006392702192906,0.0003050699548656994,1.0,1.0,1.0
-0.28297436470634807,0.998391288429272,0.00031954602289515163,1.0,1.0,1.0
-0.2829040248264789,1.0000698035246387,0.0003057867007699273,1.0,1.0,1.0
-0.28282317758778674,0.9984124366695659,0.0003141234637610379,1.0,1.0,1.0
-0.2827023426519304,1.000622070065973,0.0003051188192509273,1.0,1.0,1.0
-0.2825655271413723,0.9992986835293607,0.00030563102736025084,1.0,1.0,1.0
-0.28253360730886357,0.9994765567417624,0.0003197963348959235,1.0,1.0,1.0
-0.2822815110652357,1.0002403338181396,0.0003055178411763655,1.0,1.0,1.0
-0.2822628153677016,0.9982651464053098,0.000317634929036882,1.0,1.0,1.0
-0.28216023171136406,0.9974862478902136,0.0003132905419117316,1.0,1.0,1.0
-0.2820884551861127,0.9984874538074935,0.0003191459401315262,1.0,1.0,1.0
-0.28203003885542444,1.0001672854832233,0.00030527238475152614,1.0,1.0,1.0
-0.2820051257244529,0.9996070211217227,0.00031825431992722736,1.0,1.0,1.0
-0.2819536746546021,0.9987740333962294,0.00032065191269238714,1.0,1.0,1.0
-0.2817870743851927,1.0013144090262283,0.0003050042765017365,1.0,1.0,1.0
-0.2815281853366278,0.9982687435015254,0.00031247878384628127,1.0,1.0,1.0
-0.28152375170583355,1.000470945751774,0.00030416031139632365,1.0,1.0,1.0
-0.2815174953279964,0.9975314510312795,0.0003144279352517601,1.0,1.0,1.0
-0.28147156099339554,0.9990844178003474,0.00032083338438128247,1.0,1.0,1.0
-0.2813129037258193,0.999136297690289,0.00031914755646170846,1.0,1.0,1.0
-0.28106561120145557,0.9993964553574707,0.0003056113947524363,1.0,1.0,1.0
-0.28102974979573503,0.9982778272075,0.00031945631826606343,1.0,1.0,1.0
-0.2808579063589036,1.0004160883914954,0.0003050404789485461,1.0,1.0,1.0
-0.28080312762092774,0.9981144200585944,0.00031399479485479017,1.0,1.0,1.0
-0.28064701750290055,0.9987481312921336,0.0003199032224454211,1.0,1.0,1.0
-0.2804624503284572,1.000838554652141,0.00030560069088919915,1.0,1.0,1.0
-0.28026851714695056,0.9980309310280269,0.00031822571297865484,1.0,1.0,1.0
-0.2802146641641059,1.0008103703309446,0.0003053076521988388,1.0,1.0,1.0
-0.2801646007521441,0.9992631631010772,0.00031921731248154525,1.0,1.0,1.0
-0.28013155147221624,0.9988112553468309,0.00031395453876724926,1.0,1.0,1.0
-0.28004400004726904,0.9990661264215406,0.0003182869371439296,1.0,1.0,1.0
-0.27997045446056745,1.0015436270609464,0.00030511221998564197,1.0,1.0,1.0
-0.27970127098421926,1.0009982503733426,0.0003045952493163102,1.0,1.0,1.0
-0.2795106522318491,0.9989411104050445,0.00031428568096255493,1.0,1.0,1.0
-0.27940971796226677,1.000029635612141,0.00031926898113111835,1.0,1.0,1.0
-0.2793907208827022,1.001359900556479,0.00030517172374126594,1.0,1.0,1.0
-0.279088995265667,0.9988286140308781,0.0003191084576988518,1.0,1.0,1.0
-0.27891383641247103,1.000168115285049,0.0003055967265803034,1.0,1.0,1.0
-0.2787850570651571,0.9977653396094737,0.0003144797996707286,1.0,1.0,1.0
-0.2787641267308061,0.9984003521410728,0.00031981588338105617,1.0,1.0,1.0
-0.2786446753633527,1.001092495816097,0.000305549234068388,1.0,1.0,1.0
-0.278399304236018,1.0006247480639892,0.0003052774388122037,1.0,1.0,1.0
-0.27827736711244455,0.9983184847156631,0.0003182265734361106,1.0,1.0,1.0
-0.27824452812288314,0.9993353470123029,0.0003192031874236853,1.0,1.0,1.0
-0.27822206794959925,0.9999287575067816,0.0003210398503479608,1.0,1.0,1.0
-0.2781533734878394,1.0009567664695933,0.0003050363595014099,1.0,1.0,1.0
-0.27810464152878467,0.9975613397741715,0.0003138021034642406,1.0,1.0,1.0
-0.27808673427666974,0.9988313259367987,0.0003182582269878707,1.0,1.0,1.0
-0.27787716874877333,1.001916730676507,0.0003049344687718342,1.0,1.0,1.0
-0.2777636198119353,1.0000363585262302,0.00030545187283274,1.0,1.0,1.0
-0.27755546166588374,1.0011252468552794,0.00030522630172116565,1.0,1.0,1.0
-0.27751052375407426,0.9987010611398809,0.0003189957778527103,1.0,1.0,1.0
-0.2774595354314986,0.9981941918484923,0.0003132397293555371,1.0,1.0,1.0
-0.2773960755303335,1.0003412421062048,0.0003055865117919251,1.0,1.0,1.0
-0.27715487044525844,0.9985715581975012,0.0003180975840976368,1.0,1.0,1.0
-0.2771519828591096,0.999488004001238,0.0003192244361983962,1.0,1.0,1.0
-0.27709060599357827,1.0002877182442738,0.0003056645467102461,1.0,1.0,1.0
-0.2768848862658899,0.9994748347966332,0.00031987935839107167,1.0,1.0,1.0
-0.2768276141959234,1.0008425756961974,0.000305437552137144,1.0,1.0,1.0
-0.2767697644050031,0.9979058730706212,0.00031449756333474453,1.0,1.0,1.0
-0.27658420899714997,1.0010618432266751,0.0003052420942241548,1.0,1.0,1.0
-0.2763351094204154,1.0017703502652067,0.0003051548414557102,1.0,1.0,1.0
-0.2763285122330785,0.9986731909170968,0.0003191984342734147,1.0,1.0,1.0
-0.27628957905859863,0.9984366294746143,0.00031801165543030605,1.0,1.0,1.0
-0.2761332291642731,0.9980881776839291,0.00031837813792600896,1.0,1.0,1.0
-0.2760796182221057,0.9985028045501686,0.00031387217382248606,1.0,1.0,1.0
-0.27605142263269045,1.0010412001711975,0.00030494668348170537,1.0,1.0,1.0
-0.27591984528228863,0.9997964742294809,0.00030561441761478114,1.0,1.0,1.0
-0.27571747028508753,1.0012646559981224,0.00030540525769087615,1.0,1.0,1.0
-0.2756151547528418,0.9993118792200605,0.0003187760914778884,1.0,1.0,1.0
-0.2755645730287881,1.0003647649946417,0.00030571821326060407,1.0,1.0,1.0
-0.27542719569850505,0.9980521357955869,0.0003131927700367231,1.0,1.0,1.0
-0.2752687444398987,1.000512224705353,0.0003055482594842574,1.0,1.0,1.0
-0.27518552286421993,0.9992073278786561,0.000318238728444405,1.0,1.0,1.0
-0.275011386061351,1.0009645621037215,0.00030540812103869265,1.0,1.0,1.0
-0.2750091042669567,0.9995110976107607,0.0003198019152728618,1.0,1.0,1.0
-0.2747686573186172,1.001644777022611,0.00030520346769679073,1.0,1.0,1.0
-0.2747566589603778,0.9985605674639336,0.00031454605533593686,1.0,1.0,1.0
-0.27450369780311235,1.0001213473352124,0.0003210169761543542,1.0,1.0,1.0
-0.27441640706396697,1.0002045884499258,0.00031949061148475255,1.0,1.0,1.0
-0.27422359718150346,1.001163983515713,0.0003051028640265423,1.0,1.0,1.0
-0.2741835189256818,0.9987703405750644,0.0003194282418622872,1.0,1.0,1.0
-0.27407783088352744,1.0005375556678886,0.00030588847090298987,1.0,1.0,1.0
-0.27405673436225086,0.9991458251247054,0.00031440619082797954,1.0,1.0,1.0
-0.27387688283630496,1.0005718089030897,0.00030515608519791557,1.0,1.0,1.0
-0.27373531050309907,1.0001592465601068,0.00030574737123763605,1.0,1.0,1.0
-0.27372343976975344,0.9987956759368316,0.000319690178533988,1.0,1.0,1.0
-0.27348802471059486,0.9975111601946186,0.0003170810454475625,1.0,1.0,1.0
-0.27344824400674383,1.0007341269080436,0.0003056504473538905,1.0,1.0,1.0
-0.273396483943376,0.9990739028043183,0.00031358251188571553,1.0,1.0,1.0
-0.273290633571861,0.999129692701801,0.00031913771507645756,1.0,1.0,1.0
-0.2732193752717791,0.9985774940170681,0.0003182942436549905,1.0,1.0,1.0
-0.27319541455878493,1.0010747329047065,0.00030538546818831156,1.0,1.0,1.0
-0.2731371381168515,0.9985886030930856,0.00031951119356672897,1.0,1.0,1.0
-0.2729528975734752,1.0011288641175806,0.00030520763348728264,1.0,1.0,1.0
-0.272766387755814,0.9987716060228161,0.00031251619738895413,1.0,1.0,1.0
-0.2726911765220166,1.0009218959751693,0.0003037799857567261,1.0,1.0,1.0
-0.27264927600640476,0.9992736773895503,0.00032092322847864207,1.0,1.0,1.0
-0.2725080620791118,0.9986458174106747,0.00031929185176778616,1.0,1.0,1.0
-0.27239381286068465,1.0012906538244564,0.00030524310764674174,1.0,1.0,1.0
-0.2722385763196371,0.9999830945647784,0.0003057891020626598,1.0,1.0,1.0
-0.27223749626533333,0.9988898929645367,0.00031948569871201863,1.0,1.0,1.0
-0.2720358245789605,0.998849981109085,0.0003145213440157039,1.0,1.0,1.0
-0.2720332853039622,1.000866162313335,0.00030513099018684775,1.0,1.0,1.0
-0.27190787958488727,1.000302797897166,0.0003056448985445518,1.0,1.0,1.0
-0.2718356192113731,0.9999844132076073,0.0003200209600088895,1.0,1.0,1.0
-0.2716290937225665,1.0006723948279033,0.0003055124973894639,1.0,1.0,1.0
-0.2714927038645385,0.9990602680636442,0.0003181078469473402,1.0,1.0,1.0
-0.2713799532243115,1.0012837096593132,0.0003054731335580776,1.0,1.0,1.0
-0.2713672452833862,0.998945114474254,0.00031388637512602246,1.0,1.0,1.0
-0.2713654844921791,1.0001002795833027,0.0003194831223372285,1.0,1.0,1.0
-0.2712685094227538,1.0003016188250147,0.00032114993929735036,1.0,1.0,1.0
-0.2712571684105143,0.9991443811792082,0.0003183320645250854,1.0,1.0,1.0
-0.2711364844549564,1.0014767906570732,0.00030517962383070404,1.0,1.0,1.0
-0.27086933410805614,1.0013489932623136,0.0003046503074387187,1.0,1.0,1.0
-0.27073106214125664,0.9990421296151567,0.0003129333152519582,1.0,1.0,1.0
-0.2706035990952671,0.9989595963436556,0.0003192105677376533,1.0,1.0,1.0
-0.2705616398124562,1.0009737737548012,0.00030514018986773007,1.0,1.0,1.0
-0.2704016917770389,0.9995747754011199,0.00030567230737345183,1.0,1.0,1.0
-0.270346253831363,0.9983030309266168,0.0003171901733223009,1.0,1.0,1.0
-0.2702954645149873,0.9985971588890101,0.0003192306123229124,1.0,1.0,1.0
-0.27018668423266945,1.0006992697220478,0.0003049752713682359,1.0,1.0,1.0
-0.27008242274322924,1.0007014412701254,0.0003058088626826311,1.0,1.0,1.0
-0.2699513736112351,0.9994371924408433,0.0003198448340469554,1.0,1.0,1.0
-0.26981086424385126,1.0007128904017992,0.0003055574832917051,1.0,1.0,1.0
-0.26950050604472153,0.9987112074411937,0.00031822250654905065,1.0,1.0,1.0
-0.26944411721720485,1.0000895659416882,0.0003194767557495357,1.0,1.0,1.0
-0.2694031500963092,0.9996026038113771,0.0003209334757744992,1.0,1.0,1.0
-0.26933973771187425,0.9989609062130731,0.00031389874425560014,1.0,1.0,1.0
-0.26931938863833693,1.0007044410756076,0.00030499291572285407,1.0,1.0,1.0
-0.2692986692958499,0.9993541823772865,0.00031845848048157416,1.0,1.0,1.0
-0.26904578518076505,1.0020334884590394,0.00030499517581618877,1.0,1.0,1.0
-0.26893938737057965,1.0008007892339257,0.00030553783027291735,1.0,1.0,1.0
-0.2687278982929797,1.001287275870167,0.0003051935950738086,1.0,1.0,1.0
-0.2687032740082316,0.9989301757706017,0.00031910267338631923,1.0,1.0,1.0
-0.26869693354759505,0.9988609342490264,0.0003133295562619297,1.0,1.0,1.0
-0.2685673365049297,1.0005058943981768,0.0003054675099760891,1.0,1.0,1.0
-0.2683720398732561,0.998353947955176,0.00031800491562881104,1.0,1.0,1.0
-0.2683571687468884,0.9990476613531651,0.0003191531122379267,1.0,1.0,1.0
-0.2682585245104576,1.0007415827207617,0.0003056595394231506,1.0,1.0,1.0
-0.2680710719692456,0.9998906386153368,0.0003199582800597538,1.0,1.0,1.0
-0.26800105166705634,0.9986549692085138,0.00031433440863773865,1.0,1.0,1.0
-0.2679935391233528,1.0008716434212366,0.0003055221771390912,1.0,1.0,1.0
-0.2677496267313302,1.0013762056910573,0.00030528961617779535,1.0,1.0,1.0
-0.2675414033218999,1.0001189757067679,0.00032095670832813563,1.0,1.0,1.0
-0.26752680829514475,0.9992485052641856,0.00031938819361041767,1.0,1.0,1.0
-0.2675116456808837,0.9983523988622037,0.0003180295401106012,1.0,1.0,1.0
-0.26750144221210803,1.0013843881091689,0.0003051077788416796,1.0,1.0,1.0
-0.26734391858713025,0.9998280115982248,0.0003184486080279391,1.0,1.0,1.0
-0.26731407868921053,0.998338557961731,0.00031405213280197335,1.0,1.0,1.0
-0.26722064527439215,1.0015067644461684,0.00030506120426994257,1.0,1.0,1.0
-0.26709371846962426,0.9999911555744396,0.00030553547916338975,1.0,1.0,1.0
-0.266735112138349,1.0004090578733151,0.0003057844608136693,1.0,1.0,1.0
-0.2666641289647469,0.9986410691868725,0.00031325326121031704,1.0,1.0,1.0
-0.2664361811856679,1.0006196883164524,0.0003056177129410899,1.0,1.0,1.0
-0.2664229039027788,0.998916772205681,0.00031921476122797417,1.0,1.0,1.0
-0.2664012327501979,0.9982280147642552,0.0003180362741919556,1.0,1.0,1.0
-0.26619424686404614,0.9991947914008631,0.0003196633029943125,1.0,1.0,1.0
-0.2661769607051667,1.0006923658371099,0.0003052798548678071,1.0,1.0,1.0
-0.26598712141822745,0.9977073122602534,0.00031458421954848917,1.0,1.0,1.0
-0.26593415273111987,1.0009385902503103,0.00030517053805548906,1.0,1.0,1.0
-0.2656827761854572,1.0003451684006583,0.0003210420397279024,1.0,1.0,1.0
-0.2656826163759547,1.0013195779420438,0.0003050476421447702,1.0,1.0,1.0
-0.26561341299803587,0.9987372589575348,0.00031931085320327805,1.0,1.0,1.0
-0.26552577959870405,0.9983256745470189,0.0003177997713861811,1.0,1.0,1.0
-0.2653934777949871,1.0013146565335964,0.0003050302235132365,1.0,1.0,1.0
-0.265392813183837,0.998334238225685,0.0003194247968501263,1.0,1.0,1.0
-0.2652903832555822,0.9984908174154281,0.0003141939037573937,1.0,1.0,1.0
-0.26525178457276866,1.0001465072575297,0.0003057765305592141,1.0,1.0,1.0
-0.2650508327440093,1.000927861371895,0.0003052316823655743,1.0,1.0,1.0
-0.2649138206479904,0.9994744958740692,0.0003193580719937516,1.0,1.0,1.0
-0.26490517003057334,1.0003631009381515,0.00030562923267982606,1.0,1.0,1.0
-0.26471370436896535,0.9985945731767185,0.00031687935851615914,1.0,1.0,1.0
-0.2646327732750393,0.9985771249246795,0.0003131314752033601,1.0,1.0,1.0
-0.26461524769806033,1.0001543725551891,0.0003056601988642544,1.0,1.0,1.0
-0.26443416290017296,0.9987924464412837,0.0003181425851430075,1.0,1.0,1.0
-0.26432098042110397,0.999437872944835,0.0003196225290334152,1.0,1.0,1.0
-0.2641185259356291,1.0007984650779667,0.00030507292450160183,1.0,1.0,1.0
-0.2639757223760313,0.9986714100699278,0.0003150652850907403,1.0,1.0,1.0
-0.2638271860774637,0.9989437547142219,0.0003205449326470607,1.0,1.0,1.0
-0.2637037820902606,0.9989892357858269,0.00031922230246134473,1.0,1.0,1.0
-0.2635641261757087,1.0010455805717942,0.00030509987970724875,1.0,1.0,1.0
-0.26344566254888946,0.9980406358512711,0.0003193197881233827,1.0,1.0,1.0
-0.263268902143718,0.9986106611814616,0.00031393648423569723,1.0,1.0,1.0
-0.2632083368060876,1.000624839904253,0.00030518801179278454,1.0,1.0,1.0
-0.2630771034064594,1.000032012171028,0.0003056218523355784,1.0,1.0,1.0
-0.26302462557728745,0.9990800121294358,0.0003198820842323405,1.0,1.0,1.0
-0.2626031276987373,0.9986001092847399,0.0003135036684927582,1.0,1.0,1.0
-0.2625667954882971,0.9998774229063525,0.00031924330437592164,1.0,1.0,1.0
-0.26254540337907883,1.0003738719595754,0.00030526468871930584,1.0,1.0,1.0
-0.26247074109845414,0.9983174262922028,0.0003181355296277256,1.0,1.0,1.0
-0.26245121132870963,0.9992727236305283,0.0003208942710004546,1.0,1.0,1.0
-0.26230243998784886,1.0012950925484492,0.00030508730991390915,1.0,1.0,1.0
-0.262037087678209,1.0010232836833297,0.0003043309242223895,1.0,1.0,1.0
-0.2619690139890567,0.9993116835770033,0.0003125705832772807,1.0,1.0,1.0
-0.26173271277781396,1.0006209755353621,0.00030516770173600726,1.0,1.0,1.0
-0.26157397650635517,1.0000438429744574,0.00030570170726444625,1.0,1.0,1.0
-0.26156496799242746,0.9987093088398639,0.0003157410654762209,1.0,1.0,1.0
-0.2615023561598093,0.998917818722845,0.00031931245532947067,1.0,1.0,1.0
-0.26136274172125695,1.0008817090937694,0.0003051252181827528,1.0,1.0,1.0
-0.26125105571327367,1.0008114296395296,0.00030567489284949494,1.0,1.0,1.0
-0.26124960663390695,0.9986257381537461,0.00031455840796970814,1.0,1.0,1.0
-0.26113915859292547,0.9989370564994899,0.00031994526962308777,1.0,1.0,1.0
-0.26097715187862036,1.0015436979357708,0.00030566814788330433,1.0,1.0,1.0
-0.2607302378737302,1.0014714963110238,0.00030539740135606715,1.0,1.0,1.0
-0.2606441338903096,0.9991781299826101,0.0003191948467304434,1.0,1.0,1.0
-0.2605847345151915,1.0005665042923222,0.0003209927629207881,1.0,1.0,1.0
-0.2605751740036659,0.9982600958391973,0.000313887976115809,1.0,1.0,1.0
-0.2605110131675019,0.9993215091003801,0.0003183648750907337,1.0,1.0,1.0
-0.26048558817780076,1.0010536376282844,0.0003049457195932497,1.0,1.0,1.0
-0.2602140744319854,1.0013574857625098,0.00030488079624381903,1.0,1.0,1.0
-0.26011546760901183,1.0001810369021527,0.00030550650580535164,1.0,1.0,1.0
-0.25993447589753504,0.9981157162809106,0.0003131910166137883,1.0,1.0,1.0
-0.25989978009931747,1.0006922622195396,0.0003051147061865373,1.0,1.0,1.0
-0.25989630388627916,0.9997844144639266,0.0003191877146500285,1.0,1.0,1.0
-0.25973870639862184,1.000885155594804,0.00030564952299853127,1.0,1.0,1.0
-0.25958959556520256,0.9990259781672751,0.00031797247620594016,1.0,1.0,1.0
-0.2595627786537307,0.9993430508791827,0.00031915773314425844,1.0,1.0,1.0
-0.2594266124514206,1.0002167090846659,0.00030567878990365847,1.0,1.0,1.0
-0.2592575130944681,0.999932535354957,0.00031986844869814744,1.0,1.0,1.0
-0.25923246526355825,0.9981540665992478,0.0003146756345804941,1.0,1.0,1.0
-0.2591596839562271,1.0011938182171676,0.00030551716356273144,1.0,1.0,1.0
-0.25891503090230117,1.0013996824890998,0.00030530871848478313,1.0,1.0,1.0
-0.2587340685666959,0.9980587121418204,0.00031793070706797314,1.0,1.0,1.0
-0.25872553096790796,0.9994876577714467,0.0003192676882472932,1.0,1.0,1.0
-0.25872175619170434,0.9994697410628154,0.00032088938815462133,1.0,1.0,1.0
-0.25866794116058145,1.0014693863373898,0.00030503831930070257,1.0,1.0,1.0
-0.2585550204120892,0.9986363364745522,0.0003182323824166921,1.0,1.0,1.0
-0.25854875326335147,0.9982221625072394,0.0003138737978809908,1.0,1.0,1.0
-0.2583893847735794,1.0015386823342989,0.0003047623179332959,1.0,1.0,1.0
-0.2582688628973244,1.0010219288456084,0.00030555329891568845,1.0,1.0,1.0
-0.258063656104639,1.000759726433155,0.0003051569170185086,1.0,1.0,1.0
-0.25790588504932543,1.0004376223008158,0.00030576270917891774,1.0,1.0,1.0
-0.2579012203507318,0.9986939211858036,0.0003131964775009127,1.0,1.0,1.0
-0.25762708863443606,0.99854417222175,0.00031912429013859615,1.0,1.0,1.0
-0.2576039102815457,1.00039855158559,0.0003055399531430592,1.0,1.0,1.0
-0.25737963907454287,0.9999450787504066,0.00031971804867869777,1.0,1.0,1.0
-0.25734273799034213,1.000656840701148,0.0003052433309999384,1.0,1.0,1.0
-0.25721785978897316,0.9979593633768161,0.00031435763973457437,1.0,1.0,1.0
-0.2570996163583459,1.0009511356151506,0.0003052329424795905,1.0,1.0,1.0
-0.2568622008177499,1.0004041967941264,0.000320877511209769,1.0,1.0,1.0
-0.25684933134743915,1.001934346856626,0.0003051271661015679,1.0,1.0,1.0
-0.25681070597791233,0.9992579533504375,0.00031926908957299356,1.0,1.0,1.0
-0.2567471146751501,0.9983688084495491,0.00031781805392196096,1.0,1.0,1.0
-0.25660266199051307,0.9981199779745205,0.00031821256994076224,1.0,1.0,1.0
-0.25656285850601535,1.0008481711804325,0.00030504726016975637,1.0,1.0,1.0
-0.256524396963826,0.9984444031747254,0.0003140773780771003,1.0,1.0,1.0
-0.2564258891312363,0.9998796582497181,0.00030565837720591775,1.0,1.0,1.0
-0.2562247515823515,1.0014710684242993,0.00030527343844082775,1.0,1.0,1.0
-0.2561043348086969,0.9989949077193409,0.00031927772318729767,1.0,1.0,1.0
-0.25607511070532496,1.000573079087103,0.00030576968242301475,1.0,1.0,1.0
-0.2558693725637493,0.9987068415658481,0.00031309870937297956,1.0,1.0,1.0
-0.25578252744344354,1.0003541964704261,0.0003055642112447267,1.0,1.0,1.0
-0.2556955778167094,0.9990559945282207,0.00031913642472974104,1.0,1.0,1.0
-0.2556493480968527,0.9994388922954972,0.00031815462076899016,1.0,1.0,1.0
-0.2555265705221359,1.0013308736763664,0.00030536630519975485,1.0,1.0,1.0
-0.255505065562204,0.9995589285709524,0.00031973661169733264,1.0,1.0,1.0
-0.25528410437109983,1.0009617813244363,0.0003050691926764214,1.0,1.0,1.0
-0.2552056139994292,0.9988624795500324,0.0003148852858476966,1.0,1.0,1.0
-0.2548999264330831,0.9997905317993291,0.00031947296091435054,1.0,1.0,1.0
-0.2547637562329186,0.9988165314737671,0.00031770250266577717,1.0,1.0,1.0
-0.2547344767516506,1.0007863431881001,0.00030510445862439757,1.0,1.0,1.0
-0.25465424802118264,0.9996766440641613,0.00031964356576246735,1.0,1.0,1.0
-0.25458491590256926,1.0008468332782559,0.00030586539781797664,1.0,1.0,1.0
-0.2545023567756495,0.9981189612676854,0.00031375627600439143,1.0,1.0,1.0
-0.2543832040402094,1.00097981691005,0.0003051702196147599,1.0,1.0,1.0
-0.2542465321282066,1.0006341860656744,0.0003057750722046958,1.0,1.0,1.0
-0.2542140385469054,0.9990223481666329,0.00031980068301619175,1.0,1.0,1.0
-0.2539623169502647,1.001369601718333,0.00030560193479376395,1.0,1.0,1.0
-0.2539420960527039,0.9988194441615349,0.0003177675322698325,1.0,1.0,1.0
-0.25383905610797264,0.9992212763956816,0.0003132286685563107,1.0,1.0,1.0
-0.25376839544622953,0.99960044982427,0.0003191764714121449,1.0,1.0,1.0
-0.2537110206889963,1.0002004365333668,0.00030526877456765587,1.0,1.0,1.0
-0.25368471684046767,0.9984322200913412,0.00031814016272131875,1.0,1.0,1.0
-0.25346804996658534,1.0001383394553793,0.00030497236525411936,1.0,1.0,1.0
-0.25320709168726374,0.9986736174554315,0.00031253227053167277,1.0,1.0,1.0
-0.2532046761604647,1.0005748432631643,0.00030407531090934114,1.0,1.0,1.0
-0.2531967968166384,0.998077938779846,0.000314428565371882,1.0,1.0,1.0
-0.2531521986039422,1.000512472022266,0.0003209388928402836,1.0,1.0,1.0
-0.25299304018352586,0.9991560028026503,0.0003191689108785298,1.0,1.0,1.0
-0.25274638756005174,0.9999141538549668,0.00030573788913172727,1.0,1.0,1.0
-0.2527096692522264,0.9990971027201857,0.00031955301879445117,1.0,1.0,1.0
-0.25253860099536496,1.0002613507786386,0.00030494076542154545,1.0,1.0,1.0
-0.25248218919714915,0.998246551478166,0.00031413869834923396,1.0,1.0,1.0
-0.2523274839145415,0.9997643950392475,0.0003199679553826664,1.0,1.0,1.0
-0.2521435437332684,1.0003168370318751,0.00030551374551012096,1.0,1.0,1.0
-0.25194796578376355,0.9989758202885449,0.00031820365884541846,1.0,1.0,1.0
-0.2518955096698505,1.001416128302395,0.0003053313715034138,1.0,1.0,1.0
-0.2518445777993179,0.9984570414987589,0.00031910799039919517,1.0,1.0,1.0
-0.251810530600288,0.9986844796938987,0.0003139434854237321,1.0,1.0,1.0
-0.25176668520109047,0.9992686127267937,0.00032091666005887683,1.0,1.0,1.0
-0.2516514238704701,1.0016359905946886,0.00030503561319080585,1.0,1.0,1.0
-0.2513821808975649,1.0010015350334578,0.00030481178169855066,1.0,1.0,1.0
-0.25117215814512583,0.9982529798964376,0.00031295437634655494,1.0,1.0,1.0
-0.25108989120698766,0.998368567990322,0.00031915171053824054,1.0,1.0,1.0
-0.25107166665532077,1.0012565136347862,0.0003051130440392846,1.0,1.0,1.0
-0.2507686739929227,0.9984994663497243,0.00031911146385051167,1.0,1.0,1.0
-0.25059473668531496,1.000728844580547,0.00030567223193818827,1.0,1.0,1.0
-0.2504642791712399,0.9982566148107215,0.00031454190519727916,1.0,1.0,1.0
-0.25044448907385686,0.9991593076662695,0.0003198350610794674,1.0,1.0,1.0
-0.2503256388840782,1.001563501518351,0.0003055427400163337,1.0,1.0,1.0
-0.2500804275807127,1.0005481554869435,0.00030527878185356374,1.0,1.0,1.0
-0.24995684575973343,0.9991283909907682,0.00031826331455597957,1.0,1.0,1.0
-0.24992468087658892,0.9988955421127912,0.00031920531151258225,1.0,1.0,1.0
-0.2498341965562645,1.0017181865413771,0.0003050968201998579,1.0,1.0,1.0
-0.24978377635639504,0.9981079673719244,0.00031378478040712803,1.0,1.0,1.0
-0.24976653400383952,0.999846041368521,0.0003183398165079424,1.0,1.0,1.0
-0.24955820118469774,1.0010276397993245,0.00030485373672009574,1.0,1.0,1.0
-0.2494443126030319,0.999599520163003,0.0003054399156994049,1.0,1.0,1.0
-0.24923624512371134,1.0013433757574792,0.00030521888383176874,1.0,1.0,1.0
-0.24919059454364856,0.9992102144321141,0.00031906057388065174,1.0,1.0,1.0
-0.24913846518748706,0.9993193460594045,0.0003132515111469715,1.0,1.0,1.0
-0.24907675766246484,1.000010979427834,0.00030556185048064667,1.0,1.0,1.0
-0.24883424292643497,0.99972250734902,0.0003181908652521381,1.0,1.0,1.0
-0.24883183696012168,0.9996601258173022,0.0003193366971589545,1.0,1.0,1.0
-0.24877152111031364,1.0007410676834931,0.0003056171027124888,1.0,1.0,1.0
-0.24850872358413767,1.0009755794361272,0.0003053620253110533,1.0,1.0,1.0
-0.24844873190603067,0.9985826346771364,0.0003143984483246158,1.0,1.0,1.0
-0.24826505426085532,1.001692259319646,0.00030533525559597657,1.0,1.0,1.0
-0.2480085631770237,0.9987423051774464,0.00031916839768984844,1.0,1.0,1.0
-0.24796881149086403,0.9983410501802793,0.0003180376570484701,1.0,1.0,1.0
-0.24781278719413535,0.999300998031903,0.00031842677762798963,1.0,1.0,1.0
-0.24775877143315483,0.9985454978255285,0.00031420777113969463,1.0,1.0,1.0
-0.24773229890524817,1.0005555672891706,0.0003049886025177181,1.0,1.0,1.0
-0.24760042592737364,1.0002602414527562,0.00030556715742078986,1.0,1.0,1.0
-0.24739836716963737,1.001699643128663,0.00030540875657117145,1.0,1.0,1.0
-0.24729539995817618,1.000029733786898,0.0003189416008237734,1.0,1.0,1.0
-0.24724527565194876,1.0004724908056322,0.00030572726045539645,1.0,1.0,1.0
-0.24710613883618215,0.9987911371035937,0.00031329825050381614,1.0,1.0,1.0
-0.24694967311984328,1.0008535040918913,0.00030559693625198343,1.0,1.0,1.0
-0.24689889774028018,0.9998168021704255,0.0003193118977270217,1.0,1.0,1.0
-0.24686492955088113,0.9993678789689501,0.00031825018754616925,1.0,1.0,1.0
-0.24669222406447489,1.0005078271538925,0.00030531941986369874,1.0,1.0,1.0
-0.24668967297236577,0.9996781709032075,0.0003196819685430371,1.0,1.0,1.0
-0.2464496387488282,1.0019067398810755,0.0003052217741472634,1.0,1.0,1.0
-0.24643578861481075,0.99897650815012,0.0003144901837579752,1.0,1.0,1.0
-0.24618415808359373,1.0004416926205073,0.00032098727606394423,1.0,1.0,1.0
-0.24609635619816572,1.0001238913522306,0.0003194534073222015,1.0,1.0,1.0
-0.24590459301191459,1.0013843770435613,0.00030508032563411884,1.0,1.0,1.0
-0.24586311309718667,0.9990258114132368,0.00031951497304315025,1.0,1.0,1.0
-0.24575857529546852,1.0000738131969023,0.00030576713679416744,1.0,1.0,1.0
-0.2457356299026614,0.9990983011421466,0.0003143613916666906,1.0,1.0,1.0
-0.24555761459265568,1.0009347108434377,0.0003051715097298842,1.0,1.0,1.0
-0.2454160323366068,1.0006435201633936,0.00030576536282421403,1.0,1.0,1.0
-0.2454037207940587,1.0002291915988002,0.0003198134007255188,1.0,1.0,1.0
-0.24512932337438542,1.0010822975699354,0.0003056698650722901,1.0,1.0,1.0
-0.24507530316680715,0.9992350390466584,0.0003134790637471866,1.0,1.0,1.0
-0.2449705612469586,0.9998838904336619,0.00031918926508675777,1.0,1.0,1.0
-0.24489895476074253,0.9989194151290856,0.0003183018260840008,1.0,1.0,1.0
-0.24487639534362415,1.0019000001261247,0.00030547067579064416,1.0,1.0,1.0
-0.24481760146289844,0.9995692933575714,0.0003195579555219341,1.0,1.0,1.0
-0.24463387480867027,1.0012207100897268,0.0003051466054455219,1.0,1.0,1.0
-0.24444515213146017,0.9982956914581209,0.00031227672418799744,1.0,1.0,1.0
-0.24437224403067148,1.0011847491075938,0.00030383096949514394,1.0,1.0,1.0
-0.24432990392605802,1.0010184742958452,0.00032105111087420396,1.0,1.0,1.0
-0.24407464957306502,1.0009208268705037,0.0003051815740416885,1.0,1.0,1.0
-0.2439192066695739,1.000535635159352,0.0003058718225537714,1.0,1.0,1.0
-0.24391726517528411,0.9997420484570697,0.0003195085722664414,1.0,1.0,1.0
-0.24371501764263925,0.9992244358896931,0.00031438581240344327,1.0,1.0,1.0
-0.24371398938933453,1.001290681176702,0.0003051737809723948,1.0,1.0,1.0
-0.2435887579145799,1.000235565300676,0.0003056176928378506,1.0,1.0,1.0
-0.24351607368333816,1.000441621690705,0.00032008386799057187,1.0,1.0,1.0
-0.24330990671694508,1.0010426527824745,0.00030553711011620607,1.0,1.0,1.0
-0.24317214282054778,0.9993530075454128,0.0003181028745098798,1.0,1.0,1.0
-0.2430462187542375,0.9990436854796313,0.0003138591269592549,1.0,1.0,1.0
-0.24304544928709504,0.9995588773379122,0.00031938248786604677,1.0,1.0,1.0
-0.24293678275036257,0.9995331176049811,0.0003184006378731319,1.0,1.0,1.0
-0.24281745604301364,1.0017430737118496,0.00030517496916629926,1.0,1.0,1.0
-0.24255011039610963,1.0017715786841013,0.0003046531210330616,1.0,1.0,1.0
-0.2424098371556993,0.9990655286459335,0.00031304145239917337,1.0,1.0,1.0
-0.2422424545312083,1.0018657624951894,0.00030525006982104973,1.0,1.0,1.0
-0.24208234471552714,1.0004554192709216,0.00030571439481120034,1.0,1.0,1.0
-0.24202572070034023,0.9982141383142801,0.00031734362253204966,1.0,1.0,1.0
-0.2419751312924916,0.9992592227769497,0.0003192873923490412,1.0,1.0,1.0
-0.24169635025543812,0.9991247969590265,0.00031439183112730583,1.0,1.0,1.0
-0.24163186294418892,0.9990792493238081,0.00031976902686922475,1.0,1.0,1.0
-0.241491825031801,1.0008904012482172,0.000305606969182136,1.0,1.0,1.0
-0.241245684119491,1.00146282562746,0.0003054580197014677,1.0,1.0,1.0
-0.24117997469860342,1.0001641066363665,0.00031829328173414983,1.0,1.0,1.0
-0.24112425770856305,0.9995172024025547,0.00031952012212307663,1.0,1.0,1.0
-0.2410838162551272,1.0002420740398743,0.00032095102868706356,1.0,1.0,1.0
-0.2410188667209212,0.9981914267709361,0.0003138186145055238,1.0,1.0,1.0
-0.24100049161302195,1.0012355581662287,0.00030501655409477746,1.0,1.0,1.0
-0.24097845740605806,0.9993844202037885,0.0003185195375020222,1.0,1.0,1.0
-0.24072668449559842,1.001526637691985,0.00030499715067654816,1.0,1.0,1.0
-0.24062021003567224,0.9999039794156998,0.00030552772120043015,1.0,1.0,1.0
-0.24040855111047676,1.0002686749346719,0.00030512410578100086,1.0,1.0,1.0
-0.24038347146503725,0.9999756609664721,0.0003191022163802787,1.0,1.0,1.0
-0.2403758590984859,0.9991452595831973,0.00031333421097576867,1.0,1.0,1.0
-0.24024801170924093,0.9999866401276949,0.0003055377379229523,1.0,1.0,1.0
-0.24005140138287118,0.9989823430308298,0.0003179529916390194,1.0,1.0,1.0
-0.24003701058555293,0.9996277051792831,0.00031916911180733873,1.0,1.0,1.0
-0.23993943479689506,1.0008230120812374,0.00030557251337785845,1.0,1.0,1.0
-0.23975145722351954,0.9999098608812498,0.00031992598979256365,1.0,1.0,1.0
-0.2396800114234452,0.999584151390978,0.0003146257081545999,1.0,1.0,1.0
-0.23967450764584441,1.0014102062981225,0.00030557788579973734,1.0,1.0,1.0
-0.23943061106578511,1.0009634902044422,0.0003053679498106742,1.0,1.0,1.0
-0.23922196218518366,1.0006348072566038,0.0003210505695485467,1.0,1.0,1.0
-0.2392068473095179,1.0010205702707604,0.0003196013548057724,1.0,1.0,1.0
-0.23919086747434903,0.9984263880199645,0.0003180145674690486,1.0,1.0,1.0
-0.23918253638333908,1.0013867300295904,0.0003050969831343282,1.0,1.0,1.0
-0.23902346467733082,0.9994553299316318,0.00031839848736996823,1.0,1.0,1.0
-0.23899322576908588,0.9990774056078018,0.000313961072612195,1.0,1.0,1.0
-0.23890138893005997,1.000983899999453,0.0003050388290252615,1.0,1.0,1.0
-0.23877456759558413,1.0009344666814066,0.00030567636879603614,1.0,1.0,1.0
-0.23857140716273761,1.0011924990238728,0.00030525825151264105,1.0,1.0,1.0
-0.23841580815638963,1.0004753940541533,0.00030579538233297386,1.0,1.0,1.0
-0.2383432061815114,0.999036327676766,0.00031311119728321096,1.0,1.0,1.0
-0.2381171054991853,1.000998399460109,0.00030563050892906863,1.0,1.0,1.0
-0.2380809050135042,0.9988239387808884,0.0003180017932762575,1.0,1.0,1.0
-0.23787452741439097,0.999871726004909,0.00031974440907060964,1.0,1.0,1.0
-0.23785807411698556,1.0013133542817825,0.0003052888115552403,1.0,1.0,1.0
-0.2376151351294311,1.000970971262054,0.0003051461294521263,1.0,1.0,1.0
-0.23736356154347504,1.0005753904962167,0.0003050501203885181,1.0,1.0,1.0
-0.23736322678510646,1.0012732493026628,0.0003211243284330127,1.0,1.0,1.0
-0.23729348879945178,1.0000471005859792,0.0003193580041351466,1.0,1.0,1.0
-0.23720517128013796,0.9994452348852458,0.0003178920684516349,1.0,1.0,1.0
-0.2370742028957693,1.000991064856842,0.00030494641592895567,1.0,1.0,1.0
-0.23707253368979764,0.9996309322257797,0.0003195013462771041,1.0,1.0,1.0
-0.23693252060479608,1.0002114530070954,0.00030569827287290366,1.0,1.0,1.0
-0.23673171196111298,1.0009071112446555,0.00030527644205896023,1.0,1.0,1.0
-0.23659395114594872,1.0006667255921888,0.0003196431379704617,1.0,1.0,1.0
-0.23658602431962095,1.0008354132887707,0.00030570785519240296,1.0,1.0,1.0
-0.23639282741827117,0.9986114182754618,0.00031703431275253963,1.0,1.0,1.0
-0.23631172610360096,0.9987936273863832,0.0003132816389673,1.0,1.0,1.0
-0.23617301570695304,0.9986941904737728,0.00031913763295612457,1.0,1.0,1.0
-0.2361137307822503,0.9987482810249961,0.0003181121952145836,1.0,1.0,1.0
-0.23604208751839906,1.0001980342787458,0.0003052937597300187,1.0,1.0,1.0
-0.236001432805665,0.99978257332627,0.00031974308880601673,1.0,1.0,1.0
-0.23579936619759678,1.001560912231387,0.00030516037107495496,1.0,1.0,1.0
-0.23565486849791029,0.9984225204543825,0.0003147876470346774,1.0,1.0,1.0
-0.23550794323580249,0.999978960248151,0.0003207639270750684,1.0,1.0,1.0
-0.23538389466864373,1.0004148440881175,0.000319304995172784,1.0,1.0,1.0
-0.2352449697755219,1.001338876193095,0.0003051626331630473,1.0,1.0,1.0
-0.23509243736435792,1.0010196088558776,0.0003058069171586665,1.0,1.0,1.0
-0.23494794984412337,0.998629323837014,0.0003140185564580632,1.0,1.0,1.0
-0.234889050158813,1.0001325543143846,0.0003050899874519019,1.0,1.0,1.0
-0.23475811452445328,0.999890315802948,0.0003056279357635161,1.0,1.0,1.0
-0.23470493016830574,1.0002526435601724,0.00031988889652081516,1.0,1.0,1.0
-0.23439652171211378,0.9986877099219603,0.0003178390756724379,1.0,1.0,1.0
-0.23424674801077572,0.9991422061795368,0.00031924041495239215,1.0,1.0,1.0
-0.23422652477754013,1.0009214449061068,0.00030523832835207155,1.0,1.0,1.0
-0.2341503438314163,0.999149281027853,0.0003181701196207915,1.0,1.0,1.0
-0.23413155770847993,1.0010278211422852,0.000321025127976262,1.0,1.0,1.0
-0.23398327508672878,1.0013311531650164,0.00030508450488540774,1.0,1.0,1.0
-0.23371800737317017,1.0012320950554998,0.00030439266357532236,1.0,0.9999999999999999,1.0
-0.23364778529252606,0.9992680209234013,0.00031244214572322164,1.0,0.9999999999999999,1.0
-0.23347832726679485,0.9994707394114464,0.00031928424127799777,1.0,0.9999999999999999,1.0
-0.23341367351531517,1.001075242534877,0.0003050831209353285,1.0,0.9999999999999999,1.0
-0.23325476060961137,1.0008353504601124,0.00030573242738098614,1.0,0.9999999999999999,1.0
-0.23324442422261882,0.9989804833475885,0.0003157932370815504,1.0,0.9999999999999999,1.0
-0.23318201068505573,0.9985849031077288,0.00031932721115048653,1.0,0.9999999999999999,1.0
-0.2330435651123821,1.001077226982481,0.0003050342785773479,1.0,0.9999999999999999,1.0
-0.23293194533724204,1.000400998990619,0.0003056995791269268,1.0,0.9999999999999999,1.0
-0.23292867563207764,0.9997843506879459,0.00031469064814853746,1.0,0.9999999999999999,1.0
-0.23281963662151384,0.9989151467120156,0.00031995285168154596,1.0,0.9999999999999999,1.0
-0.23241122236953515,1.0013019977678597,0.0003053948403338911,1.0,0.9999999999999999,1.0
-0.23240345245890381,0.9984940197961938,0.00031830210776273007,1.0,0.9999999999999999,1.0
-0.23226525176110613,0.9999211945085859,0.0003210613821968831,1.0,0.9999999999999999,1.0
-0.232254158778872,0.9988369192971062,0.00031398749344063194,1.0,0.9999999999999999,1.0
-0.23216641657074888,1.001210400327784,0.00030491748414981614,1.0,0.9999999999999999,1.0
-0.23189497907122814,1.000705942161492,0.0003048643431820695,1.0,0.9999999999999999,1.0
-0.23179614265197301,1.0004722918177484,0.0003054586308537484,1.0,0.9999999999999999,1.0
-0.23161325882804906,0.9992137913534843,0.00031318779542153006,1.0,0.9999999999999999,1.0
-0.2315766276674367,1.0002026776107578,0.0003192541421592851,1.0,0.9999999999999999,1.0
-0.23141965168716183,1.0004249740956415,0.00030578403451359264,1.0,0.9999999999999999,1.0
-0.2312689461133175,0.9996800988227696,0.00031807456260496495,1.0,0.9999999999999999,1.0
-0.2312426085628232,0.9994016076653159,0.00031917663770240126,1.0,0.9999999999999999,1.0
-0.23110737929056313,1.0004554046957195,0.000305728058013049,1.0,0.9999999999999999,1.0
-0.23093802565125543,0.9998785998419474,0.00031986450777047475,1.0,0.9999999999999999,1.0
-0.23091155620487314,0.9986226206305266,0.000314597033047683,1.0,0.9999999999999999,1.0
-0.2308405114617358,1.0010131043723105,0.0003054316223896075,1.0,0.9999999999999999,1.0
-0.23059587697272832,1.0016001198889377,0.0003053473009886609,1.0,0.9999999999999999,1.0
-0.23041328034658903,0.9993592529401082,0.00031799407678298057,1.0,0.9999999999999999,1.0
-0.2304054191130689,1.000595462727898,0.0003193325147060475,1.0,0.9999999999999999,1.0
-0.23040244332557336,0.9997959747889331,0.00032094396406299753,1.0,0.9999999999999999,1.0
-0.2303487612441586,1.0007341227380402,0.00030496079338510415,1.0,0.9999999999999999,1.0
-0.23023455521810376,0.9990787136075515,0.00031826364672032806,1.0,0.9999999999999999,1.0
-0.23022789422213918,0.9987222195693786,0.0003136769985906481,1.0,0.9999999999999999,1.0
-0.23007027280425518,1.0010899219659426,0.000304859502635569,1.0,0.9999999999999999,1.0
-0.22994970332064213,0.999940651606588,0.00030554944265212525,1.0,0.9999999999999999,1.0
-0.22974443117249166,1.0005262371220234,0.00030513468014413896,1.0,0.9999999999999999,1.0
-0.22958671287750576,1.0001819468566542,0.00030574550512461293,1.0,0.9999999999999999,1.0
-0.22958029305987182,0.9993099968488747,0.0003132586605884964,1.0,0.9999999999999999,1.0
-0.2293070936046604,0.9996946804068885,0.00031919165048105577,1.0,0.9999999999999999,1.0
-0.2292971346072079,0.9990343812559955,0.0003180653319385458,1.0,0.9999999999999999,1.0
-0.22928469148055797,1.000140113913925,0.0003055691282793757,1.0,0.9999999999999999,1.0
-0.229023710879261,1.0008146031876717,0.00030517058559280396,1.0,0.9999999999999999,1.0
-0.22889683503463942,0.9990491999336261,0.00031436456330648,1.0,0.9999999999999999,1.0
-0.2287807381702578,1.0005655824278201,0.00030519454144081363,1.0,0.9999999999999999,1.0
-0.22854264142401348,0.9995189469511551,0.0003208417806718753,1.0,0.9999999999999999,1.0
-0.22853028012514187,1.0011794308424125,0.000305121166302655,1.0,0.9999999999999999,1.0
-0.22849090810369432,0.9994294024736071,0.0003192768089123816,1.0,0.9999999999999999,1.0
-0.22842649603040854,0.9984860636530765,0.000317827854577398,1.0,0.9999999999999999,1.0
-0.22828237088958758,0.9987666047870002,0.0003182774772374038,1.0,0.9999999999999999,1.0
-0.22824386706264477,1.0010375855134914,0.000304923602630553,1.0,0.9999999999999999,1.0
-0.22820355662874192,0.9984927154290851,0.0003140485933885005,1.0,0.9999999999999999,1.0
-0.2281067556826315,1.0006251941112172,0.0003056975471327558,1.0,0.9999999999999999,1.0
-0.22790550099608708,1.001284486507966,0.00030528857421777486,1.0,0.9999999999999999,1.0
-0.22778445367958966,0.9995120038950635,0.0003192460732260822,1.0,0.9999999999999999,1.0
-0.22775595854048447,1.000522191269235,0.00030575871895774625,1.0,0.9999999999999999,1.0
-0.2276186879462614,0.9991538345453242,0.0003162672195429773,1.0,0.9999999999999999,1.0
-0.22754845913862098,0.9986320003084345,0.00031296946447546175,1.0,0.9999999999999999,1.0
-0.2274633218728752,1.001175425138506,0.0003056708490973507,1.0,0.9999999999999999,1.0
-0.227328904674593,0.9986598978246269,0.0003181865536117802,1.0,0.9999999999999999,1.0
-0.2272076873222204,1.000919325119897,0.00030533852643357685,1.0,0.9999999999999998,1.0
-0.22718550696509965,1.0001162302462359,0.0003197780078349362,1.0,0.9999999999999998,1.0
-0.22696508451053887,1.0009028683069245,0.00030511155447622725,1.0,0.9999999999999998,1.0
-0.2268847520438868,0.9989035263862702,0.00031465413872486014,1.0,0.9999999999999998,1.0
-0.2265800267491045,1.0004730216222621,0.00031956301284851384,1.0,0.9999999999999998,1.0
-0.22644316921211782,0.9989456232526656,0.0003178310823636034,1.0,0.9999999999999998,1.0
-0.22641532716841084,1.0002558781608188,0.00030498629136703476,1.0,0.9999999999999998,1.0
-0.22633399305183843,0.9990868685664839,0.00031957987697772407,1.0,0.9999999999999998,1.0
-0.22626566870454212,1.0005619778610078,0.0003058816846313078,1.0,0.9999999999999998,1.0
-0.22618125910270237,0.9984137605327243,0.00031392370944315794,1.0,0.9999999999999998,1.0
-0.2260639265190889,1.0008784158332396,0.00030516817527613554,1.0,0.9999999999999998,1.0
-0.2259273988409234,1.0007123436895264,0.00030577769007945877,1.0,0.9999999999999998,1.0
-0.22589433118818647,0.9991365463911183,0.00031983309869465596,1.0,0.9999999999999998,1.0
-0.2256434000289005,1.0009332277477347,0.0003055980311077143,1.0,0.9999999999999998,1.0
-0.2256213770503166,0.9994550741297756,0.00031777400421953363,1.0,0.9999999999999998,1.0
-0.22551801909129132,0.9986404990005735,0.00031349599189897296,1.0,0.9999999999999998,1.0
-0.22544833570636058,0.9993252959211638,0.0003192139648402349,1.0,0.9999999999999998,1.0
-0.22539186401655797,1.0018085463671564,0.0003054509959507458,1.0,0.9999999999999998,1.0
-0.22536430794639273,0.9986990582727784,0.00031805460622489056,1.0,0.9999999999999998,1.0
-0.22531462296714722,0.999171852426763,0.00032104543029838655,1.0,0.9999999999999998,1.0
-0.225149025547978,1.00133784484461,0.00030508913177021126,1.0,0.9999999999999998,1.0
-0.22488585945118977,0.9990879544730099,0.0003127881367464816,1.0,0.9999999999999998,1.0
-0.22488573908083254,1.0009720002443834,0.00030396993179201173,1.0,0.9999999999999998,1.0
-0.22487595971856678,0.9981492305940003,0.0003143918055044672,1.0,0.9999999999999998,1.0
-0.22483297480118836,1.0004109426996126,0.0003209329930021572,1.0,0.9999999999999998,1.0
-0.2246730386897866,0.9998010234357434,0.00031925019185716447,1.0,0.9999999999999998,1.0
-0.22458477464579119,1.0004894750201125,0.00030521762878827377,1.0,0.9999999999999998,1.0
-0.224427164241348,1.0006657414626243,0.0003057753799564399,1.0,0.9999999999999998,1.0
-0.22438945074722483,0.9996179808354853,0.0003195238213612687,1.0,0.9999999999999998,1.0
-0.22421915680314441,1.000548351569718,0.00030499486553339154,1.0,0.9999999999999998,1.0
-0.22400767313257575,1.0000899578851554,0.00031995452970324097,1.0,0.9999999999999997,1.0
-0.22382449839003016,0.999958805527248,0.00030558612328825515,1.0,0.9999999999999997,1.0
-0.22362727614647326,0.998475642394037,0.00031816374927101193,1.0,0.9999999999999997,1.0
-0.22357663235908376,1.0018007174297894,0.00030526754843546167,1.0,0.9999999999999997,1.0
-0.22352455516917757,0.9993676374825281,0.0003191704438646555,1.0,0.9999999999999997,1.0
-0.22348950971827364,0.9986542055274651,0.00031395275685277744,1.0,0.9999999999999997,1.0
-0.22344719178806827,1.0004227782068336,0.00032094548040835616,1.0,0.9999999999999997,1.0
-0.2234033905677535,0.9994810909002284,0.00031834031992057876,1.0,0.9999999999999997,1.0
-0.22333253179647272,1.000892267456331,0.00030485985871486375,1.0,0.9999999999999997,1.0
-0.22306322926647226,1.000868930296968,0.00030462325589906427,1.0,0.9999999999999997,1.0
-0.22286902965657163,0.9999372492735448,0.0003143035623408989,1.0,0.9999999999999997,1.0
-0.22285107562868234,0.9988220591775919,0.00031310020639524277,1.0,0.9999999999999997,1.0
-0.2227702033711978,0.9991010025904399,0.0003191958647887428,1.0,0.9999999999999997,1.0
-0.22275247362944128,1.000678128765345,0.0003051358566659596,1.0,0.9999999999999997,1.0
-0.22244863054906716,0.9995759150674943,0.0003191745794776797,1.0,0.9999999999999997,1.0
-0.22227577556503775,1.0010789968857245,0.0003057051413366013,1.0,0.9999999999999997,1.0
-0.22212499033636846,1.0003844374471793,0.00031983902033575666,1.0,0.9999999999999996,1.0
-0.22200674101171103,1.0015848342467297,0.00030556889073777443,1.0,0.9999999999999996,1.0
-0.22176141239921776,1.0010010677739345,0.00030528696339923955,1.0,0.9999999999999996,1.0
-0.22163604754621247,0.9990783842093512,0.0003182968023994507,1.0,0.9999999999999996,1.0
-0.22160455676947777,0.9996197178409518,0.0003192310922856548,1.0,0.9999999999999996,1.0
-0.22151515815096445,1.001601723647455,0.0003050749405120439,1.0,0.9999999999999996,1.0
-0.22144605686011687,0.9999998314512735,0.00031839541590927026,1.0,0.9999999999999996,1.0
-0.22123909486248294,1.0014044464927954,0.0003049435895888957,1.0,0.9999999999999996,1.0
-0.22112500570673888,1.000568056177663,0.00030555071751050536,1.0,0.9999999999999996,1.0
-0.22091716686577456,1.0004943293275725,0.00030520839787505816,1.0,0.9999999999999996,1.0
-0.22087094285959097,0.9991402979542748,0.00031900189060973664,1.0,0.9999999999999996,1.0
-0.22081739493339025,0.9994118324547268,0.0003132864714456539,1.0,0.9999999999999996,1.0
-0.2207575785628535,1.000477758252185,0.00030564797601886906,1.0,0.9999999999999996,1.0
-0.2205138929238899,0.9991540493034021,0.0003181868676525746,1.0,0.9999999999999994,1.0
-0.2205118303032947,1.000186944149887,0.0003193995421908148,1.0,0.9999999999999994,1.0
-0.22045243639848877,1.0008502604450815,0.0003056436103642939,1.0,0.9999999999999994,1.0
-0.22024567936293238,1.0001086503900023,0.00031995397191059773,1.0,0.9999999999999994,1.0
-0.22018955576868393,1.0015445686433537,0.0003054478860964898,1.0,0.9999999999999994,1.0
-0.22012783832654748,0.9978487755703924,0.00031433602794718885,1.0,0.9999999999999994,1.0
-0.21994603811128854,1.0013367323415638,0.00030532118816762265,1.0,0.9999999999999994,1.0
-0.21972240520699415,1.0002985063143175,0.00032085637750452347,1.0,0.9999999999999994,1.0
-0.21969701394397134,1.0012110023532694,0.0003051019172494769,1.0,0.9999999999999994,1.0
-0.21968875337323368,0.999858076770663,0.0003192888887300839,1.0,0.9999999999999994,1.0
-0.21964832111670773,0.999272806443432,0.00031810026647244646,1.0,0.9999999999999994,1.0
-0.21949262274026182,0.9989050166118467,0.00031840511087519304,1.0,0.9999999999999994,1.0
-0.21941303642967114,1.001013430190319,0.0003050861940007454,1.0,0.9999999999999994,1.0
-0.21928114550200917,1.0001076972056844,0.00030558986915985486,1.0,0.9999999999999993,1.0
-0.21907898654802693,1.001375097484774,0.00030530547897173594,1.0,0.9999999999999993,1.0
-0.21897564549630033,0.9996141681107867,0.0003188725111291936,1.0,0.9999999999999993,1.0
-0.21892625564012747,1.0003578197087224,0.0003057448350707766,1.0,0.9999999999999993,1.0
-0.21863074038648733,1.0005612977569867,0.0003055339710767047,1.0,0.9999999999999993,1.0
-0.2185787889510209,0.9999376195878557,0.0003193004530263223,1.0,0.9999999999999993,1.0
-0.2185444748343599,0.9994199547367045,0.00031824289016802126,1.0,0.9999999999999993,1.0
-0.21837320049294817,1.000981926519715,0.00030533735753159844,1.0,0.9999999999999993,1.0
-0.2183701034137755,1.000796824566893,0.00031985547041840797,1.0,0.9999999999999993,1.0
-0.21813062001771755,1.0009735369354131,0.00030515989707610166,1.0,0.9999999999999992,1.0
-0.2178648958803251,0.9994150935343814,0.0003208627230334584,1.0,0.9999999999999992,1.0
-0.21777658318141846,0.9992365980832376,0.00031943445983067956,1.0,0.9999999999999992,1.0
-0.21758531141682624,1.0018735555513463,0.00030520413949297636,1.0,0.9999999999999992,1.0
-0.21754298446228404,1.0003457443212673,0.00031959555481905744,1.0,0.9999999999999992,1.0
-0.2174393200401994,1.0001745253061465,0.000305782645719039,1.0,0.9999999999999991,1.0
-0.2174148026366538,0.9999083151114803,0.00031452110754967116,1.0,0.9999999999999991,1.0
-0.21723820758074908,1.0002846697218537,0.0003051795657277975,1.0,0.9999999999999991,1.0
-0.2170968927568424,1.000581051771632,0.000305756899298447,1.0,0.9999999999999991,1.0
-0.21684656735430963,1.003895299565974,0.0003176577775334958,1.0,0.9999999999999991,1.0
-0.2168101255585384,1.0007735697117213,0.0003056280553542175,1.0,0.9999999999999991,1.0
-0.21675439974517197,0.9992728983213736,0.0003135512593643217,1.0,0.9999999999999991,1.0
-0.21665048957751765,0.999387523671842,0.00031920513836691144,1.0,0.999999999999999,1.0
-0.216578673169181,0.9994213803363311,0.0003183132995299747,1.0,0.999999999999999,1.0
-0.21655751480591334,1.0011212755741032,0.00030531784750901006,1.0,0.999999999999999,1.0
-0.2163147134571659,1.000533868130941,0.0003051039024039087,1.0,0.999999999999999,1.0
-0.21612405509381583,0.9975195208136414,0.00031249946639395004,1.0,0.999999999999999,1.0
-0.21605303422478528,1.001167586698568,0.0003037993239625299,1.0,0.9999999999999989,1.0
-0.21601067108790062,1.0002220976670129,0.00032104219081877794,1.0,0.9999999999999989,1.0
-0.21586845004475208,1.0000304240233822,0.00031935628991846995,1.0,0.9999999999999989,1.0
-0.2157553474364704,1.0008404912188997,0.00030511859460147835,1.0,0.9999999999999989,1.0
-0.21559997528353847,1.0003207369751843,0.00030578566367374697,1.0,0.9999999999999989,1.0
-0.2153946932226063,1.001767013264946,0.0003052437870033929,1.0,0.9999999999999988,1.0
-0.21539393383542205,0.9990190833106543,0.0003144998543169904,1.0,0.9999999999999988,1.0
-0.21526963641571228,1.0008012104693387,0.0003056833100022914,1.0,0.9999999999999988,1.0
-0.21519625161721478,0.9999360461381683,0.0003200514365194963,1.0,0.9999999999999988,1.0
-0.2149908582980231,1.0012348062871528,0.00030557383583053495,1.0,0.9999999999999988,1.0
-0.2148514431898505,0.9992396465185487,0.0003181456362550446,1.0,0.9999999999999987,1.0
-0.2147419203604386,1.0022027167803653,0.00030548110960190196,1.0,0.9999999999999987,1.0
-0.21472527579781797,0.9997481581496779,0.00031936041151614406,1.0,0.9999999999999987,1.0
-0.21472519254778533,0.9989407158116844,0.0003139007710783884,1.0,0.9999999999999987,1.0
-0.21462950098629108,1.0000965608962755,0.0003211331420908082,1.0,0.9999999999999987,1.0
-0.21461653569708972,0.9998559666620404,0.00031839936103882516,1.0,0.9999999999999987,1.0
-0.21449828904439983,1.0011953536557183,0.0003051546523816687,1.0,0.9999999999999987,1.0
-0.2142310251497861,1.000861417554338,0.0003045961939761603,1.0,0.9999999999999986,1.0
-0.21408875076693556,0.998439345942448,0.00031277363279081006,1.0,0.9999999999999986,1.0
-0.21396405998959267,0.9995487654957058,0.00031916442762545646,1.0,0.9999999999999986,1.0
-0.2139231304918212,1.0011780739211673,0.0003051803015959671,1.0,0.9999999999999984,1.0
-0.21376327548287577,1.0006856592146214,0.0003057070911245054,1.0,0.9999999999999984,1.0
-0.2137053264988964,0.998473579367325,0.00031740502415634407,1.0,0.9999999999999984,1.0
-0.21365493699957483,0.999513545707783,0.0003193374100078083,1.0,0.9999999999999984,1.0
-0.21354803413714762,1.0003222997145107,0.0003049267401812015,1.0,0.9999999999999984,1.0
-0.21344407437601376,1.0008059863965653,0.00030576598346906904,1.0,0.9999999999999983,1.0
-0.21337542667555454,0.9996449031568773,0.000314719159615705,1.0,0.9999999999999983,1.0
-0.21331221431566405,1.000528788580554,0.00031991997734613864,1.0,0.9999999999999983,1.0
-0.21317278580963261,1.0009600346417755,0.0003055320113669294,1.0,0.9999999999999983,1.0
-0.21292680745409598,1.0006103275704172,0.0003053529443045035,1.0,0.9999999999999982,1.0
-0.21285916647151026,0.9997420042549982,0.00031830630994850184,1.0,0.9999999999999982,1.0
-0.21280425993589347,1.0000111306669777,0.00031953351623180144,1.0,0.9999999999999982,1.0
-0.2127643441499174,1.0004929412096069,0.0003209754212466764,1.0,0.9999999999999982,1.0
-0.21269771886915834,0.9989189050369188,0.00031385000515662725,1.0,0.9999999999999981,1.0
-0.21268131734370854,1.001481549916451,0.00030504950824841005,1.0,0.9999999999999981,1.0
-0.2126579686554635,0.9999570950591891,0.0003185362658809948,1.0,0.9999999999999981,1.0
-0.2124075836592283,1.0008172444617593,0.00030493127649398817,1.0,0.9999999999999981,1.0
-0.2123007555172478,1.0009416630350434,0.0003055956098552582,1.0,0.999999999999998,1.0
-0.21208934227263398,1.0008033165220798,0.00030510019307177465,1.0,0.999999999999998,1.0
-0.21205478465945937,0.9990527047355279,0.0003133003177637258,1.0,0.999999999999998,1.0
-0.21192882566163007,1.000447523524596,0.00030552286762823165,1.0,0.9999999999999979,1.0
-0.21173104041884017,0.9992513895847175,0.000317973391961366,1.0,0.9999999999999979,1.0
-0.21171699167646807,0.9993083541835579,0.00031925240460443563,1.0,0.9999999999999979,1.0
-0.2116203452345644,1.0003020376961878,0.0003056296491707538,1.0,0.9999999999999978,1.0
-0.21143170421373725,0.9997446480595096,0.0003198803978265737,1.0,0.9999999999999978,1.0
-0.21135911010939878,0.9999653871315419,0.0003147909492032777,1.0,0.9999999999999977,1.0
-0.2113556147651252,1.000584327454645,0.0003055532735770935,1.0,0.9999999999999977,1.0
-0.21111159541032976,1.0006001085637009,0.00030529806203133294,1.0,0.9999999999999977,1.0
-0.2109025210585287,0.9999632466362436,0.00032099315888502736,1.0,0.9999999999999976,1.0
-0.21088688631381558,0.99902905226047,0.0003193474407845576,1.0,0.9999999999999976,1.0
-0.21087036709670315,0.9996998690453835,0.0003180990340795431,1.0,0.9999999999999976,1.0
-0.21086349183673292,1.0010472142814166,0.00030507095814969533,1.0,0.9999999999999976,1.0
-0.21070328861658538,1.0002178358162583,0.0003184866713456396,1.0,0.9999999999999974,1.0
-0.21067223442359762,0.9988325077797103,0.0003140303714927118,1.0,0.9999999999999974,1.0
-0.21058227099086935,1.0010157297042397,0.0003050586204860425,1.0,0.9999999999999974,1.0
-0.21045513986072706,1.0008866609066924,0.0003056572642864813,1.0,0.9999999999999973,1.0
-0.2102523122759976,1.0012957194331151,0.00030530646620052234,1.0,0.9999999999999972,1.0
-0.21009678151926892,1.0008826794298058,0.00030576835260680193,1.0,0.9999999999999972,1.0
-0.21002214496282967,0.9994818060230339,0.00031337686164786875,1.0,0.9999999999999971,1.0
-0.20979816857081346,1.0006875649700264,0.0003055736973116601,1.0,0.999999999999997,1.0
-0.2097825232128514,0.9991904435712511,0.00031923689876032797,1.0,0.999999999999997,1.0
-0.20976043901278274,0.9984822059342797,0.0003180027545813529,1.0,0.999999999999997,1.0
-0.20955508547095292,1.0001042665584317,0.00031974788694322964,1.0,0.9999999999999969,1.0
-0.20953891033519767,1.0006808848180513,0.00030524486523207986,1.0,0.9999999999999969,1.0
-0.20934522665110222,0.9992176099386315,0.00031452668171151545,1.0,0.9999999999999968,1.0
-0.20929625605393198,1.001353088285234,0.0003051879966436807,1.0,0.9999999999999968,1.0
-0.20904436801339443,1.0013105386155228,0.0003050831916553298,1.0,0.9999999999999967,1.0
-0.20904395458845215,1.000111532919625,0.0003211002962471911,1.0,0.9999999999999967,1.0
-0.20897342599398883,1.0001742302899486,0.0003194404608671763,1.0,0.9999999999999967,1.0
-0.208884702203747,0.9993262605264398,0.00031788253142060545,1.0,0.9999999999999966,1.0
-0.20875506636139107,1.0003311586992594,0.0003049636072360292,1.0,0.9999999999999964,1.0
-0.2087523934480089,0.9988842765941163,0.0003194873054953484,1.0,0.9999999999999964,1.0
-0.20864857706778395,0.9988065797896978,0.0003141956052626468,1.0,0.9999999999999964,1.0
-0.2086131183526163,1.0001617133146747,0.0003057366350827203,1.0,0.9999999999999964,1.0
-0.20841245242007744,1.000334111628951,0.0003052303433938263,1.0,0.9999999999999963,1.0
-0.20827422055327816,0.9993779947418325,0.00031946531513438246,1.0,0.9999999999999962,1.0
-0.20826674001185097,1.0001509985919268,0.00030567587159430724,1.0,0.9999999999999962,1.0
-0.20807208937697652,0.9990023826986903,0.00031723069203803034,1.0,0.9999999999999961,1.0
-0.2079908176802192,0.9993485972036925,0.00031339680152912315,1.0,0.999999999999996,1.0
-0.2079772602532728,1.000759281822854,0.0003057014874093614,1.0,0.999999999999996,1.0
-0.20785307036187817,1.000123197359345,0.00031923358997736897,1.0,0.9999999999999959,1.0
-0.20779343789644145,0.9996639183060092,0.00031816307816451,1.0,0.9999999999999959,1.0
-0.20772306709312716,1.001772712273056,0.0003054628964813678,1.0,0.9999999999999959,1.0
-0.2076818855028364,1.0002616608041077,0.0003197451302830916,1.0,0.9999999999999958,1.0
-0.20748048356239224,1.0006590447000911,0.0003050341432808105,1.0,0.9999999999999957,1.0
-0.2073338763356034,0.9990636442981462,0.0003150871741091942,1.0,0.9999999999999956,1.0
-0.20718856213014192,0.9993547840123413,0.00032081284138339044,1.0,0.9999999999999954,1.0
-0.20706414584381605,0.9985054878212312,0.00031909113237657674,1.0,0.9999999999999953,1.0
-0.2067730599595734,1.0004239729446602,0.00030577678486234055,1.0,0.9999999999999951,1.0
-0.20656990179571721,1.0005524022080994,0.00030522609793148293,1.0,0.999999999999995,1.0
-0.20643884861021888,1.0001919116377873,0.0003056175141936773,1.0,0.9999999999999949,1.0
-0.20638509615241674,0.9997939742391849,0.00031991388479775157,1.0,0.9999999999999948,1.0
-0.20607595131001233,0.9993462550369865,0.00031785857915724665,1.0,0.9999999999999946,1.0
-0.20596106432433814,0.9992252354778867,0.0003134220537487602,1.0,0.9999999999999944,1.0
-0.20592656258185116,1.0003195952381114,0.00031934567253904243,1.0,0.9999999999999944,1.0
-0.2059075076699628,1.0009776318778003,0.000305241345558945,1.0,0.9999999999999944,1.0
-0.20583008547379222,0.9994248250457172,0.0003181984243706037,1.0,0.9999999999999943,1.0
-0.2058120429976782,0.9997051692251199,0.0003209825293388885,1.0,0.9999999999999943,1.0
-0.2053989269269323,1.0006516485244437,0.00030436858470151855,1.0,0.9999999999999939,1.0
-0.20532683396101303,0.9993818374981659,0.00031251060605313005,1.0,0.9999999999999938,1.0
-0.20515847663222075,0.9998047457953804,0.000319311558398995,1.0,0.9999999999999937,1.0
-0.20509449546443648,1.0009240577265035,0.0003051637534126407,1.0,0.9999999999999936,1.0
-0.20493540643875008,1.0003264228445892,0.0003056596870207985,1.0,0.9999999999999934,1.0
-0.20492401903952384,0.9986793793022706,0.00031584220906382895,1.0,0.9999999999999934,1.0
-0.20486180444240176,0.9995107028170771,0.0003194763136045526,1.0,0.9999999999999933,1.0
-0.2047241110780078,1.0001696572261567,0.0003050081043666293,1.0,0.9999999999999932,1.0
-0.20461269652574288,1.0007116707660555,0.00030565845162461183,1.0,0.9999999999999931,1.0
-0.20460760602336592,0.9992135130204004,0.00031454329325587404,1.0,0.9999999999999931,1.0
-0.20449997637601314,1.0005397518488703,0.00032002001772507175,1.0,0.9999999999999929,1.0
-0.20433906763594223,1.0002416030386718,0.00030549686086048684,1.0,0.9999999999999928,1.0
-0.20409206827864068,1.0017809436278748,0.000305356134640003,1.0,0.9999999999999925,1.0
-0.20408263422831396,0.9987139205187123,0.00031839357243219034,1.0,0.9999999999999925,1.0
-0.2040041134774242,0.9992865273338608,0.00031927185884739846,1.0,0.9999999999999923,1.0
-0.20394590759372022,1.0005799820590715,0.0003210219324820948,1.0,0.9999999999999922,1.0
-0.20393300510854218,0.9993240917180627,0.0003139980196897686,1.0,0.9999999999999922,1.0
-0.20387015037371725,0.9988562593381914,0.00031830176816401834,1.0,0.9999999999999921,1.0
-0.20384738343938125,1.0013846409744491,0.0003048884149038519,1.0,0.9999999999999921,1.0
-0.20357602212584425,1.000791114887889,0.00030487337434324357,1.0,0.9999999999999918,1.0
-0.20347695660433374,1.0004765272120943,0.0003054106333903532,1.0,0.9999999999999917,1.0
-0.2032921803452723,0.9997147279071519,0.00031323344572464735,1.0,0.9999999999999913,1.0
-0.20326151699379125,1.0009417774951888,0.00030506549956310115,1.0,0.9999999999999913,1.0
-0.2032566749004161,0.9993669665452921,0.00031911991957837024,1.0,0.9999999999999913,1.0
-0.20310031978215193,1.0004542777218808,0.0003055213536589151,1.0,0.9999999999999911,1.0
-0.20294857416763534,0.9994546358048009,0.00031799540557750204,1.0,0.9999999999999909,1.0
-0.20292243878451188,0.9998584461466474,0.0003192766761172974,1.0,0.9999999999999909,1.0
-0.2027884234947237,1.0007430203192338,0.0003057659059297777,1.0,0.9999999999999907,1.0
-0.20261826133713612,1.0004139549851498,0.0003199301548904343,1.0,0.9999999999999903,1.0
-0.2025906474587984,0.9997428958054764,0.0003147707316926839,1.0,0.9999999999999903,1.0
-0.20252147773544493,1.000719494796899,0.00030547050641265363,1.0,0.9999999999999902,1.0
-0.2022770001460117,1.0013163527427298,0.000305320451158189,1.0,0.9999999999999898,1.0
-0.20209276996545356,0.9992535191930424,0.00031793965638680433,1.0,0.9999999999999896,1.0
-0.202085584774494,0.9996519489587722,0.0003192594104210155,1.0,0.9999999999999895,1.0
-0.20208285358856415,0.9999998967341268,0.00032092405261400814,1.0,0.9999999999999895,1.0
-0.2020298584103557,1.0008663718853674,0.0003049076849220485,1.0,0.9999999999999895,1.0
-0.20191422861083197,0.9994174940290874,0.00031833155008405745,1.0,0.9999999999999892,1.0
-0.20190675813859826,0.9995494945598046,0.0003140290227546072,1.0,0.9999999999999892,1.0
-0.20175129929054947,1.0009458013082853,0.0003048224789148969,1.0,0.9999999999999889,1.0
-0.20163040578245273,1.0006816492914818,0.0003056007079266977,1.0,0.9999999999999887,1.0
-0.20142520592770552,1.00115769191101,0.0003051969804273566,1.0,0.9999999999999883,1.0
-0.20126740228033668,1.000565239401298,0.0003057123074763067,1.0,0.999999999999988,1.0
-0.2012590887266903,0.9990897493397946,0.0003132417700204504,1.0,0.999999999999988,1.0
-0.20098696061340604,1.0000401975837252,0.0003191745139122301,1.0,0.9999999999999875,1.0
-0.20097665730214942,0.9996883977401376,0.0003181209759368664,1.0,0.9999999999999873,1.0
-0.2009656114477707,1.0008028648291016,0.00030558206022298143,1.0,0.9999999999999873,1.0
-0.20074045540550856,0.9996789765852591,0.00031971861211590547,1.0,0.9999999999999869,1.0
-0.20070482235490772,1.0007328628216603,0.00030537178548175443,1.0,0.9999999999999868,1.0
-0.20046158269781245,1.0013470359766792,0.00030526938337615016,1.0,0.9999999999999862,1.0
-0.20022322061694808,1.0012139986874657,0.00032092993712971233,1.0,0.9999999999999858,1.0
-0.20021122879188624,1.0002725397321102,0.00030495653879353816,1.0,0.9999999999999857,1.0
-0.20017083336865937,1.0002251314490282,0.0003193539785326289,1.0,0.9999999999999856,1.0
-0.20010601630514202,0.9992572135213027,0.0003178268654755,1.0,0.9999999999999855,1.0
-0.1999620801012867,0.9991984667395217,0.0003183573515872191,1.0,0.9999999999999851,1.0
-0.19992473685101686,1.0011660608881234,0.00030505818584201596,1.0,0.999999999999985,1.0
-0.19988257785821162,0.9994200805130082,0.00031402717879910164,1.0,0.9999999999999849,1.0
-0.1997874836472988,1.000551847374421,0.0003057687807390834,1.0,0.9999999999999847,1.0
-0.19958611158102713,1.0008989643253738,0.0003052222984619757,1.0,0.9999999999999841,1.0
-0.19946485006676085,0.9999828532328049,0.0003193980637770546,1.0,0.9999999999999838,1.0
-0.19943680654708373,1.0003146700423804,0.0003057524376552071,1.0,0.9999999999999838,1.0
-0.19929807914365227,0.9992333968730616,0.00031622005804720575,1.0,0.9999999999999833,1.0
-0.19922740727804467,0.9980468565901786,0.0003131777146534954,1.0,0.9999999999999832,1.0
-0.1990552464988724,0.9998526430939639,0.0003192140674804136,1.0,0.9999999999999827,1.0
-0.19900846189770505,0.9993549625081289,0.0003181770786069638,1.0,0.9999999999999826,1.0
-0.19888866553557705,1.0002242675517057,0.0003052668762813456,1.0,0.9999999999999822,1.0
-0.19886608761018465,0.9998444851746382,0.00031973356849117926,1.0,0.9999999999999821,1.0
-0.19864592605318876,1.0007754159209818,0.00030502106668910855,1.0,0.9999999999999815,1.0
-0.19856375149155525,0.9996996451674125,0.0003147406404037023,1.0,0.9999999999999812,1.0
-0.1982602659846293,1.000917159375779,0.0003196631976775615,1.0,0.9999999999999803,1.0
-0.19812258252407844,0.9990591908140123,0.0003178639874982602,1.0,0.9999999999999798,1.0
-0.19809617739349505,1.0003707841802945,0.00030493036210819865,1.0,0.9999999999999798,1.0
-0.19801373808248002,1.0001301413064443,0.0003196608824966116,1.0,0.9999999999999795,1.0
-0.19794642183930478,1.0009488260053472,0.0003058990093513387,1.0,0.9999999999999792,1.0
-0.19786030001646537,0.9991535728376238,0.00031411423563015443,1.0,0.9999999999999789,1.0
-0.1977445102297679,1.0008102629879783,0.00030520689101046715,1.0,0.9999999999999786,1.0
-0.19760812696696917,1.0006845426643076,0.00030571037765248383,1.0,0.999999999999978,1.0
-0.19757448588813986,1.000738065495856,0.00031989494464351373,1.0,0.9999999999999779,1.0
-0.19732434468215843,1.0011257891588023,0.00030570327312562704,1.0,0.999999999999977,1.0
-0.19730079696741853,0.9987805547128764,0.0003177131395381278,1.0,0.9999999999999769,1.0
-0.19719712083275098,0.9990225107703463,0.00031343275928327324,1.0,0.9999999999999766,1.0
-0.1971282766219673,1.0011960846993262,0.0003194016449007109,1.0,0.9999999999999762,1.0
-0.1970728460114799,1.0007177709816717,0.0003053260269515878,1.0,0.999999999999976,1.0
-0.1970437607782145,0.9985511163024433,0.0003181466434088217,1.0,0.9999999999999759,1.0
-0.19699509760746992,0.998425923881938,0.00032067211538810893,1.0,0.9999999999999758,1.0
-0.1968301396152583,1.001353657125925,0.0003050682892822588,1.0,0.9999999999999751,1.0
-0.19656652467654112,1.0012244350731052,0.0003041128212391023,1.0,0.999999999999974,1.0
-0.196564904559966,0.9993281864533654,0.0003126742578324052,1.0,0.999999999999974,1.0
-0.1965551229331126,0.9989823828873953,0.0003143483380931468,1.0,0.9999999999999739,1.0
-0.19651347445022793,1.0002314400989796,0.00032091425250983335,1.0,0.9999999999999738,1.0
-0.19635317612565473,0.9996239094704997,0.0003192036938636755,1.0,0.999999999999973,1.0
-0.19626546524864352,1.0013932136439638,0.0003052443869295259,1.0,0.9999999999999727,1.0
-0.19610807952952314,1.0003001171750237,0.000305806229102191,1.0,0.9999999999999719,1.0
-0.19606909364543412,0.9996398339137101,0.0003196072929748351,1.0,0.9999999999999718,1.0
-0.19589985087498007,1.0006475043558067,0.0003050460796364105,1.0,0.9999999999999709,1.0
-0.1958401740553235,0.9989336196446418,0.00031406296638083824,1.0,0.9999999999999707,1.0
-0.19568800160288902,1.0001639933960402,0.0003199674957542465,1.0,0.9999999999999699,1.0
-0.19550545335940228,1.0012240576953044,0.0003055919826229008,1.0,0.999999999999969,1.0
-0.1953064482451694,0.9993159972770902,0.00031817480388981133,1.0,0.999999999999968,1.0
-0.19525761653218865,1.0002942540814714,0.0003052752088778064,1.0,0.9999999999999677,1.0
-0.19520453287181283,0.9993347627879147,0.00031921953218507214,1.0,0.9999999999999675,1.0
-0.19516848899760575,0.9988410926038872,0.0003138825198039309,1.0,0.9999999999999672,1.0
-0.19512769870777902,1.0002289014215346,0.0003209965375821348,1.0,0.999999999999967,1.0
-0.19508287826054982,0.9991216842950111,0.0003183373448692057,1.0,0.9999999999999668,1.0
-0.19501350109544546,1.0006688993185207,0.0003048529892441988,1.0,0.9999999999999664,1.0
-0.19474400030060224,1.001072877750945,0.00030465183462138613,1.0,0.9999999999999649,1.0
-0.19454821868657746,0.9991557810902435,0.0003141709611465063,1.0,0.9999999999999637,1.0
-0.19452999327358533,0.9988716189639009,0.0003129942024750268,1.0,0.9999999999999636,1.0
-0.1944502383518909,1.0002472724239269,0.0003192902149183421,1.0,0.9999999999999631,1.0
-0.19443314177487991,1.0005526038510308,0.0003049777255761807,1.0,0.999999999999963,1.0
-0.19412844850840827,0.9995012852926918,0.00031918734254767937,1.0,0.9999999999999611,1.0
-0.19395653740244256,1.0008476478054742,0.00030569951709082826,1.0,0.99999999999996,1.0
-0.19382244619988853,0.9989169395451062,0.00031458983651836824,1.0,0.9999999999999591,1.0
-0.19380521473806311,1.0001364906286752,0.00031982641112901944,1.0,0.999999999999959,1.0
-0.1936875659356474,1.001135018326954,0.0003055444153684673,1.0,0.9999999999999583,1.0
-0.19331538824209815,0.9989981257158365,0.00031828233026808434,1.0,0.9999999999999556,1.0
-0.19328457157176615,0.9996245785604937,0.0003192635525888509,1.0,0.9999999999999554,1.0
-0.1932636825823124,1.0008978337686256,0.0003211518673758736,1.0,0.9999999999999551,1.0
-0.1931962582516462,1.0008711107642148,0.00030512307527903385,1.0,0.9999999999999547,1.0
-0.193141630856541,0.9993812825437446,0.000313562269466452,1.0,0.9999999999999543,1.0
-0.19312571831319758,0.99960702818823,0.0003183925044480772,1.0,0.9999999999999541,1.0
-0.1929198498124265,1.0011538253553676,0.00030495650506168274,1.0,0.9999999999999526,1.0
-0.19280569946593573,1.0003836906088694,0.00030551471626474397,1.0,0.9999999999999517,1.0
-0.19259781116210206,1.0018040167809408,0.0003052890358167051,1.0,0.99999999999995,1.0
-0.19249632500198732,1.0012222203578056,0.0003135367830529466,1.0,0.9999999999999492,1.0
-0.19243853837261327,1.000578525590017,0.0003056053757823249,1.0,0.9999999999999487,1.0
-0.19213321307978504,1.0004421147484157,0.0003056122811516055,1.0,0.999999999999946,1.0
-0.1919260765669435,1.0002603176999696,0.00032001472970938935,1.0,0.9999999999999442,1.0
-0.1918705267113694,1.0014221192671227,0.0003053857287006492,1.0,0.9999999999999437,1.0
-0.19180708335393604,0.9995175149911794,0.00031448044215494765,1.0,0.999999999999943,1.0
-0.1916271604879114,1.0010710012043247,0.0003053378012045928,1.0,0.9999999999999414,1.0
-0.19140297440654308,0.9992277424448155,0.0003207344812376946,1.0,0.9999999999999392,1.0
-0.19137796608976032,0.9999682197086958,0.00030498083914934663,1.0,0.9999999999999389,1.0
-0.1913688049625648,0.999968319234728,0.0003193179674497576,1.0,0.9999999999999388,1.0
-0.19132769247855208,0.9990414114245748,0.00031803869647260694,1.0,0.9999999999999384,1.0
-0.19117232002238893,0.9993861414939347,0.0003183793192010716,1.0,0.9999999999999368,1.0
-0.19111680131713626,0.9996849592656609,0.00031414594815573247,1.0,0.9999999999999363,1.0
-0.19109405093598753,1.0010070962349242,0.00030501183534797346,1.0,0.9999999999999359,1.0
-0.19096200366337257,1.0002972195221709,0.0003055974275591178,1.0,0.9999999999999346,1.0
-0.19075974435173748,1.0003947869170196,0.00030531705927276117,1.0,0.9999999999999324,1.0
-0.19065589166973496,0.9995828809853728,0.0003189039437716557,1.0,0.9999999999999312,1.0
-0.19060709718277735,1.0004222367076194,0.00030575549323586323,1.0,0.9999999999999306,1.0
-0.190464025605662,0.9994306171938488,0.00031320683659602283,1.0,0.999999999999929,1.0
-0.1903115306209031,1.000596146813834,0.0003056771774282202,1.0,0.9999999999999272,1.0
-0.19025868081722308,0.9994211742422452,0.00031925381035376605,1.0,0.9999999999999266,1.0
-0.19022402045060005,0.9992772821554543,0.0003182329551101016,1.0,0.9999999999999262,1.0
-0.1900543158409107,1.0018336812337343,0.0003054416700181764,1.0,0.9999999999999241,1.0
-0.19005067276458476,1.0005617244755238,0.00031980992771281846,1.0,0.999999999999924,1.0
-0.1898116012966682,1.0016433211171334,0.0003052014809613746,1.0,0.999999999999921,1.0
-0.18979404890183815,0.9992816043278752,0.0003146266968625983,1.0,0.9999999999999207,1.0
-0.1895454954130571,0.9995884792503198,0.00032085555327942395,1.0,0.9999999999999174,1.0
-0.18945667155779233,0.9997658684286251,0.00031939750775446555,1.0,0.9999999999999162,1.0
-0.1893430164793557,0.9980074183379108,0.0003174864328249319,1.0,0.9999999999999146,1.0
-0.1892661682874177,1.0011402026286504,0.0003050916838538689,1.0,0.9999999999999135,1.0
-0.18922271788605372,0.9996815676545922,0.00031959324865001243,1.0,0.999999999999913,1.0
-0.18912006509754065,1.0006734866532345,0.00030590309599985005,1.0,0.9999999999999114,1.0
-0.1890938371066362,0.999874479123729,0.0003142682288371997,1.0,0.9999999999999111,1.0
-0.1889190774397207,1.000247640680303,0.0003051322864021652,1.0,0.9999999999999084,1.0
-0.18877789209653884,1.0009963922971332,0.00030581586392871467,1.0,0.9999999999999063,1.0
-0.18852597759060785,1.0006922815500154,0.0003173434769752584,1.0,0.9999999999999023,1.0
-0.18849106665209092,1.0010690219662561,0.0003056481188433432,1.0,0.9999999999999017,1.0
-0.18843335773682846,0.9992414888900641,0.00031347111797336866,1.0,0.9999999999999009,1.0
-0.18833055681747624,0.9992407218196153,0.0003192181732926575,1.0,0.9999999999998992,1.0
-0.18825811439413087,0.9992293171535559,0.00031832241971747053,1.0,0.999999999999898,1.0
-0.18823849567141338,1.000695286146432,0.00030529080579552877,1.0,0.9999999999998976,1.0
-0.18817852881048225,1.0002696814626932,0.00031963594972624315,1.0,0.9999999999998966,1.0
-0.18799582928917857,1.0014801672850002,0.00030521314686422074,1.0,0.9999999999998934,1.0
-0.1878030968243959,0.9987559766996019,0.0003126386204209143,1.0,0.99999999999989,1.0
-0.18773396289464017,1.0005488522534793,0.0003035761981255842,1.0,0.9999999999998888,1.0
-0.1876911610662262,1.000494663366463,0.00032100777025924576,1.0,0.999999999999888,1.0
-0.18754843661136533,1.000399847327517,0.0003193565875933016,1.0,0.9999999999998853,1.0
-0.18743618373537174,1.000847771304466,0.0003052464010407232,1.0,0.9999999999998832,1.0
-0.18728088313966396,1.0003180866505441,0.00030579882016223823,1.0,0.9999999999998802,1.0
-0.18727680397337565,0.9999269819546687,0.00031956953725726067,1.0,0.9999999999998801,1.0
-0.1870753967432961,0.9999919683172682,0.0003050497720531002,1.0,0.999999999999876,1.0
-0.1870729886350837,0.9995627424995621,0.00031469296149677504,1.0,0.999999999999876,1.0
-0.186950515068105,1.000680128680718,0.0003056930952585631,1.0,0.9999999999998734,1.0
-0.18687656846049094,1.0005111014180967,0.0003200466427750628,1.0,0.9999999999998719,1.0
-0.18667194847591873,1.0013082864052452,0.0003055593639068531,1.0,0.9999999999998676,1.0
-0.18653060559766033,0.9996010053305303,0.0003181806383450159,1.0,0.9999999999998644,1.0
-0.1864230424950506,1.0010872434477782,0.00030540422475166195,1.0,0.999999999999862,1.0
-0.1864053798248193,1.000016194606253,0.00031944042570285967,1.0,0.9999999999998616,1.0
-0.18640416635141577,0.9991599962735258,0.0003139962017291811,1.0,0.9999999999998616,1.0
-0.18630999756973665,1.0005991776906724,0.0003211714279606463,1.0,0.9999999999998594,1.0
-0.1862960120855206,0.9995816748387052,0.0003184350307041875,1.0,0.9999999999998591,1.0
-0.1861793991485854,1.0013091450444598,0.0003053367603823182,1.0,0.9999999999998563,1.0
-0.1859120783389585,1.0011731171630749,0.00030461749861708466,1.0,0.9999999999998499,1.0
-0.18576780314639585,0.9989589954373421,0.0003127572170008672,1.0,0.9999999999998463,1.0
-0.1856443605368554,0.9999107531455516,0.00031930609447504654,1.0,0.9999999999998431,1.0
-0.1856040833737893,1.0013835694848012,0.00030529312461673516,1.0,0.9999999999998421,1.0
-0.18544406765346366,1.0002651645830443,0.00030561056306390013,1.0,0.9999999999998379,1.0
-0.18538465541647042,0.9990658835200878,0.00031740342263264997,1.0,0.9999999999998364,1.0
-0.1853348816160718,1.0001700259801818,0.00031941193902741287,1.0,0.9999999999998349,1.0
-0.18522870869605867,1.000032015856092,0.00030488289611454756,1.0,0.999999999999832,1.0
-0.18512510824390915,1.0010351102240902,0.00030578783351527456,1.0,0.9999999999998291,1.0
-0.18505450276288826,0.9995326667886772,0.0003144887890562558,1.0,0.9999999999998271,1.0
-0.18499256568711075,1.000628032999488,0.0003198843210799456,1.0,0.9999999999998254,1.0
-0.18485374675890398,1.0009774806657799,0.0003055787780048009,1.0,0.9999999999998214,1.0
-0.18460779220200152,1.0010845674230062,0.0003054744270436594,1.0,0.999999999999814,1.0
-0.18453849716389925,1.000840074751532,0.00031839805496372195,1.0,0.9999999999998118,1.0
-0.18448412387904511,1.0006755420753666,0.0003195303713392856,1.0,0.9999999999998102,1.0
-0.18444473376052883,1.000136945371555,0.00032099732327581454,1.0,0.9999999999998089,1.0
-0.18437670960410202,0.9994342971830609,0.00031385200538674237,1.0,0.9999999999998068,1.0
-0.18436228159049506,1.0011240462835054,0.00030498104888514464,1.0,0.9999999999998064,1.0
-0.1843376184915826,0.999905439274039,0.0003184790219436111,1.0,0.9999999999998056,1.0
-0.184088482671541,1.0012067937991376,0.00030493783061752644,1.0,0.9999999999997974,1.0
-0.18398144023095142,1.0005177987403155,0.0003056220946673133,1.0,0.9999999999997938,1.0
-0.18377013323311076,1.0008239844195175,0.00030517881687081537,1.0,0.9999999999997865,1.0
-0.18374386732656944,0.9994647241560971,0.00031909506976062954,1.0,0.9999999999997856,1.0
-0.18360977837213,1.000563601843676,0.00030557269683825056,1.0,0.9999999999997808,1.0
-0.1834105408479303,0.9991814657387686,0.0003180155287305168,1.0,0.9999999999997735,1.0
-0.18339683416050434,1.0020739813657276,0.00031938603235435434,1.0,0.9999999999997731,1.0
-0.1833013944304014,1.0009002513833014,0.0003056563264817416,1.0,0.9999999999997694,1.0
-0.18311222871017208,0.9997636986983905,0.00031989253610951464,1.0,0.9999999999997622,1.0
-0.18303820910796276,0.9990827251928559,0.00031466686835543233,1.0,0.9999999999997592,1.0
-0.18303644486223902,1.00086070996558,0.00030551871736652806,1.0,0.9999999999997592,1.0
-0.1827924410673063,1.000492569511093,0.0003052933428555323,1.0,0.9999999999997493,1.0
-0.18258294164772337,1.0006610178222644,0.000321118195060106,1.0,0.9999999999997405,1.0
-0.18256692596349922,0.9999770968768724,0.00031943365216766703,1.0,0.9999999999997399,1.0
-0.1825497281222681,0.9994325384417465,0.0003181251800121706,1.0,0.9999999999997391,1.0
-0.18254430866306848,1.001179869292838,0.0003050582652496334,1.0,0.9999999999997389,1.0
-0.18238297427166117,0.9996441748803349,0.00031842540169053896,1.0,0.9999999999997319,1.0
-0.18235110463257698,0.9998657044349374,0.000314158299532282,1.0,0.9999999999997304,1.0
-0.18226329148717468,1.0007403464254303,0.0003049638818608906,1.0,0.9999999999997266,1.0
-0.1821358510352411,1.0010528454622254,0.0003056493665044464,1.0,0.9999999999997207,1.0
-0.18193307847985807,1.0004286704625565,0.00030526282208123164,1.0,0.9999999999997112,1.0
-0.1817776164467091,1.0010203240200681,0.00030577093398587613,1.0,0.9999999999997038,1.0
-0.18147909304565246,1.0004244412437373,0.0003055391358138163,1.0,0.9999999999996888,1.0
-0.1814624028066305,1.0000275319977079,0.0003192858079677184,1.0,0.999999999999688,1.0
-0.18143997364737174,0.9997341906992024,0.0003181195759852438,1.0,0.9999999999996868,1.0
-0.18123550525339738,1.000070589190823,0.000319742060902202,1.0,0.9999999999996761,1.0
-0.1812200237570778,1.0009117466027049,0.00030529865564666713,1.0,0.9999999999996754,1.0
-0.1810244874803857,0.9988956774586675,0.0003143295870685988,1.0,0.9999999999996647,1.0
-0.18097709977476484,1.0003337933550087,0.00030514264137954117,1.0,0.999999999999662,1.0
-0.18072545158617004,1.0006446393583484,0.00030505565996091,1.0,0.9999999999996478,1.0
-0.18072454410759065,1.0012111862605624,0.000321134118855431,1.0,0.9999999999996477,1.0
-0.18065364102750436,0.9993445962980416,0.00031936136497645975,1.0,0.9999999999996436,1.0
-0.18043606827257008,1.0009310057205507,0.0003050188767242905,1.0,0.9999999999996306,1.0
-0.18043211492205558,0.9995091012584985,0.0003195502001669751,1.0,0.9999999999996304,1.0
-0.18032774350925962,0.9993447362820465,0.00031441933271871285,1.0,0.999999999999624,1.0
-0.18029399393941503,1.0002856757665637,0.00030571497283372553,1.0,0.9999999999996219,1.0
-0.1800931925664031,1.0006148221131075,0.00030523870539289947,1.0,0.9999999999996092,1.0
-0.17995462888012526,1.000602129487743,0.00031952266513434884,1.0,0.9999999999996002,1.0
-0.17994773305903777,1.0010120152004316,0.0003056885211830285,1.0,0.9999999999995998,1.0
-0.17966963222459853,0.9993258830267551,0.0003132574498180203,1.0,0.999999999999581,1.0
-0.1796580587264316,1.00062768097756,0.00030561870370393433,1.0,0.9999999999995802,1.0
-0.17953298675277551,1.0002490825759383,0.0003192581681739061,1.0,0.9999999999995715,1.0
-0.17947286781702587,0.9992714939152666,0.0003181669521929683,1.0,0.9999999999995672,1.0
-0.1794040467586342,1.0008839295371088,0.0003053436614120733,1.0,0.9999999999995624,1.0
-0.1793621999258903,1.000263588624894,0.00031974072677613667,1.0,0.9999999999995594,1.0
-0.1791614622497093,1.0010985621359223,0.00030497768645462513,1.0,0.9999999999995445,1.0
-0.17901316168957493,0.9991390417481726,0.0003149612729550584,1.0,0.9999999999995333,1.0
-0.1788690424176025,0.9993896457135141,0.00032072814720518256,1.0,0.999999999999522,1.0
-0.1787441204707818,0.9992582566851125,0.00031911867499126873,1.0,0.9999999999995122,1.0
-0.17860679505764665,1.001061093070576,0.0003051887944086416,1.0,0.999999999999501,1.0
-0.17845382116166775,1.0005410640165497,0.0003057518505020078,1.0,0.9999999999994883,1.0
-0.17830604554746188,0.9989688923582449,0.00031407490765135974,1.0,0.9999999999994758,1.0
-0.17825047606760336,1.0002293588413378,0.00030525692588356074,1.0,0.9999999999994709,1.0
-0.1781197214642134,1.0003620719541142,0.00030566059435042,1.0,0.9999999999994594,1.0
-0.17806553998559593,0.9999847612997247,0.000319940031559076,1.0,0.9999999999994545,1.0
-0.17775510372441516,0.9994010040878545,0.000317854973755458,1.0,0.999999999999426,1.0
-0.17764003279344465,0.9997736995821399,0.00031345975909628093,1.0,0.999999999999415,1.0
-0.1776066543565804,1.0002818336604056,0.00031931764923420845,1.0,0.9999999999994118,1.0
-0.17758849047163494,1.0013034023824856,0.000305325173004197,1.0,0.99999999999941,1.0
-0.1775095502452615,0.999611622152662,0.00031826654756696485,1.0,0.9999999999994024,1.0
-0.17749266752906578,0.9999861304636337,0.0003210454358403577,1.0,0.9999999999994007,1.0
-0.1770798463395522,1.001215510551152,0.00030440842687033687,1.0,0.9999999999993586,1.0
-0.17700574402262248,0.999797286739611,0.00031270930898158873,1.0,0.9999999999993507,1.0
-0.17683862633040803,1.0002402013268907,0.00031933739329045017,1.0,0.9999999999993326,1.0
-0.17677531720181605,1.0005372924756837,0.00030514879595912905,1.0,0.9999999999993257,1.0
-0.1766163297942569,1.0007087638658982,0.0003056442723009212,1.0,0.9999999999993078,1.0
-0.17660347590501146,0.9994433210802431,0.0003158806224002911,1.0,0.9999999999993063,1.0
-0.17654173679655116,0.9995297253998241,0.00031941674830164574,1.0,0.9999999999992992,1.0
-0.1764047953076897,1.0004592292371082,0.0003050783361026994,1.0,0.9999999999992832,1.0
-0.1762937250792902,0.999768883043995,0.000305634171555337,1.0,0.99999999999927,1.0
-0.17628667501145046,0.9996049853951708,0.0003144938877464889,1.0,0.9999999999992693,1.0
-0.17618031645321253,1.0002952318560547,0.00032000072975781784,1.0,0.9999999999992563,1.0
-0.17602002567087993,1.0007322300267607,0.00030553402786480285,1.0,0.9999999999992365,1.0
-0.17577319137123482,1.0010348917886824,0.00030539313392761975,1.0,0.9999999999992049,1.0
-0.17576195492729596,0.9990645969337831,0.00031839082188188047,1.0,0.9999999999992033,1.0
-0.17568410376510712,1.000076743800239,0.00031928598342055657,1.0,0.9999999999991931,1.0
-0.17562628687815618,1.0009900154276448,0.0003209801954310229,1.0,0.9999999999991853,1.0
-0.1756119901963551,0.9991187081082767,0.0003138499526224072,1.0,0.9999999999991834,1.0
-0.17554992751234977,1.0000780861580376,0.00031836510200632903,1.0,0.9999999999991751,1.0
-0.17552848887464734,1.0009275558837742,0.0003049630718396691,1.0,0.9999999999991722,1.0
-0.17525678786580556,1.0002744743571599,0.00030479984488106335,1.0,0.9999999999991344,1.0
-0.17515749336311615,1.0007849680170102,0.00030552730600650366,1.0,0.99999999999912,1.0
-0.17497124062063563,0.9992977533954508,0.00031323764601810545,1.0,0.9999999999990927,1.0
-0.17494217723316297,1.0005920300311302,0.00030510624940230017,1.0,0.9999999999990884,1.0
-0.17493686106294604,1.0004929636678257,0.0003192633078701983,1.0,0.9999999999990876,1.0
-0.17478112680669255,1.0007593251546176,0.0003056046490522536,1.0,0.9999999999990639,1.0
-0.17462806395793962,1.0001817664508161,0.00031801261294821064,1.0,0.9999999999990401,1.0
-0.1744693290920054,1.0009165611409516,0.0003056575955693006,1.0,0.9999999999990147,1.0
-0.17429863595259576,1.000073187657794,0.00031985523940604796,1.0,0.9999999999989866,1.0
-0.17426973872280627,0.999606947919159,0.00031472658441326283,1.0,0.9999999999989818,1.0
-0.17420258259588195,1.0007663060367866,0.0003054126619083683,1.0,0.9999999999989705,1.0
-0.1739579848031667,1.0011323365716998,0.0003053086834723513,1.0,0.9999999999989282,1.0
-0.17377212099761152,0.9983556055260665,0.000317996787055282,1.0,0.999999999998895,1.0
-0.17376561184921968,0.9998604826006454,0.00031921776451323354,1.0,0.9999999999988938,1.0
-0.1737634024483441,1.0000209469859946,0.0003208692534231375,1.0,0.9999999999988933,1.0
-0.17371081688901313,1.000660842734829,0.00030491902787078946,1.0,0.9999999999988838,1.0
-0.17359404092304942,0.9995842626745873,0.00031844338460510814,1.0,0.9999999999988621,1.0
-0.1735857609846292,0.9996759145376946,0.00031405831267093193,1.0,0.9999999999988606,1.0
-0.17343204841176885,1.000798942803826,0.0003049593699332315,1.0,0.9999999999988314,1.0
-0.1733109696475026,1.0004033835694548,0.0003055867868232357,1.0,0.9999999999988078,1.0
-0.17310598043081882,1.0006257896457027,0.0003051836238083611,1.0,0.999999999998767,1.0
-0.17294836902800625,1.0003913080340672,0.00030577003128110777,1.0,0.9999999999987347,1.0
-0.17293802315164797,0.9988177925706362,0.000313117733173572,1.0,0.9999999999987325,1.0
-0.1726666893581239,0.9993435418581791,0.0003191523963523683,1.0,0.9999999999986746,1.0
-0.17265631923926605,0.9991787292822629,0.00031804500606357557,1.0,0.9999999999986724,1.0
-0.1726465315662722,1.000667369498958,0.0003056131706484453,1.0,0.9999999999986703,1.0
-0.17242086390376699,1.000218142544737,0.0003197234198169135,1.0,0.99999999999862,1.0
-0.17238579539508692,1.0006412373871802,0.00030538356248592654,1.0,0.999999999998612,1.0
-0.17225520228443258,0.9988144649251705,0.0003143544530197201,1.0,0.9999999999985819,1.0
-0.17214256583227439,1.0002657540830513,0.00030508392164935313,1.0,0.9999999999985554,1.0
-0.17190393872940035,1.0002367080925367,0.00032097951041973067,1.0,0.9999999999984975,1.0
-0.17189231596466925,1.0006604154244423,0.0003050320535959646,1.0,0.9999999999984946,1.0
-0.17185089754303817,1.000237340242545,0.00031935032740281654,1.0,0.9999999999984843,1.0
-0.17178525971905856,0.9989008070556574,0.0003178925020401901,1.0,0.9999999999984679,1.0
-0.17164192823246083,0.9998176724418835,0.00031839296135533185,1.0,0.9999999999984314,1.0
-0.1716054678510659,1.000133846038553,0.00030504711784659107,1.0,0.9999999999984219,1.0
-0.1715614608236642,0.9989034524011959,0.00031399805825639934,1.0,0.9999999999984105,1.0
-0.17146807332781577,1.0004372504391392,0.0003057151623252137,1.0,0.9999999999983858,1.0
-0.17126699902684095,0.9999462455292156,0.00030516713972629484,1.0,0.9999999999983317,1.0
-0.17114510786723258,0.9997572132249279,0.0003194015654885166,1.0,0.9999999999982978,1.0
-0.17111765470497176,1.001080142708639,0.00030578902151186916,1.0,0.9999999999982901,1.0
-0.17097719348024043,0.9993983766520629,0.00031623784081562684,1.0,0.9999999999982502,1.0
-0.17090621698202213,0.9982881085538378,0.00031312022335355013,1.0,0.9999999999982296,1.0
-0.17082532653219573,1.0006642733138194,0.00030561084463984065,1.0,0.999999999998206,1.0
-0.17073528921413583,0.999720291836686,0.0003192123220296723,1.0,0.9999999999981792,1.0
-0.17068801913092102,0.9995604247870943,0.0003182619016167977,1.0,0.999999999998165,1.0
-0.17056950514208324,1.0005349866520146,0.00030526126302332467,1.0,0.9999999999981288,1.0
-0.17054639107175262,0.9997079742224985,0.0003196953465468844,1.0,0.9999999999981217,1.0
-0.17032704471884585,1.0006184948193062,0.00030506108175611937,1.0,0.9999999999980528,1.0
-0.17024302878827768,0.9998474883369737,0.0003146621152727102,1.0,0.9999999999980257,1.0
-0.1699402283593372,1.0004855760834808,0.00031957588960577636,1.0,0.9999999999979249,1.0
-0.1698018575518745,0.999315469320901,0.0003177797841387261,1.0,0.9999999999978771,1.0
-0.1697768888100768,1.0007806269687278,0.0003051101578499786,1.0,0.9999999999978684,1.0
-0.16969334517180812,1.0001656080612855,0.000319584047564138,1.0,0.9999999999978388,1.0
-0.16962717496397772,1.0009857620450942,0.0003058783623278044,1.0,0.9999999999978152,1.0
-0.16953947985980022,0.9990979713226377,0.00031399430974565654,1.0,0.9999999999977834,1.0
-0.16942537081132514,1.000301548761506,0.000305107462647284,1.0,0.9999999999977415,1.0
-0.16928899400238606,1.0005626133089374,0.0003057788788146429,1.0,0.9999999999976903,1.0
-0.16925491809425353,1.000040542329761,0.00031989811027917706,1.0,0.9999999999976773,1.0
-0.1690052894866767,1.000613105338396,0.0003055598392678187,1.0,0.9999999999975799,1.0
-0.16897993970101766,0.9996459412765155,0.0003177342583479413,1.0,0.9999999999975698,1.0
-0.16887608414884703,0.9985057009046979,0.0003132079209171112,1.0,0.999999999997528,1.0
-0.1688082178501702,1.0001901088849932,0.0003192079908986756,1.0,0.9999999999975002,1.0
-0.16875396652253016,1.0015373112772352,0.0003054472374859854,1.0,0.9999999999974778,1.0
-0.1687234911364044,0.9998542122248507,0.0003182203537384166,1.0,0.9999999999974651,1.0
-0.16867571150004323,0.999134339997078,0.0003208001319018142,1.0,0.9999999999974452,1.0
-0.1685109764788706,1.0009756180028533,0.0003050518745785774,1.0,0.999999999997375,1.0
-0.16824744873792952,1.0009217501413494,0.00030401676950425095,1.0,0.9999999999972587,1.0
-0.16824381108203257,0.9998133415798544,0.00031251745156451885,1.0,0.9999999999972571,1.0
-0.16823414787355517,0.9987835085186206,0.0003144216954242263,1.0,0.9999999999972528,1.0
-0.16819411302884646,1.0006256646653064,0.0003209343348705164,1.0,0.9999999999972347,1.0
-0.16803345214819387,0.9997027931177889,0.0003191971689376657,1.0,0.9999999999971606,1.0
-0.16794629420621732,1.001224342139087,0.0003053400447610359,1.0,0.9999999999971196,1.0
-0.16778871793670191,1.0006184196360672,0.0003057285434587385,1.0,0.999999999997044,1.0
-0.16758068331159848,0.9996625393429175,0.0003050039759507093,1.0,0.9999999999969411,1.0
-0.16736846865993016,0.9996841607616402,0.0003199410135361186,1.0,0.9999999999968324,1.0
-0.16718640832874598,1.0005532703236566,0.0003055941255627982,1.0,0.9999999999967362,1.0
-0.16698589752736126,0.998930657997521,0.0003182200871014149,1.0,0.9999999999966268,1.0
-0.16693860063472243,1.0018510503932805,0.0003053000684381698,1.0,0.9999999999966005,1.0
-0.166847468609717,1.0000609847139923,0.0003139546157166882,1.0,0.9999999999965491,1.0
-0.16680820594012857,1.0006299968311287,0.00032104805929800985,1.0,0.9999999999965268,1.0
-0.16676264345953484,1.000258742719498,0.00031845214981979393,1.0,0.9999999999965007,1.0
-0.1666943317471805,1.0004187810417597,0.0003049260025645696,1.0,0.999999999996461,1.0
-0.16642490977022817,1.0001666827724676,0.0003045965855334487,1.0,0.9999999999963007,1.0
-0.16622754663607964,1.000085234987547,0.00031416176068611553,1.0,0.9999999999961787,1.0
-0.1662089110899192,0.9995119834113558,0.00031307762811292526,1.0,0.9999999999961671,1.0
-0.16613041256471206,1.000616597444431,0.0003193177910242751,1.0,0.9999999999961172,1.0
-0.16611408690209828,1.0002492916245522,0.0003051288654833955,1.0,0.9999999999961068,1.0
-0.16580826712322505,0.9999427328572634,0.0003192239005807268,1.0,0.9999999999959059,1.0
-0.1656374381593082,0.99999721312222,0.00030559304029086467,1.0,0.9999999999957894,1.0
-0.16550153003186807,0.9988465373190049,0.00031438165671296994,1.0,0.9999999999956942,1.0
-0.16548557804918573,1.0004242651670137,0.00031987298243492423,1.0,0.9999999999956829,1.0
-0.16536852961772297,1.0008148877848941,0.0003054883499220234,1.0,0.999999999995599,1.0
-0.16512338188496756,1.0012259798092333,0.0003053253968826845,1.0,0.9999999999954179,1.0
-0.16499486785747308,0.9996761601027375,0.0003183314981135847,1.0,0.9999999999953201,1.0
-0.16494422144870668,1.0001919712409966,0.0003210973366282618,1.0,0.9999999999952809,1.0
-0.16487708103773002,1.0008956865884662,0.0003050834703343446,1.0,0.9999999999952285,1.0
-0.16482062772266204,0.9993336668532438,0.00031384684333111594,1.0,0.999999999995184,1.0
-0.1648055190185289,0.9992119390267398,0.00031833815455882585,1.0,0.9999999999951721,1.0
-0.1646008817643292,1.0006995092750444,0.00030480554172732327,1.0,0.9999999999950068,1.0
-0.16448653148913195,1.000223708139417,0.0003054389316267874,1.0,0.9999999999949121,1.0
-0.16427859389386867,1.0001401733991853,0.00030518624452424166,1.0,0.999999999994735,1.0
-0.16423136324584675,1.000130358109186,0.0003190764866857674,1.0,0.999999999994694,1.0
-0.16417525508066877,0.998747983272734,0.0003130758868806899,1.0,0.9999999999946448,1.0
-0.16411922115014477,1.0010180632729961,0.00030567387654734107,1.0,0.9999999999945952,1.0
-0.16387305562287224,0.9997147692435633,0.0003182416469903401,1.0,0.999999999994372,1.0
-0.16387140153206303,1.0005092212116022,0.00031944973389025203,1.0,0.9999999999943704,1.0
-0.16381426711600966,1.000186128462062,0.000305613918837046,1.0,0.9999999999943172,1.0
-0.16360647408353657,1.0001188326872048,0.0003198799547193179,1.0,0.9999999999941197,1.0
-0.16348619009713872,0.9987391772532939,0.0003144067452577488,1.0,0.9999999999940022,1.0
-0.1630835439187024,0.999492729105436,0.000320797743811227,1.0,0.9999999999935917,1.0
-0.16305877950770764,1.0008281946161033,0.0003051152605796676,1.0,0.9999999999935655,1.0
-0.16304871827780687,1.0001012184191735,0.0003193391436197844,1.0,0.9999999999935548,1.0
-0.16300692555620344,0.9998728836177532,0.0003180967805333315,1.0,0.9999999999935104,1.0
-0.1628520179398123,1.0003581777380892,0.00031846902654554554,1.0,0.999999999993343,1.0
-0.16279581641542862,0.9993487123507346,0.00031385228573207146,1.0,0.9999999999932812,1.0
-0.16277492668410787,1.0004474145107924,0.0003050236317668141,1.0,0.9999999999932581,1.0
-0.16264258495385775,0.9996798715349637,0.00030554969761447797,1.0,0.9999999999931097,1.0
-0.16244064042956552,1.0008567434989382,0.00030528515713072323,1.0,0.999999999992877,1.0
-0.16233613784314116,0.9997406134761033,0.0003188622704004459,1.0,0.9999999999927536,1.0
-0.16228793888677728,1.0001612413430023,0.00030572556712693614,1.0,0.999999999992696,1.0
-0.16214296906603387,0.9991001780683998,0.00031312257191441187,1.0,0.9999999999925197,1.0
-0.1619924596134581,1.0010891172630711,0.0003056076992460277,1.0,0.9999999999923322,1.0
-0.16193857267334977,1.0002577697086685,0.00031931900303379656,1.0,0.999999999992264,1.0
-0.16190356670215067,0.9989861974763442,0.00031816392998916597,1.0,0.9999999999922193,1.0
-0.16173529244082374,1.0011746413949767,0.0003054362572155917,1.0,0.999999999992001,1.0
-0.1617309652445158,1.000057056485013,0.00031974736995549424,1.0,0.9999999999919953,1.0
-0.16149258256552912,1.0006419695354631,0.0003051470299925849,1.0,0.9999999999916753,1.0
-0.16147317952435714,0.9993188047066167,0.0003144610546299242,1.0,0.9999999999916487,1.0
-0.1612260949356994,1.0003675166115733,0.00032098512112497017,1.0,0.9999999999913024,1.0
-0.16102241945506535,0.9983553700479313,0.00031746810285908367,1.0,0.9999999999910061,1.0
-0.16094716351278748,1.000881706656363,0.00030502208157168296,1.0,0.9999999999908941,1.0
-0.16090231302564462,0.9991367979120683,0.00031959564093049476,1.0,0.9999999999908267,1.0
-0.16080067156818245,1.0002078049170953,0.0003057733785880415,1.0,0.9999999999906721,1.0
-0.1607730104860181,0.9999902273955241,0.0003143754858126353,1.0,0.9999999999906296,1.0
-0.16059980847001043,0.9993017329400895,0.00030508318747286296,1.0,0.9999999999903588,1.0
-0.16045861440397857,1.000680601663917,0.0003057551579085433,1.0,0.9999999999901323,1.0
-0.16044456516783612,1.0000873449618415,0.00031978346201895486,1.0,0.9999999999901095,1.0
-0.16020511095601364,0.998557041944276,0.0003172027720928892,1.0,0.9999999999897122,1.0
-0.1601721463525223,1.000550994884506,0.0003056218004201534,1.0,0.9999999999896564,1.0
-0.16011217744430084,0.9997704860909326,0.00031347817595824543,1.0,0.9999999999895538,1.0
-0.160010346873932,0.9999566398903171,0.00031920649057812467,1.0,0.9999999999893775,1.0
-0.15993769485118037,1.0000346252090866,0.00031839080979604244,1.0,0.9999999999892498,1.0
-0.15991933795021396,1.0005568777013758,0.0003052228308469236,1.0,0.9999999999892173,1.0
-0.15967680636302362,1.0010019238802752,0.0003051659664392521,1.0,0.9999999999887785,1.0
-0.1594819999480982,0.9990596190146506,0.0003128246985817304,1.0,0.9999999999884133,1.0
-0.15941503000999546,1.000365769453152,0.0003036381395985779,1.0,0.9999999999882849,1.0
-0.1593717902766798,1.000692034752198,0.000321005513974111,1.0,0.9999999999882013,1.0
-0.1592287006942854,1.0009153594874645,0.00031936806188792897,1.0,0.9999999999879204,1.0
-0.1591171584394715,1.0010934710757229,0.0003052300031740528,1.0,0.9999999999876967,1.0
-0.15896165239900029,1.0007076116990727,0.0003058536729684867,1.0,0.9999999999873781,1.0
-0.15895671244820164,1.0001253635400207,0.0003195532853679373,1.0,0.9999999999873679,1.0
-0.1587561000118285,1.0010235234145148,0.00030514363990405326,1.0,0.9999999999869441,1.0
-0.1587521823441449,0.999867022157232,0.00031456975358894787,1.0,0.9999999999869357,1.0
-0.15863139389190906,1.000812250772165,0.00030570342933496704,1.0,0.9999999999866737,1.0
-0.15855702422322793,1.0008575454070034,0.00032006755184902134,1.0,0.9999999999865097,1.0
-0.1583529002284081,1.000230802704315,0.00030547330772072705,1.0,0.9999999999860492,1.0
-0.15821004519905557,1.0000134515872343,0.00031820066672562413,1.0,0.9999999999857175,1.0
-0.15810402610344454,1.0006940417115309,0.00030535800888094425,1.0,0.9999999999854663,1.0
-0.15808534590040324,1.0000123385400779,0.0003193892011320913,1.0,0.9999999999854216,1.0
-0.15808314046765304,0.9994484244783947,0.00031398009506439234,1.0,0.9999999999854163,1.0
-0.1579906327499998,1.000502401709616,0.00032122599548964543,1.0,0.9999999999851927,1.0
-0.15797562707075485,0.9995635086128142,0.0003183960600139336,1.0,0.9999999999851562,1.0
-0.15786037058538227,1.0006013127274302,0.00030508891192020067,1.0,0.9999999999848721,1.0
-0.15759299280023242,1.0005136634621457,0.0003045184650934281,1.0,0.9999999999841921,1.0
-0.15728489748750007,1.0001980360546177,0.00030514045415951975,1.0,0.9999999999833706,1.0
-0.15712499875360209,1.0003701213297536,0.00030576703424559353,1.0,0.9999999999829275,1.0
-0.15706426185033706,0.9991856029895753,0.00031753331299931673,1.0,0.9999999999827561,1.0
-0.1570146879584513,0.9994118627961025,0.00031945944318804493,1.0,0.999999999982615,1.0
-0.15690938300286916,0.9990975168102113,0.0003048604400353574,1.0,0.9999999999823113,1.0
-0.15680586508963756,1.0008028579648711,0.0003058393124688411,1.0,0.9999999999820076,1.0
-0.15673357949560796,0.9992215396730652,0.00031458692640522624,1.0,0.9999999999817925,1.0
-0.15667291770395764,1.0008032121484756,0.0003199345108404168,1.0,0.9999999999816099,1.0
-0.15653470769811406,1.0008848468484457,0.00030554745448566534,1.0,0.9999999999811872,1.0
-0.1562179664530845,1.000262152057759,0.0003183250764760707,1.0,0.9999999999801813,1.0
-0.15616426534856487,1.000851371093671,0.00031961658573408086,1.0,0.9999999999800054,1.0
-0.156125400564747,1.0009717459568284,0.0003210191881598929,1.0,0.9999999999798773,1.0
-0.15605570050039574,0.9995963154026295,0.0003139121370804199,1.0,0.9999999999796453,1.0
-0.15604324576668205,1.0011980405685657,0.00030497345537018215,1.0,0.9999999999796035,1.0
-0.15601726897307344,0.9995197587165934,0.00031843926372897486,1.0,0.9999999999795163,1.0
-0.15576938152247521,1.000549123425489,0.0003049043127915989,1.0,0.999999999978664,1.0
-0.15545106254830898,1.000380847754289,0.00030510999415582913,1.0,0.9999999999775174,1.0
-0.15542406575147538,0.9995827975276651,0.00031911908313642735,1.0,0.9999999999774173,1.0
-0.15541263624527968,0.9997285535735411,0.0003133832908327162,1.0,0.9999999999773749,1.0
-0.15529059281863056,1.000540225444003,0.0003055636265394518,1.0,0.9999999999769162,1.0
-0.15509004192240639,0.9995116392858896,0.00031807890460320204,1.0,0.9999999999761422,1.0
-0.15507653869315163,0.9997040065742004,0.0003192570565815202,1.0,0.9999999999760891,1.0
-0.15498216660407138,1.0002064614935353,0.0003056569324000817,1.0,0.9999999999757152,1.0
-0.15479261494260754,1.000712356681522,0.00032000836025102865,1.0,0.9999999999749463,1.0
-0.1547174135460807,1.0007680636762522,0.0003055520170137781,1.0,0.9999999999746345,1.0
-0.15471730810652673,0.9993928320976566,0.0003145361397348334,1.0,0.9999999999746341,1.0
-0.15447356391788958,1.0006301091086258,0.0003053479318684463,1.0,0.9999999999735967,1.0
-0.15426363975316804,1.0002583585930895,0.00032089605460049945,1.0,0.9999999999726693,1.0
-0.15424696562325835,1.0011740344055537,0.0003195027046062706,1.0,0.9999999999725943,1.0
-0.15422895120650537,0.9999015105923392,0.0003180801417598847,1.0,0.9999999999725129,1.0
-0.15422540255195827,1.000127254363334,0.00030500540893203587,1.0,0.9999999999724969,1.0
-0.15406265992673696,0.9998062941069554,0.0003184168645921703,1.0,0.9999999999717509,1.0
-0.1540302521964918,0.999524642438028,0.0003140327182489019,1.0,0.9999999999715999,1.0
-0.15394403463858453,1.0008177106370268,0.00030505520018286826,1.0,0.9999999999711944,1.0
-0.15381670112927281,1.0003045492572256,0.00030567073959288625,1.0,0.9999999999705849,1.0
-0.15361370583480038,1.0003178390452645,0.0003051574896964102,1.0,0.9999999999695863,1.0
-0.15345859014237817,1.0005037010769273,0.00030576702060541004,1.0,0.9999999999688005,1.0
-0.15337988410010084,0.9995565465774996,0.0003134287981460434,1.0,0.9999999999683942,1.0
-0.1531598792564921,0.999999028979641,0.0003055565302489598,1.0,0.9999999999672297,1.0
-0.15314242131989886,1.0000106936044573,0.00031924329910083447,1.0,0.9999999999671355,1.0
-0.15291578677181406,0.9994607549510862,0.0003196863249185043,1.0,0.9999999999658875,1.0
-0.1529009987334291,1.0010763003247554,0.00030528776126113486,1.0,0.9999999999658045,1.0
-0.15270361003556587,0.9998614075499052,0.00031465244133963233,1.0,0.9999999999646763,1.0
-0.15265808202181574,1.0006311090886912,0.00030510933808399333,1.0,0.9999999999644108,1.0
-0.1524063964309903,1.0006343907395148,0.00030503551950717474,1.0,0.9999999999629069,1.0
-0.15240499536272978,1.0001924344494246,0.00032108348237945474,1.0,0.9999999999628983,1.0
-0.15233371779700633,1.0004589537675794,0.0003193597786671657,1.0,0.9999999999624609,1.0
-0.15224334859337318,0.9993892013414775,0.00031787927062108725,1.0,0.9999999999618989,1.0
-0.15211679279849477,1.0001326094058995,0.00030502586778731765,1.0,0.9999999999610976,1.0
-0.15211169813207448,1.0002024880028961,0.000319549587702789,1.0,0.999999999961065,1.0
-0.1520066330798393,0.9992481694829739,0.00031426458242742766,1.0,0.9999999999603865,1.0
-0.1519747306168142,1.000152919502218,0.0003057267012439912,1.0,0.9999999999601781,1.0
-0.15177393246068505,1.0003030654984482,0.0003052396077871078,1.0,0.9999999999588411,1.0
-0.15163476034615542,1.0002992262842891,0.00031956640989186293,1.0,0.9999999999578884,1.0
-0.1516285878421968,1.0000754154514004,0.00030565159323002266,1.0,0.9999999999578456,1.0
-0.15133913454445747,1.0001963233869793,0.000305584286255088,1.0,0.9999999999557905,1.0
-0.1512127648595083,0.9994562747311727,0.0003191972455171811,1.0,0.9999999999548622,1.0
-0.15115243666720346,0.999754747910879,0.0003182052151094921,1.0,0.9999999999544121,1.0
-0.15108502649471234,1.0004484938432558,0.0003053572683288636,1.0,0.999999999953904,1.0
-0.15104279187534075,1.0001622471769076,0.00031977196084390655,1.0,0.9999999999535827,1.0
-0.15084230235032692,1.0004593862651676,0.00030503818131557143,1.0,0.9999999999520268,1.0
-0.1506923084568399,1.0002187929907886,0.0003150347618073795,1.0,0.9999999999508288,1.0
-0.15054980054401312,1.0014031825725291,0.00032087150190221095,1.0,0.9999999999496628,1.0
-0.15042423402732652,0.9998944899541586,0.00031913359272992887,1.0,0.9999999999486127,1.0
-0.15013472127316163,1.000339631022735,0.00030576156760976853,1.0,0.9999999999461069,1.0
-0.14998523249004947,0.9992410463015993,0.00031412107921774575,1.0,0.9999999999447656,1.0
-0.149931188613607,1.0006147517543926,0.0003052224692314747,1.0,0.9999999999442726,1.0
-0.14980059446946825,0.9999875863269337,0.0003056230935902935,1.0,0.9999999999430628,1.0
-0.14974584553459636,1.0004139299737391,0.0003199106433747978,1.0,0.9999999999425478,1.0
-0.14943439504821754,0.9986510698507682,0.00031791113963062264,1.0,0.9999999999395287,1.0
-0.14931886299853403,0.9997743417214258,0.0003136683981340153,1.0,0.9999999999383687,1.0
-0.14928660816983097,0.99935078097304,0.0003192940147547825,1.0,0.999999999938041,1.0
-0.1492694733539679,1.0005133770395043,0.00030533352205913504,1.0,0.9999999999378661,1.0
-0.14918915394630972,1.000043628062557,0.0003182319587974621,1.0,0.99999999993704,1.0
-0.1491731534737255,1.000538879085278,0.00032108522536352215,1.0,0.9999999999368742,1.0
-0.1490261957904977,1.0005732539854104,0.00030500766837259673,1.0,0.9999999999353301,1.0
-0.14876076561097307,1.0008355638045006,0.00030441714969059,1.0,0.9999999999324447,1.0
-0.14868465424557842,0.9985512634481144,0.00031262425132157245,1.0,0.9999999999315938,1.0
-0.1485187763412057,1.0008032517051517,0.0003193379320851226,1.0,0.9999999999297021,1.0
-0.14845613869715635,0.9997376401950969,0.00030504704452308235,1.0,0.9999999999289744,1.0
-0.14829711486555652,1.0003453876290649,0.00030565332133785885,1.0,0.9999999999270924,1.0
-0.14828279418378543,0.9995577393967826,0.0003160811023907725,1.0,0.9999999999269206,1.0
-0.14822153120935866,0.9996223919680728,0.00031947347832091166,1.0,0.9999999999261806,1.0
-0.14808561789209307,1.0001552684875121,0.0003050125262726068,1.0,0.999999999924512,1.0
-0.14797461502593023,1.0000399336555506,0.00030561257154270767,1.0,0.9999999999231215,1.0
-0.14796588292910684,0.9997687371980265,0.0003145422424296423,1.0,0.9999999999230109,1.0
-0.14786051858908422,1.0016774778341708,0.0003200880798530849,1.0,0.9999999999216653,1.0
-0.1477011223026352,1.0007650996422175,0.0003055097930268832,1.0,0.9999999999195849,1.0
-0.14736409436538622,0.9997298178147074,0.00031931203226165644,1.0,0.9999999999150022,1.0
-0.14730694336626016,1.0002806461075677,0.00032097858499026166,1.0,0.9999999999141995,1.0
-0.14729111404231077,0.9999054069865649,0.00031398014016822707,1.0,0.9999999999139759,1.0
-0.14722956606428284,0.9992419174356642,0.0003183617087975095,1.0,0.9999999999131008,1.0
-0.14720931702549933,1.0003023671788587,0.00030479996814166663,1.0,0.999999999912811,1.0
-0.146937692041206,0.9997788728743617,0.00030469142210483703,1.0,0.9999999999088282,1.0
-0.1468381693741776,1.0007153715215715,0.0003056392437821818,1.0,0.9999999999073237,1.0
-0.14665016247063623,0.9993499863649798,0.00031322991924045556,1.0,0.9999999999044137,1.0
-0.14662297581730854,1.0003211471787543,0.0003051067389333363,1.0,0.9999999999039854,1.0
-0.14661718613490393,0.9994991623794683,0.0003191706284052175,1.0,0.9999999999038939,1.0
-0.14646193414387199,1.0000547496500063,0.00030545444304551616,1.0,0.9999999999014086,1.0
-0.14630755406084006,1.000488767508378,0.0003180272675884522,1.0,0.9999999998988736,1.0
-0.14628210020606502,0.9998104944909341,0.00031921179327284337,1.0,0.9999999998984495,1.0
-0.1461502350119872,1.0003918566987102,0.00030564094121284685,1.0,0.9999999998962232,1.0
-0.14597914947748336,0.9994832901003745,0.0003198218246023039,1.0,0.999999999893262,1.0
-0.14594883029942451,0.9992844711548526,0.0003145979901553053,1.0,0.9999999998927286,1.0
-0.14588341026271223,1.000192446068231,0.00030539395007648124,1.0,0.9999999998915683,1.0
-0.14563883079293305,0.9999215032809682,0.0003052250413185477,1.0,0.9999999998871182,1.0
-0.1454513337455836,0.9996911068268338,0.0003179991696099401,1.0,0.9999999998835835,1.0
-0.14544550096245246,1.000110422210128,0.00031927126577899087,1.0,0.9999999998834718,1.0
-0.14544409056040308,1.0004292609763457,0.00032097656877103623,1.0,0.9999999998834447,1.0
-0.14539177528700975,1.0003467930670207,0.00030493437164911847,1.0,0.9999999998824376,1.0
-0.1452737149712391,0.9997076506868081,0.0003183146102711786,1.0,0.9999999998801329,1.0
-0.1452647638205775,0.9992755309266714,0.00031380830374265164,1.0,0.9999999998799564,1.0
-0.14499181103889214,1.0005128723767727,0.0003055207476254599,1.0,0.9999999998744452,1.0
-0.14478675469189284,0.9996110947034389,0.0003051096148344256,1.0,0.9999999998701392,1.0
-0.14462919750158676,1.0006029228860103,0.00030572651243844626,1.0,0.9999999998667306,1.0
-0.14434669560904467,1.0002195372790263,0.0003192107335243242,1.0,0.9999999998603932,1.0
-0.14433570431556575,0.9996865595357112,0.00031809321006774107,1.0,0.9999999998601407,1.0
-0.14432759044288446,1.0003563941336728,0.0003055784522650551,1.0,0.9999999998599539,1.0
-0.14410113444054673,0.9995286937504432,0.0003197407904143311,1.0,0.9999999998546403,1.0
-0.14406662983850538,0.9997658126164659,0.00030528918598965996,1.0,0.9999999998538132,1.0
-0.1439341785082604,0.9993886622184505,0.0003142826619344637,1.0,0.9999999998505941,1.0
-0.14382368755343578,1.0005677763682164,0.00030514838907121707,1.0,0.9999999998478545,1.0
-0.14358438030373577,0.9996851822120748,0.0003208102790618177,1.0,0.9999999998417477,1.0
-0.143531100636892,1.0001113723359085,0.0003193243896012265,1.0,0.999999999840355,1.0
-0.14346464204238885,0.9997037497979769,0.0003178799449633388,1.0,0.9999999998386007,1.0
-0.14332149950283224,1.0004878458311346,0.00031848259508033514,1.0,0.9999999998347564,1.0
-0.14328647588331478,1.0001223387613685,0.0003049561925632064,1.0,0.999999999833802,1.0
-0.14324062097261958,1.0000055695656425,0.00031416248868599623,1.0,0.999999999832544,1.0
-0.1431489405245827,1.0006642049191126,0.00030572746783010115,1.0,0.9999999998300001,1.0
-0.14294774771445873,0.9997875572060405,0.00030510598994204675,1.0,0.9999999998242814,1.0
-0.1428253663030148,1.001489707392535,0.0003194392122817537,1.0,0.9999999998207093,1.0
-0.14279850318553144,1.000516247753477,0.0003057365619369818,1.0,0.9999999998199155,1.0
-0.1426565850003243,0.9992396321267241,0.00031619847432768733,1.0,0.9999999998156632,1.0
-0.14258530405101766,0.998577742759866,0.0003131620541461283,1.0,0.9999999998134897,1.0
-0.14250612128429907,1.0003436467495581,0.00030566079071231173,1.0,0.9999999998110451,1.0
-0.14236757667673317,1.0000510128752889,0.00031823524789831054,1.0,0.9999999998066907,1.0
-0.14225062211357908,1.0004083475919276,0.000305316387315233,1.0,0.9999999998029369,1.0
-0.14222683344272014,1.000212558682516,0.00031974507978483073,1.0,0.9999999998021645,1.0
-0.1420080247776241,1.0003643541476899,0.00030507507174191756,1.0,0.9999999997949162,1.0
-0.14192216747812836,1.0005444631121498,0.000314728108583626,1.0,0.999999999792,1.0
-0.14148141009593473,0.9996875672275823,0.00031780244037904877,1.0,0.9999999997763641,1.0
-0.14145787721849956,1.0001401535371732,0.0003049958982723509,1.0,0.999999999775497,1.0
-0.14137322976733913,0.9999258541696862,0.0003196021707178579,1.0,0.99999999977235,1.0
-0.14130792841135076,1.0012308660393978,0.0003059651353277455,1.0,0.9999999997698922,1.0
-0.14121838282215649,0.9991938409453351,0.00031413074262752786,1.0,0.9999999997664787,1.0
-0.14110609248348283,1.000267497067198,0.0003051692643506311,1.0,0.9999999997621264,1.0
-0.14093521202630654,0.9998834509627675,0.00031983225149254476,1.0,0.9999999997553471,1.0
-0.14068623430128468,1.0007048869074593,0.00030555592696562226,1.0,0.9999999997451222,1.0
-0.1406592216667164,0.999557002039719,0.0003178004115304943,1.0,0.9999999997439876,1.0
-0.14055490901941248,0.999424902430451,0.0003134798628897027,1.0,0.999999999739558,1.0
-0.14048815940107318,0.9994653084574995,0.0003191332919756828,1.0,0.9999999997366834,1.0
-0.1404349485275702,1.000255596195139,0.0003053398516083628,1.0,0.9999999997343693,1.0
-0.1404030832104013,0.999393112419453,0.00031813860593264166,1.0,0.9999999997329736,1.0
-0.14035618646306602,0.9995444562459458,0.00032108991175004156,1.0,0.9999999997309064,1.0
-0.1401919518585828,1.000455377351036,0.00030506210321397376,1.0,0.9999999997235396,1.0
-0.13992851126505457,1.0002966636834025,0.0003041915942585205,1.0,0.9999999997112995,1.0
-0.13992257931991503,0.999710325754585,0.00031280713878509996,1.0,0.9999999997110177,1.0
-0.1398747515974037,0.9995156420985896,0.0003208252370272743,1.0,0.9999999997087359,1.0
-0.13971359021934404,1.0002817989056498,0.00031921675315502824,1.0,0.9999999997009135,1.0
-0.1396272616094052,1.0003225283569765,0.00030516706982787494,1.0,0.9999999996966372,1.0
-0.13946949526336994,1.0003599117328505,0.00030583055752065366,1.0,0.9999999996886636,1.0
-0.13942879653308182,1.0001438975253383,0.0003196078260153115,1.0,0.9999999996865729,1.0
-0.139261238302538,1.0000165862333594,0.00030497520183801193,1.0,0.9999999996778165,1.0
-0.13919843708524837,0.9983587941559794,0.0003136980674864494,1.0,0.999999999674472,1.0
-0.13904865916873632,1.0002197781408495,0.00031990369701147465,1.0,0.9999999996663544,1.0
-0.13886736330820781,1.000265469638481,0.00030555353858295663,1.0,0.9999999996562574,1.0
-0.13861944621103817,1.0003010824939027,0.00030518217292973133,1.0,0.9999999996419536,1.0
-0.13856448954770428,1.000052268271013,0.0003192840781605885,1.0,0.9999999996387031,1.0
-0.1385265868085348,0.9999886946476875,0.00031391391861831567,1.0,0.9999999996364441,1.0
-0.13848871349517822,1.0002457272418634,0.00032094253575779447,1.0,0.9999999996341727,1.0
-0.13844227070711668,1.0003141802585778,0.00031838497553906224,1.0,0.9999999996313681,1.0
-0.13837543947153108,1.000739637887733,0.00030485675265896054,1.0,0.9999999996272945,1.0
-0.13810595769547263,1.0009878457168468,0.00030462706477839074,1.0,0.9999999996104063,1.0
-0.13790659772476488,0.9998190084440659,0.00031445834858245185,1.0,0.999999999597422,1.0
-0.13788769029937598,0.9991796327591315,0.00031303074224032536,1.0,0.9999999995961684,1.0
-0.13781072569699404,0.9997386581402304,0.00031919979042123204,1.0,0.9999999995910248,1.0
-0.13779489327117744,1.0000009267885746,0.0003051026333809276,1.0,0.9999999995899586,1.0
-0.13748794713117718,1.0004512508309638,0.00031926779259889123,1.0,0.9999999995687298,1.0
-0.13731847751299142,1.0003726309231795,0.000305637370337316,1.0,0.9999999995565417,1.0
-0.1371806141865406,0.9992220444053301,0.0003146469224776952,1.0,0.9999999995463731,1.0
-0.13716608027976918,0.9999482655959557,0.00031979988196456606,1.0,0.9999999995452876,1.0
-0.1370494934712383,1.0004401400246599,0.0003054749926937983,1.0,0.9999999995364856,1.0
-0.1368043666227834,1.000723806030956,0.00030532942339289184,1.0,0.9999999995174194,1.0
-0.13667407060194847,1.0002699363055267,0.0003183495657288183,1.0,0.9999999995069676,1.0
-0.13662476030498283,1.0007011456169106,0.00032105356928223986,1.0,0.9999999995029534,1.0
-0.1365580423903907,1.0002842069647504,0.000305041438115029,1.0,0.99999999949747,1.0
-0.13649976318557577,0.9994701126957818,0.00031384072638626826,1.0,0.9999999994926306,1.0
-0.1364850428428923,0.9994541889284775,0.0003183508346697436,1.0,0.999999999491401,1.0
-0.1361670869641216,0.9992386651272894,0.00030532726340653165,1.0,0.9999999994641002,1.0
-0.13595951498047043,1.0001040766109042,0.000305186392915054,1.0,0.9999999994454917,1.0
-0.13591157392298214,1.000299473376915,0.00031912322143628396,1.0,0.9999999994411027,1.0
-0.13585418514926584,0.999865366319684,0.00031325650583340656,1.0,0.9999999994358032,1.0
-0.13580004269587675,0.9999294790481235,0.00030559016521667336,1.0,0.9999999994307573,1.0
-0.13555242939483492,0.9995645295244519,0.0003182304194952222,1.0,0.9999999994070998,1.0
-0.13555139552063622,1.0007662558504071,0.00031946804792649334,1.0,0.9999999994069989,1.0
-0.1354951828882065,1.0010243162925339,0.0003055739606893006,1.0,0.9999999994014919,1.0
-0.13528673333613028,1.0010384379667736,0.0003199556120166674,1.0,0.9999999993806199,1.0
-0.13523260720361918,1.0003764487624291,0.00030533119766559526,1.0,0.9999999993750822,1.0
-0.13516515824355224,0.999060180501646,0.000314624836255795,1.0,0.9999999993681121,1.0
-0.13476411407626188,1.0000722495458876,0.0003208095900265377,1.0,0.9999999993250337,1.0
-0.13473973143163676,1.001097986764687,0.00030509505918888385,1.0,0.9999999993223219,1.0
-0.13472877084529955,1.0007188496544812,0.00031935445051268347,1.0,0.9999999993210993,1.0
-0.1346864361602229,0.9993394508573055,0.00031804937887269845,1.0,0.9999999993163564,1.0
-0.13453171585723567,1.0008952167735252,0.0003185655797552426,1.0,0.9999999992987391,1.0
-0.1344748318364175,0.9992919435656765,0.00031408277898655607,1.0,0.9999999992921483,1.0
-0.1344558022608453,0.999582774468142,0.0003049780156512792,1.0,0.9999999992899298,1.0
-0.13432330517389346,0.999889108608099,0.00030552892483575285,1.0,0.9999999992742884,1.0
-0.1341212590818941,1.00005284716619,0.00030530159208841726,1.0,0.9999999992497708,1.0
-0.13401638434933716,0.9998125164416285,0.0003189410561485167,1.0,0.9999999992367199,1.0
-0.13396878076221697,0.9994339269949112,0.0003056349616736008,1.0,0.9999999992307212,1.0
-0.13367352737421356,1.0001421912593145,0.00030554025074757616,1.0,0.9999999991924482,1.0
-0.13361846517486242,1.0002305023316747,0.0003192712270275777,1.0,0.9999999991851027,1.0
-0.1335831129537013,0.9993341348055494,0.0003181932568152202,1.0,0.9999999991803515,1.0
-0.13341613059517954,1.0005076972482543,0.00030529774053240547,1.0,0.9999999991575322,1.0
-0.1334113966439361,1.0008390383700263,0.00031979606641621103,1.0,0.9999999991568761,1.0
-0.13317356383441847,1.0006611784299775,0.00030516844289453905,1.0,0.9999999991232473,1.0
-0.133152310146869,0.9991935959863717,0.0003145236779172868,1.0,0.9999999991201776,1.0
-0.13290669510371345,1.0003739032028334,0.0003209410643580431,1.0,0.9999999990839133,1.0
-0.13281671101461257,1.0003225611901985,0.0003195118819740516,1.0,0.9999999990702566,1.0
-0.13270196168302562,0.9985806879270582,0.00031747899588051136,1.0,0.9999999990525456,1.0
-0.13262788139326176,1.0006348761370043,0.00030500096500693877,1.0,0.9999999990409327,1.0
-0.13258218568151392,1.0002453737501573,0.00031959804696191655,1.0,0.9999999990336986,1.0
-0.13248155554501295,1.00022224661461,0.00030579142276329434,1.0,0.9999999990175749,1.0
-0.1324519066718146,0.999636968783445,0.00031422397552247934,1.0,0.9999999990127733,1.0
-0.13228040065138202,0.9999546436628626,0.0003051253813903666,1.0,0.9999999989845333,1.0
-0.1321396140764648,1.0008050733005538,0.0003056941915966819,1.0,0.999999998960749,1.0
-0.13212484749300302,1.0007815679547756,0.0003198067982816751,1.0,0.9999999989582222,1.0
-0.13185308744607482,1.0008247823477907,0.0003056590704389542,1.0,0.9999999989106089,1.0
-0.13179127434535864,0.9997210556228865,0.0003135152626005198,1.0,0.9999999988994788,1.0
-0.1316902761624874,0.9994161685931892,0.0003191872915100788,1.0,0.9999999988810476,1.0
-0.1316174142277049,0.999708266758418,0.00031832158826231743,1.0,0.9999999988675597,1.0
-0.13160045749319238,1.0006847627648978,0.0003053176118240168,1.0,0.9999999988643975,1.0
-0.13153945744880957,0.9997269907109149,0.0003195697924545278,1.0,0.9999999988529487,1.0
-0.13135764493085844,1.0008562135567858,0.0003051715868886429,1.0,0.9999999988181355,1.0
-0.13116076463635362,0.99948111671039,0.00031263631596867097,1.0,0.9999999987792447,1.0
-0.13109581984105034,1.0007141490118172,0.00030362245033121256,1.0,0.9999999987661371,1.0
-0.131052419487105,0.9998005506476818,0.0003209808266362958,1.0,0.9999999987572994,1.0
-0.13090882683584937,1.0000153876970075,0.0003194123639596542,1.0,0.9999999987276057,1.0
-0.13079785573819436,1.0004134341456896,0.00030514035201818486,1.0,0.9999999987041728,1.0
-0.13064228339433726,1.0002547412814067,0.00030574023059436504,1.0,0.9999999986705932,1.0
-0.13063648264893857,1.000521889089331,0.00031959820315113387,1.0,0.9999999986693244,1.0
-0.1304368029576608,0.9991564717677298,0.0003050257254179993,1.0,0.999999998624904,1.0
-0.13043109886970683,1.0003202435801415,0.0003146410734881665,1.0,0.9999999986236134,1.0
-0.13031227286700187,1.0006674669775668,0.0003056664566912936,1.0,0.9999999985964535,1.0
-0.13003371353539706,1.000744727494195,0.00030541483624589035,1.0,0.9999999985306639,1.0
-0.12988934653643724,0.9997694507296951,0.00031815064334325845,1.0,0.9999999984953633,1.0
-0.12978500971183848,1.0009052097499966,0.0003054221606105358,1.0,0.9999999984693241,1.0
-0.12976517338930194,1.000727305386292,0.0003193791663951572,1.0,0.9999999984643227,1.0
-0.12976211459398002,1.000170636723819,0.00031403219711738205,1.0,0.9999999984635501,1.0
-0.12965538129816423,1.000083842821703,0.0003183830041570806,1.0,0.9999999984363442,1.0
-0.1295412034153287,0.9997786367567189,0.00030502395690200763,1.0,0.9999999984067072,1.0
-0.12927376854366912,1.0003760271544762,0.0003046131249384349,1.0,0.999999998335072,1.0
-0.1291254925888925,0.999147206541567,0.00031283807412703894,1.0,0.9999999982939761,1.0
-0.12900454649644644,1.000875072016577,0.0003192925656220524,1.0,0.9999999982597048,1.0
-0.12896557276241083,1.000552558439247,0.00030524824829568554,1.0,0.9999999982485152,1.0
-0.1288056526500725,1.0005309735390322,0.0003056807420991634,1.0,0.9999999982018427,1.0
-0.12874373002017592,0.9994100719183693,0.00031751332955612263,1.0,0.9999999981834385,1.0
-0.12869435603683144,1.0004085192001513,0.00031954356555674254,1.0,0.9999999981686291,1.0
-0.12848689928023305,1.0001044479772385,0.00030567150296968417,1.0,0.9999999981050723,1.0
-0.1283532700535659,1.000568646971672,0.0003199336873189617,1.0,0.9999999980629705,1.0
-0.12821566879864577,1.000650807905657,0.0003056046502364083,1.0,0.9999999980186393,1.0
-0.1279697616776616,1.0006715340560335,0.00030539384898044155,1.0,0.9999999979368732,1.0
-0.1278971592041529,0.9997683505535178,0.00031831483323225895,1.0,0.9999999979120933,1.0
-0.12784426853389164,0.9995652226918499,0.0003193483039198026,1.0,0.999999997893854,1.0
-0.12780592942760904,1.0006632278595415,0.0003210008613333701,1.0,0.9999999978805333,1.0
-0.12773483031617872,0.9996799634972287,0.00031388498083276495,1.0,0.9999999978556068,1.0
-0.12772434844896452,1.0005512577893627,0.00030489692316966325,1.0,0.9999999978519073,1.0
-0.1276969194646682,1.0003704912597078,0.0003185481102411488,1.0,0.9999999978421962,1.0
-0.12745028023226723,0.9999360837928183,0.000304893146817487,1.0,0.9999999977528782,1.0
-0.1271317144380646,1.0003267404568523,0.00030507956588622914,1.0,0.9999999976320192,1.0
-0.12710426448896328,1.00011204370271,0.00031914863618239485,1.0,0.9999999976213059,1.0
-0.1270917008770036,0.9992192165657372,0.00031339640094090425,1.0,0.9999999976163862,1.0
-0.12697126865825226,0.9999386984773229,0.00030562871034821,1.0,0.9999999975687087,1.0
-0.12676954332967227,1.0003505741911443,0.00031812462945962996,1.0,0.9999999974867021,1.0
-0.12675652074206312,0.9998779661868636,0.00031921618102817405,1.0,0.9999999974813141,1.0
-0.12666307752579087,1.0005102854769554,0.00030565637643451097,1.0,0.9999999974423117,1.0
-0.1264728628908358,1.0006676418437854,0.000319969443114398,1.0,0.999999997361042,1.0
-0.1263985209880616,1.0008971757408287,0.0003055643266476952,1.0,0.9999999973285817,1.0
-0.1263964074378734,0.9996562129820429,0.0003147446362577525,1.0,0.9999999973276531,1.0
-0.1261545482523445,1.0010055174680463,0.00030536414932953666,1.0,0.9999999972192233,1.0
-0.12594406099782418,1.0003921352305964,0.00032099744065194083,1.0,0.9999999971212838,1.0
-0.12592700591832795,1.0005966083023645,0.0003194735018469741,1.0,0.9999999971131988,1.0
-0.1259083128774705,1.0010042113400148,0.0003182569262087004,1.0,0.999999997104311,1.0
-0.12590635772301084,1.0009798892547332,0.0003051304720708695,1.0,0.9999999971033798,1.0
-0.12574220764049926,0.9996809805535193,0.0003184625949192725,1.0,0.9999999970241232,1.0
-0.125709261335043,0.9996868541759926,0.0003141732074870336,1.0,0.9999999970079564,1.0
-0.12562491619524963,1.0002411549142542,0.0003050060466450225,1.0,0.9999999969661665,1.0
-0.12549727403981592,1.0000553330428534,0.0003054960947409934,1.0,0.9999999969018118,1.0
-0.1252946102219994,1.000005117662011,0.0003052442902663498,1.0,0.9999999967968168,1.0
-0.1251392869570509,1.0003066023830753,0.0003057891212159487,1.0,0.9999999967139456,1.0
-0.1250589618109892,1.000235981293692,0.00031329640959851143,1.0,0.9999999966702512,1.0
-0.12484094265082035,1.0006927307834186,0.00030554566777421006,1.0,0.9999999965487048,1.0
-0.12482230156913943,0.9997648071131581,0.000319283427936639,1.0,0.9999999965381086,1.0
-0.12459634579644785,1.0006956697000595,0.0003198046159592908,1.0,0.9999999964070522,1.0
-0.12458197370978041,1.0002594880682802,0.0003053021837821938,1.0,0.9999999963985504,1.0
-0.1243825940040324,0.9993788055930473,0.0003146739369506264,1.0,0.9999999962785107,1.0
-0.12433906425874852,1.0005523615572829,0.0003051325413200451,1.0,0.9999999962517753,1.0
-0.12408734115484776,1.0003720614210583,0.00030495618484793524,1.0,0.9999999960933603,1.0
-0.1240857241240576,1.001089328944064,0.0003211873790943596,1.0,0.9999999960923214,1.0
-0.12401365628231531,1.0001967638223626,0.0003194566900184579,1.0,0.9999999960457344,1.0
-0.12392288016236819,1.0005573502089538,0.00031801866048333056,1.0,0.9999999959862627,1.0
-0.12379765571961343,1.0013555767555675,0.00030506104179667585,1.0,0.9999999959027513,1.0
-0.12379155884828208,0.9991763757225637,0.0003195382234309765,1.0,0.9999999958986414,1.0
-0.1236856612573014,0.9987506000071693,0.000314233404159093,1.0,0.9999999958265923,1.0
-0.12365532933270629,1.0001023402270812,0.0003057297842893775,1.0,0.9999999958057233,1.0
-0.12345467211287087,0.9999295923786699,0.0003052106282874463,1.0,0.9999999956650134,1.0
-0.12331503104425678,1.000631676952626,0.00031958806324164016,1.0,0.9999999955643145,1.0
-0.123309304179827,1.0006257212495109,0.0003057009115980322,1.0,0.9999999955601352,1.0
-0.1231098768766472,0.9991110893405141,0.00031729013587836495,1.0,0.9999999954121144,1.0
-0.12302767743651266,0.9994380992926218,0.0003133694257532998,1.0,0.9999999953496765,1.0
-0.12302007192704423,1.0003629419575466,0.00030562673564834305,1.0,0.9999999953438566,1.0
-0.12289282048250527,0.9999301550119597,0.00031920598882056626,1.0,0.9999999952453946,1.0
-0.12276600616019095,1.0008566897334477,0.00030540708730438724,1.0,0.9999999951451995,1.0
-0.122723245540584,1.0007652139684629,0.0003196934224244536,1.0,0.9999999951109408,1.0
-0.12252341955377233,1.0007676858870265,0.0003050540252873276,1.0,0.999999994947613,1.0
-0.122263251635502,0.999770350422123,0.00030327191337365284,1.0,0.9999999947267609,1.0
-0.12223042008372431,0.9991545372963265,0.0003208157952367123,1.0,0.9999999946982133,1.0
-0.12210448649327077,0.9991393210152781,0.00031915034505885766,1.0,0.9999999945872713,1.0
-0.12196848092617074,0.9999702878312852,0.0003050952536624731,1.0,0.9999999944648473,1.0
-0.1218153441910772,0.9997192408187434,0.00030570899602884406,1.0,0.9999999943236858,1.0
-0.12166414222896549,0.999235405291663,0.00031429716020931717,1.0,0.999999994180776,1.0
-0.12161203951433208,1.0000657750257724,0.00030515495613379624,1.0,0.9999999941307017,1.0
-0.12148146779742319,1.0004904887182433,0.00030566329411935996,1.0,0.9999999940033121,1.0
-0.12142615140629687,1.000368584626148,0.0003198936757224641,1.0,0.9999999939485135,1.0
-0.12111382529150205,0.9992226314871587,0.00031780975754338155,1.0,0.999999993629581,1.0
-0.12099797038712623,0.9997229056828819,0.0003136573783580714,1.0,0.9999999935070478,1.0
-0.12095045632707979,1.000532092421993,0.0003053226823348783,1.0,0.999999993456116,1.0
-0.1208688962340716,0.9999440366117975,0.0003182630134987038,1.0,0.9999999933677558,1.0
-0.12085350113420645,1.0002805345438488,0.0003209150854589894,1.0,0.9999999933509437,1.0
-0.12044168476137429,1.0005898658967076,0.00030432643936313355,1.0,0.9999999928850575,1.0
-0.12036356463996523,0.9989205762339861,0.0003126965761390111,1.0,0.9999999927930645,1.0
-0.12019892667470344,1.0001888627168922,0.00031929605589756446,1.0,0.9999999925952763,1.0
-0.12013696004117946,0.9998460919195561,0.00030506458014864876,1.0,0.9999999925194344,1.0
-0.11997789993688457,1.000953385715823,0.0003056949035438547,1.0,0.9999999923211832,1.0
-0.1199623899687623,0.9992286532004545,0.00031605573526715313,1.0,0.9999999923015729,1.0
-0.11990118733800159,0.9995014324797412,0.0003194341515154512,1.0,0.9999999922236998,1.0
-0.11976616305099697,0.9997718196582638,0.00030510698901523015,1.0,0.9999999920491003,1.0
-0.11965536669850962,1.0002030561869482,0.00030565300438107143,1.0,0.9999999919029056,1.0
-0.11964495256257734,0.9994702972734857,0.0003145711508211868,1.0,0.9999999918890267,1.0
-0.11954099790844452,1.000332605255368,0.0003200310315099534,1.0,0.9999999917491769,1.0
-0.1193819419021338,1.0004285068057128,0.00030546822897974064,1.0,0.999999991530518,1.0
-0.11913516045359529,1.0007211240932723,0.00030531192937065504,1.0,0.9999999911797345,1.0
-0.1191205972731666,0.9996109345485149,0.00031843972001939177,1.0,0.9999999911585857,1.0
-0.1190440856110655,0.9998280830719929,0.0003193494561647412,1.0,0.9999999910466388,1.0
-0.11898746157018536,0.9996654066491286,0.00032095869070557703,1.0,0.9999999909628785,1.0
-0.11896996086610656,0.9995950574141661,0.0003138809102338948,1.0,0.9999999909368327,1.0
-0.118909066654723,1.0001567036365642,0.00031839308846608606,1.0,0.9999999908456191,1.0
-0.11889028369250809,1.0001288305007747,0.00030480903162978686,1.0,0.9999999908172992,1.0
-0.11851884537514934,1.000295407431108,0.0003054951227043061,1.0,0.9999999902389154,1.0
-0.11832894571375974,0.9990466433441602,0.00031322880422597887,1.0,0.9999999899292814,1.0
-0.11830391275617558,0.9996351919817996,0.00030511638268145296,1.0,0.9999999898877387,1.0
-0.11829737293274434,1.0000873164321873,0.00031919115391543115,1.0,0.9999999898768576,1.0
-0.11814288007781215,1.0008997651680702,0.0003058427230919715,1.0,0.9999999896163743,1.0
-0.1179870441637405,0.9988802557569197,0.0003179284898793234,1.0,0.9999999893468358,1.0
-0.11796193139583977,0.9998961881584486,0.0003192283429600929,1.0,0.99999998930275,1.0
-0.117831140931969,1.0001374917582821,0.00030564274602389794,1.0,0.9999999890701795,1.0
-0.11765952472822505,0.9994404432974615,0.0003198215400745621,1.0,0.9999999887573255,1.0
-0.11762792219873575,0.9999400158893459,0.00031470425098812044,1.0,0.9999999886987457,1.0
-0.11756437669777142,1.0004849250472079,0.0003054080305251947,1.0,0.9999999885800295,1.0
-0.11731995396621642,1.000515450216244,0.0003052580197984451,1.0,0.9999999881116568,1.0
-0.11713068509034485,0.9991847589839692,0.000318010954600794,1.0,0.9999999877358157,1.0
-0.11712566759196363,0.9995017759222106,0.00031923224192356774,1.0,0.9999999877256922,1.0
-0.11712450146879405,1.0006374163497034,0.0003209019836053089,1.0,0.9999999877233381,1.0
-0.11707259501758926,1.0002969819453984,0.00030491247163906223,1.0,0.9999999876180974,1.0
-0.11695325105795007,1.001120201784204,0.00031847069871402794,1.0,0.999999987372692,1.0
-0.11694390557601153,0.9999472202530675,0.00031401333378684834,1.0,0.9999999873532709,1.0
-0.11679396194045921,0.999701026463589,0.00030484553160418893,1.0,0.999999987037553,1.0
-0.11667251382340282,1.000621862756884,0.000305495328784587,1.0,0.9999999867760664,1.0
-0.11646752879164524,1.0002967374695364,0.00030511819159215116,1.0,0.9999999863226985,1.0
-0.11631002613651731,1.0002856508803681,0.00030573143656210434,1.0,0.9999999859638159,1.0
-0.11629603093113161,0.9992100673690575,0.0003132542592297216,1.0,0.9999999859314748,1.0
-0.11602656358586216,1.0004092716132154,0.00031922017164201944,1.0,0.9999999852940333,1.0
-0.11601522830126498,0.9991041953257309,0.00031808622965532967,1.0,0.999999985266595,1.0
-0.11600837213600812,0.9999159450455372,0.0003054316577030941,1.0,0.9999999852499739,1.0
-0.11578154357411563,1.000340684972873,0.00031983193570613716,1.0,0.9999999846893868,1.0
-0.11574774164691348,1.0005422444025476,0.0003053280377960348,1.0,0.9999999846040435,1.0
-0.11561329331880188,0.9995160911936086,0.00031452974972279786,1.0,0.9999999842598525,1.0
-0.11550453208099043,1.0002981875927606,0.0003051642641308779,1.0,0.999999983975799,1.0
-0.11526496046477064,1.001402361350969,0.000321058404898625,1.0,0.9999999833318933,1.0
-0.11525407422749367,0.9998825743160044,0.00030497038376070426,1.0,0.999999983302027,1.0
-0.11521116545665677,0.9995216562054546,0.00031931456325395255,1.0,0.9999999831837854,1.0
-0.11500134827939235,1.0004926768734885,0.00031849995901242045,1.0,0.9999999825934337,1.0
-0.11496734511706563,0.9999456866095218,0.00030507257988822016,1.0,0.9999999824958281,1.0
-0.11491964284747525,0.9991471867835091,0.0003142494989411018,1.0,0.9999999823579763,1.0
-0.11482966944726059,1.000372073227113,0.0003057534133754758,1.0,0.9999999820950058,1.0
-0.11462863476697294,0.9999071662671231,0.0003051718470174611,1.0,0.9999999814931794,1.0
-0.11450562507155837,1.0000204645370536,0.0003193208238497497,1.0,0.9999999811149992,1.0
-0.11447949027297,1.0003190885090887,0.0003057435766201454,1.0,0.9999999810336605,1.0
-0.11433569997220872,0.9987882255230937,0.00031616208131764634,1.0,0.9999999805798387,1.0
-0.1142642525131361,0.9993204557956139,0.00031324311214876607,1.0,0.9999999803503185,1.0
-0.11418705464328127,1.000997985434908,0.00030562963970419275,1.0,0.9999999800992756,1.0
-0.11409496015514264,0.9997997302809355,0.00031915409376286747,1.0,0.999999979795591,1.0
-0.11393160047822448,1.0006271589565239,0.00030528776736583527,1.0,0.9999999792454612,1.0
-0.11390741473320531,1.000377627267715,0.00031976497763942205,1.0,0.9999999791627502,1.0
-0.11368900475571309,1.0006586075149912,0.00030506186073489804,1.0,0.9999999784007361,1.0
-0.11360116789387575,0.9992708329119305,0.0003148743191606735,1.0,0.99999997808648,1.0
-0.11330043126032763,1.000472607335211,0.00031962257808277857,1.0,0.9999999769754921,1.0
-0.11316082437599562,0.9993005894076166,0.00031784526175545393,1.0,0.9999999764407806,1.0
-0.1131387268789581,1.0001172964913567,0.0003050894049596195,1.0,0.9999999763550136,1.0
-0.11305297608876685,0.999067876350932,0.0003195175175399098,1.0,0.9999999760192215,1.0
-0.11298868219151359,1.000436366195314,0.00030588163301100823,1.0,0.9999999757643282,1.0
-0.11289742438130546,0.9986114154070223,0.0003142532444234042,1.0,0.9999999753978777,1.0
-0.11278667538738318,0.999565577443946,0.0003051361338403359,1.0,0.9999999749457088,1.0
-0.11265086700282723,1.0002740521436444,0.00030572835098550765,1.0,0.9999999743798673,1.0
-0.11261550595833114,0.999985699389959,0.00031987305090294606,1.0,0.9999999742304513,1.0
-0.112367179267153,1.0008716738342243,0.000305660474242701,1.0,0.9999999731563247,1.0
-0.11233864222920431,0.999944289795205,0.00031772115017900555,1.0,0.9999999730300554,1.0
-0.11223401124490984,0.999371891558013,0.00031345516849492344,1.0,0.9999999725619869,1.0
-0.11216823955885502,0.9996787052218373,0.0003191653390873252,1.0,0.9999999722636068,1.0
-0.11211579200636379,0.9998193866564318,0.0003053508714718204,1.0,0.9999999720233493,1.0
-0.11208281452658753,0.9993052072657288,0.00031815305231851145,1.0,0.9999999718712179,1.0
-0.11187306579475376,1.0003878560324797,0.00030506046395468024,1.0,0.9999999708840541,1.0
-0.11160929646746354,0.9996725818441228,0.0003041474132817276,1.0,0.9999999695933233,1.0
-0.11160162459003775,0.9995744565987611,0.0003128255793445474,1.0,0.9999999695549373,1.0
-0.11155539048863261,0.9991287631554017,0.00032072362035962426,1.0,0.9999999693225787,1.0
-0.11139359002649485,1.0003358548818624,0.00031926901324005706,1.0,0.9999999684953671,1.0
-0.11130795156685735,1.000191816402025,0.0003051453125852102,1.0,0.9999999680485473,1.0
-0.11110844039937717,0.9999673546428914,0.00031957599069645586,1.0,0.9999999669828616,1.0
-0.1109420701644126,1.0010421307205475,0.0003050749910131197,1.0,0.9999999660670694,1.0
-0.11087736103275603,0.9994560214316995,0.00031407504780726865,1.0,0.9999999657040523,1.0
-0.11072898860712144,1.0001317982912448,0.00031995225067453585,1.0,0.9999999648569566,1.0
-0.11054831843892998,1.0000789637784753,0.0003055032786064651,1.0,0.9999999637971643,1.0
-0.11034438160223203,0.9998219754749103,0.0003183500234725324,1.0,0.9999999625624444,1.0
-0.11030056898093221,0.999908206043294,0.00030516823840750075,1.0,0.9999999622917373,1.0
-0.1102444682184256,0.9992175744988834,0.0003192302643204532,1.0,0.999999961942245,1.0
-0.11020542813646017,0.9997497413856735,0.00031396626387516846,1.0,0.9999999616971266,1.0
-0.11016922137289953,1.0001540978960872,0.00032096057313701855,1.0,0.9999999614683867,1.0
-0.11012175935789514,0.9996827874668264,0.0003183207070773313,1.0,0.9999999611664703,1.0
-0.11005640856879495,0.9997811637971032,0.0003048296473301149,1.0,0.9999999607468845,1.0
-0.10978672828588287,1.0002323987715405,0.0003046353416595723,1.0,0.9999999589668994,1.0
-0.10958578740016378,1.0009073712290084,0.0003145562141083711,1.0,0.9999999575883408,1.0
-0.10956674686376555,0.999998321788938,0.000313033506788568,1.0,0.9999999574553347,1.0
-0.10949090024257657,0.9997531868347945,0.0003191934386684869,1.0,0.9999999569213609,1.0
-0.1094756993276178,0.9994842561063418,0.00030502948399116785,1.0,0.9999999568135403,1.0
-0.10916790497809359,1.0007153532949946,0.0003194216230407972,1.0,0.9999999545713469,1.0
-0.10899937844129681,0.9998360600003413,0.0003055883400392986,1.0,0.9999999532947396,1.0
-0.1088596986639061,0.9994119903415015,0.00031448724957623073,1.0,0.999999952209504,1.0
-0.10884644424635326,1.0004910971029448,0.0003198426188089974,1.0,0.9999999521052235,1.0
-0.10873059591148149,1.0001115121942943,0.0003055030357376854,1.0,0.9999999511840346,1.0
-0.10848521276381007,1.000428324381436,0.0003053066490589516,1.0,0.9999999491738969,1.0
-0.10835341195330273,0.9997086391552964,0.0003183587008619093,1.0,0.9999999480602508,1.0
-0.10832461792487891,0.9993942829849845,0.00031917987408153345,1.0,0.9999999478137275,1.0
-0.10823914220873121,1.0002133484287157,0.00030499897570047984,1.0,0.9999999470750036,1.0
-0.10817862177759707,0.9998072580337629,0.00031387669709094317,1.0,0.9999999465456413,1.0
-0.10816470559682045,0.9997727621242245,0.00031840001255291014,1.0,0.9999999464231719,1.0
-0.10796252943401896,1.000221175584707,0.00030480663154476746,1.0,0.9999999446119412,1.0
-0.10784778103592885,0.999921284559329,0.00030550913761485634,1.0,0.9999999435568402,1.0
-0.10764015856079823,1.000019622946753,0.0003051886342625702,1.0,0.9999999415964251,1.0
-0.10759178493290733,0.9999455514137535,0.0003190876886919896,1.0,0.9999999411299765,1.0
-0.10753311554055589,0.9997832780380717,0.00031324586363764797,1.0,0.9999999405592477,1.0
-0.10748100298968666,0.9998599087069289,0.0003055143585264896,1.0,0.9999999400476648,1.0
-0.10723194209634812,0.9999837527132716,0.0003182437452781707,1.0,0.9999999375411921,1.0
-0.10696727009491269,0.999655717984839,0.0003198292344389721,1.0,0.9999999347626666,1.0
-0.10691343971083711,1.0003902349413825,0.00030540565770495,1.0,0.9999999341826045,1.0
-0.10684440391632677,0.9999423911800104,0.0003146525232002127,1.0,0.9999999334311378,1.0
-0.10667011187780417,1.000043222395722,0.0003052140425569137,1.0,0.9999999314955426,1.0
-0.10644468424388265,1.0005661316643435,0.00032087237679831725,1.0,0.9999999289083555,1.0
-0.10642082185154322,1.0001612707978345,0.00030499590283027854,1.0,0.999999928628836,1.0
-0.10640896199950589,1.0000626312200098,0.000319335421048831,1.0,0.9999999284895035,1.0
-0.1063658084800494,0.9992610041500439,0.00031798866864889483,1.0,0.9999999279802253,1.0
-0.1062114144301205,0.9998655464366744,0.00031849206086110877,1.0,0.9999999261282535,1.0
-0.10615384742883549,0.9996200270891852,0.00031428707259693964,1.0,0.9999999254256079,1.0
-0.10613667766614299,0.9998480052411698,0.00030497625372558415,1.0,0.9999999252147478,1.0
-0.10600416430332871,1.0001047176408526,0.00030555992348091176,1.0,0.9999999235671801,1.0
-0.10580201615954365,1.0005535291589098,0.00030530639438168403,1.0,0.9999999209836397,1.0
-0.10569649289405447,1.0000604964749755,0.0003188961875085355,1.0,0.9999999196005005,1.0
-0.10564976138570614,1.0002338994342923,0.0003057468290830225,1.0,0.9999999189802601,1.0
-0.10550099523904066,0.9998372167591091,0.00031330406036000235,1.0,0.9999999169737325,1.0
-0.10535431793132943,1.000131012692037,0.0003055373245570462,1.0,0.9999999149467326,1.0
-0.10529835768646478,0.9998309227536597,0.00031927300046628756,1.0,0.999999914160416,1.0
-0.10526265953802749,0.9999284369211994,0.000318210921814724,1.0,0.9999999136550155,1.0
-0.10509724594314207,0.9999746414322026,0.00030538148102329874,1.0,0.999999911274037,1.0
-0.10509196729560699,1.0002928729743685,0.0003198097829268845,1.0,0.9999999111969841,1.0
-0.1048545450327083,1.000726259614015,0.000305210440384086,1.0,0.9999999076612314,1.0
-0.10483144110216358,0.9999775463502018,0.00031451307688131234,1.0,0.999999907309734,1.0
-0.10458743387863478,0.9999496176062748,0.00032091518277384046,1.0,0.9999999035147827,1.0
-0.10449693927854753,1.0001031969769738,0.0003194982745076604,1.0,0.9999999020681914,1.0
-0.10438136530412123,0.9986143084302902,0.00031744702258179125,1.0,0.9999999001891156,1.0
-0.10430873765881188,0.9996991535965031,0.0003048204517654348,1.0,0.9999998989898847,1.0
-0.10426192007336965,0.999960035259329,0.00031960477996246926,1.0,0.9999998982092037,1.0
-0.10416230124775439,1.0004358026749949,0.00030580659632924417,1.0,0.9999998965279279,1.0
-0.10413094146448643,0.9999042158653504,0.0003143675385013031,1.0,0.9999998959929407,1.0
-0.10396126970363184,0.9995988870812663,0.0003051373048352091,1.0,0.9999998930500633,1.0
-0.1038204753034222,1.0001230787760866,0.00030572005466101063,1.0,0.9999998905449343,1.0
-0.10380526872756946,1.0001316518801193,0.00031983493199399626,1.0,0.9999998902708795,1.0
-0.10356379413268257,0.9991944993892522,0.0003173191913258227,1.0,0.9999998858258818,1.0
-0.10353389010418823,1.0004990495624162,0.0003055996203356276,1.0,0.9999998852630321,1.0
-0.1034702329824011,0.9999081744674321,0.0003132295529895323,1.0,0.9999998840556291,1.0
-0.10337034437051784,0.9994828570741199,0.00031923103205116544,1.0,0.9999998821353505,1.0
-0.10329699534021586,0.9998491011250088,0.00031834996020657283,1.0,0.9999998807050525,1.0
-0.10328143852004246,1.0001371531454937,0.00030527044523745585,1.0,0.9999998803994723,1.0
-0.10321992240832856,1.0001428593759056,0.0003196614696573367,1.0,0.999999879183434,1.0
-0.10303862200470348,1.0001776475629225,0.00030513093811469517,1.0,0.9999998755271312,1.0
-0.1028398066795429,0.9993445917358666,0.0003127455054516738,1.0,0.9999998713902779,1.0
-0.10282118616923697,0.997311007473626,0.00031407177500303475,1.0,0.9999998709958595,1.0
-0.10277674812772375,1.0010934482293947,0.00030375853500050023,1.0,0.9999998700496812,1.0
-0.1027330487076199,1.0010423050542594,0.0003210875009465161,1.0,0.9999998691124622,1.0
-0.10258881437056289,1.0002055053064485,0.0003193881686355873,1.0,0.9999998659708377,1.0
-0.1024786914319975,0.9999157640863113,0.00030519572774165196,1.0,0.9999998635215374,1.0
-0.10232319157316283,1.0006374474573596,0.0003057267990769443,1.0,0.9999998599865707,1.0
-0.10231611458564771,1.0002913277486818,0.00031957145840272983,1.0,0.9999998598235296,1.0
-0.10211750575228962,0.9999032695767867,0.0003050085124251759,1.0,0.9999998551696868,1.0
-0.10211015462736484,1.0006639276335951,0.0003146036220666846,1.0,0.9999998549944996,1.0
-0.1019931520034163,1.0011718499953968,0.00030580462274842164,1.0,0.9999998521774702,1.0
-0.10191752061382431,1.0003831542345174,0.0003200423703551458,1.0,0.9999998503274659,1.0
-0.10156850958963304,1.0002493839399074,0.0003182170055500192,1.0,0.9999998414858785,1.0
-0.1014452787070752,1.000063618886667,0.0003193398540078211,1.0,0.9999998382408253,1.0
-0.10144108903291027,1.0005994969791436,0.00031412474823260266,1.0,0.999999838129338,1.0
-0.10133485866477088,1.0000992146596865,0.000318394290478871,1.0,0.9999998352767296,1.0
-0.10122231331783382,1.0000058723064138,0.000305065800587829,1.0,0.9999998321996838,1.0
-0.10080454528096228,0.9993164510161994,0.00031296528911340315,1.0,0.9999998202664577,1.0
-0.10068470909229177,1.000167780170399,0.0003192967512123258,1.0,0.9999998166893695,1.0
-0.10064652507963956,0.99960293356626,0.00030504282039845436,1.0,0.9999998155346947,1.0
-0.10048644546603214,1.0003963639499551,0.00030567964445348293,1.0,0.9999998106142339,1.0
-0.100167795035361,0.9996101443282689,0.0003056586059309514,1.0,0.999999800425589,1.0
-0.10009159469704798,0.9997749628126751,0.0003146460579235895,1.0,0.9999997979090032,1.0
-0.09989676849596663,1.0007356974676345,0.0003055865536130464,1.0,0.9999997913294554,1.0
-0.09965074634490634,1.0012154172925383,0.00030539303860095815,1.0,0.9999997827140398,1.0
-0.09957649086462084,0.9995899729764062,0.00031817279074495387,1.0,0.9999997800444752,1.0
-0.09952413376781521,1.0006910921856182,0.0003195298662337068,1.0,0.9999997781424892,1.0
-0.0994864586031099,1.0006441704395967,0.00032104001616981183,1.0,0.9999997767636892,1.0
-0.09941368294845532,1.0003237550164132,0.0003140724138176102,1.0,0.9999997740760052,1.0
-0.09940517385695102,1.00005569951724,0.000304922722327147,1.0,0.9999997737596498,1.0
-0.09937657059154503,1.0000978094004398,0.0003184835246398051,1.0,0.9999997726929717,1.0
-0.09913117877067634,0.9999329928399688,0.00030482784218471484,1.0,0.9999997633326451,1.0
-0.09902349567286706,1.000365929231454,0.00030560516602567473,1.0,0.9999997591043758,1.0
-0.09881250475314118,0.9995051263158904,0.00030506018635917967,1.0,0.9999997505993719,1.0
-0.09878446354915127,0.999932184410384,0.00031916923863410917,1.0,0.9999997494466577,1.0
-0.09877048832522473,0.9999411785183626,0.00031341434265195903,1.0,0.9999997488701783,1.0
-0.09865222201415236,1.000535725775622,0.000305591574930958,1.0,0.9999997439382694,1.0
-0.09844904504953433,0.9999247539985022,0.0003181072656002466,1.0,0.9999997352382495,1.0
-0.09843636420427515,0.9999011780737975,0.00031921386016302137,1.0,0.999999734685559,1.0
-0.09834412704429951,0.9996805745355669,0.0003055990968024297,1.0,0.9999997306305647,1.0
-0.09815338835537091,1.0003003865333604,0.00031995871643971773,1.0,0.9999997220475165,1.0
-0.0980794898433146,1.0005901962809294,0.0003055436972173288,1.0,0.9999997186491263,1.0
-0.09807550675913035,0.9999176646170868,0.00031473658694822194,1.0,0.9999997184647795,1.0
-0.09783539391943918,1.000363895111174,0.0003053246094561107,1.0,0.9999997071257478,1.0
-0.09762475974866902,1.00079326798623,0.0003210543322836449,1.0,0.9999996968033968,1.0
-0.09760704653608343,0.9995279246581289,0.0003193866713901694,1.0,0.9999996959189339,1.0
-0.09758781346789647,1.000238917018848,0.0003181309251626072,1.0,0.9999996949556591,1.0
-0.09758717426700514,1.000651031643917,0.00030506936347647346,1.0,0.9999996949235929,1.0
-0.09738827062485811,0.9996292665404117,0.0003139779219742153,1.0,0.9999996847798408,1.0
-0.09730593616711758,0.9998210377987099,0.0003049536325912772,1.0,0.9999996804828523,1.0
-0.09717798585973014,1.000542154240234,0.00030563955957714294,1.0,0.9999996736886629,1.0
-0.09697537568968073,0.9992724667225278,0.00030519564561698893,1.0,0.9999996626332853,1.0
-0.0968201223685412,1.0003380986882597,0.000305797199312279,1.0,0.9999996539091204,1.0
-0.09673776247955423,1.000001599027492,0.00031343317383580605,1.0,0.9999996491898467,1.0
-0.09652186744835944,1.0001866632785117,0.000305559613638557,1.0,0.9999996365112296,1.0
-0.09650204321151534,0.9998634358112226,0.00031929096264520586,1.0,0.9999996353243125,1.0
-0.0964785788520004,0.999943240709728,0.00031817280272596684,1.0,0.9999996339144445,1.0
-0.09627676654696415,0.9995942709756973,0.0003196762459670753,1.0,0.9999996215611883,1.0
-0.09626281026078232,1.0001758559723986,0.0003053113381319698,1.0,0.99999962069165,1.0
-0.09606185580139481,0.9999175213530598,0.0003143728100771231,1.0,0.9999996079475154,1.0
-0.09602018509249888,1.0000623038550085,0.00030509900088465994,1.0,0.99999960525171,1.0
-0.09576631461126794,1.0004247730969487,0.0003210722162582068,1.0,0.9999995884228777,1.0
-0.0956938722839169,0.9997285737054328,0.00031942009925062383,1.0,0.9999995834904872,1.0
-0.09560227345727412,0.9998475799468037,0.00031798732388894414,1.0,0.9999995771690735,1.0
-0.09547865707611436,1.0006224280850298,0.00030501651290496266,1.0,0.9999995684856939,1.0
-0.09536482834416304,0.9997523062909058,0.0003142705904113706,1.0,0.9999995603322255,1.0
-0.0953362052422051,0.9997752446206248,0.00030570921875997827,1.0,0.9999995582578468,1.0
-0.09513541153319238,0.9997383787136364,0.00030514711099518323,1.0,0.9999995434281262,1.0
-0.09499544033917573,1.000195768435139,0.00031957954779802424,1.0,0.99999953279699,1.0
-0.09478913980343862,1.0003797681744595,0.0003173186524685238,1.0,0.9999995166750412,1.0
-0.09470663106172417,0.9995774337899609,0.000313419903840007,1.0,0.9999995100724766,1.0
-0.09470100948107074,1.0004683262416887,0.00030558995425374557,1.0,0.9999995096193548,1.0
-0.09457273783139897,1.0002259574761558,0.0003192800045128193,1.0,0.9999994991655045,1.0
-0.0945117142349261,0.999854761015516,0.0003182587506056848,1.0,0.9999994941142801,1.0
-0.09444698597695833,1.0001704736201376,0.0003053635594811842,1.0,0.9999994887007141,1.0
-0.09440356093173818,1.0013499476044232,0.0003197831927425664,1.0,0.9999994850364169,1.0
-0.09420439816042858,0.9998375357732963,0.00030499650416399704,1.0,0.9999994678913358,1.0
-0.09405060293928358,1.0002062908635918,0.0003152015430619201,1.0,0.9999994542621456,1.0
-0.09394418422812123,0.9998416666295405,0.0003040826785775607,1.0,0.999999444627604,1.0
-0.09391090133925672,0.9996832847713623,0.000320833320474312,1.0,0.9999994415795852,1.0
-0.09378446209839808,0.9996574623506197,0.0003191135638418298,1.0,0.9999994298471211,1.0
-0.09364932356800182,0.9995472755899756,0.0003050849742960884,1.0,0.9999994170347873,1.0
-0.09349610603857172,1.0007231140025277,0.0003057805688612588,1.0,0.9999994021597917,1.0
-0.09334319088737075,0.9996831971264765,0.00031432096835270796,1.0,0.9999993869357338,1.0
-0.09329261298955771,0.9993556739395663,0.00030513459804168826,1.0,0.9999993818154157,1.0
-0.09316234113546784,1.0006614996690983,0.0003057563553112973,1.0,0.9999993684293887,1.0
-0.09310645760066905,0.9998417945612562,0.00031993285300586195,1.0,0.9999993625986239,1.0
-0.09279297866390124,0.9993565550609894,0.0003179373986833989,1.0,0.9999993288787479,1.0
-0.09267693934027221,0.9992857566738704,0.00031346233336672103,1.0,0.9999993159493368,1.0
-0.09264651645180777,1.000195642267809,0.0003193418037193951,1.0,0.9999993125185177,1.0
-0.09263143920941275,0.9997551574364976,0.0003052716682226469,1.0,0.9999993108118708,1.0
-0.0925341263109658,0.9996902452316988,0.00032105846663636647,1.0,0.9999992996942982,1.0
-0.0923881425969455,1.0001596623978761,0.0003050258806896249,1.0,0.9999992826790806,1.0
-0.09212274236739404,0.9996118397326144,0.0003043116154215925,1.0,0.9999992506792039,1.0
-0.0920424750242681,0.9994279823548691,0.0003127664683401613,1.0,0.9999992407229076,1.0
-0.09187907734099099,0.9996392462720981,0.00031926178945106836,1.0,0.9999992200445702,1.0
-0.09165868534097399,0.9998989833056219,0.0003056889954984615,1.0,0.9999991912586085,1.0
-0.09158112098290871,0.9997756588145424,0.0003194437941690597,1.0,0.999999180876972,1.0
-0.09144684647390022,0.9998556623590568,0.00030510148821018095,1.0,0.9999991625889192,1.0
-0.0913362571392895,1.0002273491181868,0.0003056060882399146,1.0,0.9999991472205435,1.0
-0.09132388392194812,0.9989583060988803,0.0003145287820585778,1.0,0.9999991454836139,1.0
-0.09122133896380547,0.9998118066373071,0.0003199306084956129,1.0,0.9999991309517106,1.0
-0.09106290010851126,1.0000709645696624,0.0003054533896392011,1.0,0.9999991080115586,1.0
-0.09081614494942869,1.0002726420097745,0.0003053131483784318,1.0,0.9999990710723919,1.0
-0.09079991861753456,0.9997529013489527,0.000318483446586176,1.0,0.99999906859039,1.0
-0.09072421546362364,1.000507846527083,0.00031936119977394207,1.0,0.9999990569228028,1.0
-0.09064894643795895,0.9992468896761734,0.00031370852109033196,1.0,0.9999990451772279,1.0
-0.0905888444387557,0.9998403372676052,0.0003183338841509932,1.0,0.9999990356934857,1.0
-0.09057138888567806,0.9993549696403495,0.00030476297871050775,1.0,0.999999032921492,1.0
-0.09029949993822584,0.9995022566245558,0.0003044627527657691,1.0,0.9999989887015516,1.0
-0.09019952202149284,1.0002513663754127,0.0003055372788065233,1.0,0.9999989719375365,1.0
-0.09000800631181605,0.9997043679826125,0.00031326692313708634,1.0,0.9999989390447943,1.0
-0.0899847109469647,0.9991808871831096,0.00030504071118777005,1.0,0.9999989349726985,1.0
-0.08997742146658538,1.0003172707699268,0.00031913839287189865,1.0,0.999998933695269,1.0
-0.0898235491509638,1.0005006489017294,0.0003054959543690234,1.0,0.9999989063698294,1.0
-0.08966653491204113,0.9993359611682623,0.00031790421514242805,1.0,0.9999988777644768,1.0
-0.08964190182780385,1.0003505248351379,0.0003192330545910618,1.0,0.9999988732093389,1.0
-0.08951204702339055,1.0002320780540161,0.0003056960196637534,1.0,0.99999884888925,1.0
-0.08933976171496738,0.999700647327383,0.00031980994156730205,1.0,0.9999988158103978,1.0
-0.08930715269484324,0.9997930332090378,0.00031483550030793876,1.0,0.9999988094432891,1.0
-0.08924548171955848,1.0003358846985082,0.0003053449354046466,1.0,0.999998797307914,1.0
-0.08900093862337144,1.0001510807619933,0.00030523163803890295,1.0,0.9999987479576569,1.0
-0.08880569595746124,0.9995652954370723,0.00031928174015320894,1.0,0.9999987071067324,1.0
-0.08880505162943564,0.9996078828947528,0.00032077019606957226,1.0,0.9999987069697357,1.0
-0.088753691851025,0.9996427459437918,0.00030489634707670665,1.0,0.9999986960028187,1.0
-0.08863306433825358,1.0005433835972153,0.0003184007270762435,1.0,0.9999986698779039,1.0
-0.08862277029920662,0.9992443193240833,0.0003138808964362511,1.0,0.9999986676243799,1.0
-0.08847471059789314,0.9996841982932114,0.0003049379844328367,1.0,0.9999986347862574,1.0
-0.08835307865649611,0.9991883334207146,0.0003054021312041391,1.0,0.9999986072048996,1.0
-0.08814830265941964,0.9997287058687524,0.00030508753791049815,1.0,0.9999985595052095,1.0
-0.08799071634607003,0.9996678113754317,0.00030567652892529647,1.0,0.9999985216883304,1.0
-0.08797482708198956,0.9998939220060519,0.0003132157225773802,1.0,0.9999985178206255,1.0
-0.08770629328857638,0.9990897705595186,0.0003192069272549697,1.0,0.9999984509031341,1.0
-0.08769489089385729,0.9994865895505385,0.00031812331799182424,1.0,0.999998447995784,1.0
-0.08768929257718128,1.0011700442264997,0.00030566006225617057,1.0,0.9999984465663445,1.0
-0.08746209163723506,1.0002452891467644,0.00031977100394069353,1.0,0.9999983874297546,1.0
-0.08742871468709268,1.0000005069464026,0.00030525330217282535,1.0,0.9999983785546674,1.0
-0.0872925470589152,0.9999580945424346,0.00031452112946839413,1.0,0.9999983418380773,1.0
-0.08718551512467343,1.0000998297101604,0.0003051758785745509,1.0,0.9999983123950573,1.0
-0.08694567954529475,0.9995516960595664,0.0003208787295036489,1.0,0.9999982445074063,1.0
-0.08693516109775601,0.9996041371717422,0.0003049538000535494,1.0,0.9999982414683402,1.0
-0.08689109201239376,0.9999156651515853,0.00031932325318827996,1.0,0.9999982286782798,1.0
-0.08668105878184917,0.9999720505269057,0.0003184672537084076,1.0,0.9999981664309902,1.0
-0.08664807560279542,0.9997826156174341,0.0003050535372015931,1.0,0.9999981564590129,1.0
-0.08659866489376,0.9997905181265769,0.00031402188302220103,1.0,0.9999981414188495,1.0
-0.08651026010591067,1.0003159541414925,0.00030575728524225146,1.0,0.9999981142024386,1.0
-0.08630924429309061,0.9993687575212858,0.0003051395223283296,1.0,0.9999980508248737,1.0
-0.08618588415271233,0.9996854066386843,0.00031932514133593186,1.0,0.9999980108809893,1.0
-0.0861602004794122,1.000266495762895,0.0003057792006066691,1.0,0.9999980024622447,1.0
-0.08601509214776826,0.9997302561121646,0.0003161146882832743,1.0,0.9999979542240603,1.0
-0.08594306271123742,0.9993421372170488,0.00031318915222433027,1.0,0.9999979298485265,1.0
-0.08586812675034139,1.0009773641384818,0.0003056955824454724,1.0,0.9999979041811045,1.0
-0.08577486525177846,0.9997184550289392,0.0003192308367329894,1.0,0.999997871791799,1.0
-0.08572683165593276,1.0002407072019261,0.00031834336404252167,1.0,0.9999978549151435,1.0
-0.0856124402460523,0.9997724450668564,0.0003052681095222127,1.0,0.9999978141827798,1.0
-0.08558771916284513,1.0006107291460957,0.0003197706102501409,1.0,0.9999978052789915,1.0
-0.08536998474392021,0.9995824233809355,0.00030493140811538506,1.0,0.9999977252744686,1.0
-0.08528044551329117,0.9996875685546688,0.00031494617037397397,1.0,0.9999976915338389,1.0
-0.08498067210931026,1.0009151447742974,0.0003196006210076819,1.0,0.9999975748867522,1.0
-0.08481957628725922,0.9994032334409576,0.00030501077945475615,1.0,0.9999975097854447,1.0
-0.0847325841461668,1.0003606242116836,0.00031957307997104186,1.0,0.9999974739069077,1.0
-0.08466943596155829,1.0003248779919025,0.00030579660701019205,1.0,0.9999974475390561,1.0
-0.08457660487002627,0.9996414723132665,0.0003142462987246493,1.0,0.9999974082764609,1.0
-0.08446739656545788,0.9992823400596553,0.00030515088042873547,1.0,0.999997361313351,1.0
-0.08433159576415505,1.0003349709096143,0.00030570839548091697,1.0,0.9999973017258761,1.0
-0.08429566194905647,0.9995661438719984,0.0003198428595735303,1.0,0.9999972857347325,1.0
-0.08404812439437137,1.0003817888454447,0.0003055575490877624,1.0,0.9999971729713198,1.0
-0.08401778593088238,1.000275211091819,0.0003178504494875267,1.0,0.9999971588325073,1.0
-0.0838480431583406,0.9998945315661059,0.00031916605342635743,1.0,0.9999970784117195,1.0
-0.08379691259810329,1.0004119823622797,0.00030536786727854983,1.0,0.9999970537438762,1.0
-0.08376226865927094,1.0000959151707753,0.00031817435256811924,1.0,0.9999970369117172,1.0
-0.08371713801261649,0.9994731414562671,0.00032082824558945155,1.0,0.9999970148401627,1.0
-0.08355390250707728,0.9996987658080064,0.0003050064771943599,1.0,0.9999969336267345,1.0
-0.08329022013555232,0.9999729149021667,0.0003040571749278884,1.0,0.9999967977457922,1.0
-0.0832360297126229,1.0001658390301738,0.0003208524814672986,1.0,0.9999967690830892,1.0
-0.08307386733980593,1.0014100237527983,0.00031937115437545994,1.0,0.9999966817696625,1.0
-0.08298877995974863,0.9999465342688835,0.00030510181053120563,1.0,0.9999966350160857,1.0
-0.08283105057219586,1.0005380908644286,0.00030577076088698755,1.0,0.9999965465980818,1.0
-0.0827883621147123,1.000626101299143,0.0003195959027904471,1.0,0.9999965222713832,1.0
-0.08262276318743034,1.0008520238990115,0.00030503673603196515,1.0,0.9999964262695294,1.0
-0.08255642356697379,0.9988250334426755,0.0003139094346425405,1.0,0.9999963870714192,1.0
-0.08240945663223442,0.9996838717729749,0.00031992846737326284,1.0,0.9999962986950339,1.0
-0.08222927373097377,0.999770140358138,0.00030549628947110566,1.0,0.9999961873896351,1.0
-0.08202369325571368,1.0003367801149174,0.00031828190353535917,1.0,0.9999960563016861,1.0
-0.0819815531540371,0.999979319403603,0.0003051959826928988,1.0,0.9999960288795448,1.0
-0.0818844080712644,0.9997095692299205,0.00031372881905474453,1.0,0.9999959649350115,1.0
-0.08184986818019979,0.9995408314594773,0.00032099502756086215,1.0,0.9999959419523018,1.0
-0.08180138726093844,0.9995815451821325,0.00031834558072926,1.0,0.9999959094723138,1.0
-0.08173737757533672,0.9996463742402556,0.0003048197539099751,1.0,0.9999958661902524,1.0
-0.08146763733196849,0.9994461014289694,0.0003045707634324541,1.0,0.9999956787090345,1.0
-0.0812651163177378,1.000850104169542,0.00031414802483551,1.0,0.9999955323808115,1.0
-0.08124566484144591,0.9998569978858076,0.0003130558367405468,1.0,0.9999955180682977,1.0
-0.08117093682668042,0.9996094007554026,0.0003191510578459418,1.0,0.9999954626552697,1.0
-0.08115650521267526,0.9997046305688442,0.00030510638883795156,1.0,0.9999954518751392,1.0
-0.08084772456098221,0.9994943386686124,0.0003192163698493819,1.0,0.9999952149858053,1.0
-0.0806801409241018,1.0000562716831525,0.0003056150446046908,1.0,0.9999950812948982,1.0
-0.08053864455455795,0.9991633447516876,0.0003146452435319485,1.0,0.9999949655113927,1.0
-0.08052666992875857,0.9999332393989319,0.0003198641677122825,1.0,0.9999949555886213,1.0
-0.08041142115811795,1.0000451913741126,0.0003055031785329982,1.0,0.999994859082249,1.0
-0.08016619751174403,1.00025150283234,0.00030530907637684585,1.0,0.9999946475508822,1.0
-0.0800328925367566,0.9996109321848402,0.000318324038844834,1.0,0.9999945289323701,1.0
-0.08000477261474259,1.0008069501288437,0.0003193566776577533,1.0,0.9999945035766958,1.0
-0.07998583931842518,0.9996375417968363,0.0003210567146616201,1.0,0.999994486438426,1.0
-0.07991996479313457,0.9992978789617505,0.00030490144768392704,1.0,0.999994426391882,1.0
-0.07985761913784017,0.9993409489596293,0.00031392348970577373,1.0,0.9999943689598441,1.0
-0.07984450726016235,0.9999077678953693,0.00031834312091601674,1.0,0.9999943568062396,1.0
-0.07964356092202252,0.9988122852747535,0.0003046220572408961,1.0,0.9999941672307124,1.0
-0.0795286143599867,1.0003332451395557,0.00030546575571494667,1.0,0.999994055938998,1.0
-0.0793209405665607,0.9996791620242195,0.00030510411748146883,1.0,0.9999938494574508,1.0
-0.07927199625547132,0.999802376915803,0.00031911005364187826,1.0,0.9999937997589272,1.0
-0.07916168625123987,0.9998636749948422,0.00030550546357795133,1.0,0.9999936862718174,1.0
-0.07891159402997516,0.9997255958796695,0.000318244419020301,1.0,0.9999934212246159,1.0
-0.07891096900824834,1.000956131533193,0.0003195580266597424,1.0,0.9999934205484731,1.0
-0.07885701441244919,0.9997946140438329,0.00030554727575190084,1.0,0.9999933619182297,1.0
-0.07864766857960603,1.0006861461816854,0.0003198841623681404,1.0,0.9999931294425146,1.0
-0.07859441082496232,1.0004727697461613,0.0003053225556285746,1.0,0.9999930690127133,1.0
-0.07852351130492252,1.0001580349158912,0.00031462060401206475,1.0,0.9999929877399285,1.0
-0.07835109557697706,1.0000671575752746,0.00030522750941096804,1.0,0.9999927860996833,1.0
-0.07812525472414222,0.999689316542062,0.0003208455492718831,1.0,0.9999925131824221,1.0
-0.07810163500727185,0.9995744355393966,0.0003050328539437554,1.0,0.9999924840494898,1.0
-0.07808887660550567,1.0002257951045217,0.0003193556474537311,1.0,0.9999924682659549,1.0
-0.07804518112257597,0.9999080405867948,0.00031800949186935645,1.0,0.9999924139583334,1.0
-0.07789111299292983,1.0003509356284268,0.00031851963330412254,1.0,0.9999922193292301,1.0
-0.07783272441437816,1.0005975295198064,0.0003142695787220955,1.0,0.9999921442711424,1.0
-0.07781755288988279,0.9992592767525291,0.0003049721831428473,1.0,0.9999921246500447,1.0
-0.0776848848359748,0.9998869174331351,0.0003055475485210481,1.0,0.9999919509713011,1.0
-0.0774829115113107,0.9999392277090172,0.00030529426791836014,1.0,0.9999916791822268,1.0
-0.0773768786323501,1.000031451427445,0.0003190081204416453,1.0,0.9999915328434287,1.0
-0.07733046513828867,1.0004938551310119,0.00030571562334463776,1.0,0.9999914679798589,1.0
-0.07717980058665752,1.0000416592082053,0.0003132012610693829,1.0,0.9999912539802139,1.0
-0.07703524741799583,0.999417266597068,0.00030554656261875965,1.0,0.9999910436181636,1.0
-0.0769782508333634,1.000236612213059,0.0003193071839843667,1.0,0.999990959289568,1.0
-0.07694234503175323,0.9997684633697176,0.0003182247011633468,1.0,0.9999909057584763,1.0
-0.07677226074358146,1.0003363292388632,0.0003197966275020438,1.0,0.9999906478459016,1.0
-0.07653552622090842,0.9996879259856356,0.0003050518658317464,1.0,0.9999902766480403,1.0
-0.07651057204736844,0.9995894539433156,0.0003145772293655555,1.0,0.999990236671847,1.0
-0.07626789577255977,0.9998136431136146,0.00032090105362406716,1.0,0.9999898392355351,1.0
-0.07617702926839343,1.0009340599435406,0.00031946772750106854,1.0,0.9999896862939713,1.0
-0.07606063098387494,0.9992074440694534,0.00031749959819572473,1.0,0.9999894870113659,1.0
-0.07598973231944228,0.9997604983526099,0.0003048683325195969,1.0,0.9999893637456202,1.0
-0.07594165477783577,1.000494249818916,0.000319615221973981,1.0,0.9999892793359499,1.0
-0.07584318554725655,0.9999370768749243,0.00030579015013584507,1.0,0.9999891043572618,1.0
-0.07581011548925431,0.9999656403016207,0.00031439585843350253,1.0,0.9999890449539451,1.0
-0.07564200000786059,0.9996486953793614,0.0003050845443066585,1.0,0.9999887379258924,1.0
-0.07550133685305127,0.9997142144240521,0.00030566074871698926,1.0,0.9999884744333408,1.0
-0.07548541276852916,0.9998294561159733,0.00031981355361574223,1.0,0.9999884442183673,1.0
-0.07524292846616731,0.9993180644704273,0.00031731151363865827,1.0,0.9999879742120727,1.0
-0.07514919160935918,1.0005693035561045,0.00031356437843892945,1.0,0.999987787442116,1.0
-0.07505013603037014,1.0006387455064953,0.0003192373251830185,1.0,0.9999875869222009,1.0
-0.07497643784586216,1.000799724693395,0.00031840680538658346,1.0,0.9999874356011438,1.0
-0.07496228087953227,1.0010168721945196,0.0003054046209509965,1.0,0.9999874063228313,1.0
-0.07490038736784754,0.9999472604734185,0.00031962172904745546,1.0,0.9999872775165004,1.0
-0.07451871013602274,1.0007383124405425,0.0003129924762545417,1.0,0.9999864535873753,1.0
-0.07450020336503371,0.9981070413548045,0.00031442599426546495,1.0,0.9999864123076674,1.0
-0.07445781487001568,0.9989453452035023,0.00030357976991837596,1.0,0.9999863172848011,1.0
-0.07441367856341685,1.0007485449748297,0.00032100346654671905,1.0,0.9999862176377621,1.0
-0.0742690797442549,1.0004395192777815,0.00031932380616652323,1.0,0.9999858860651593,1.0
-0.07415966553105591,0.9996341711447582,0.0003051876051656516,1.0,0.9999856298827785,1.0
-0.07400396180059943,1.0003501514826263,0.0003058192482917333,1.0,0.9999852572828563,1.0
-0.0739958854317706,1.0001041262278316,0.0003195345740824379,1.0,0.9999852376947055,1.0
-0.0737982081334394,0.9997834205296295,0.0003050590587689891,1.0,0.9999847500578766,1.0
-0.07367416989799835,1.0001849583222249,0.0003056973903541661,1.0,0.9999844358872346,1.0
-0.07359797734466156,0.9999646187468096,0.0003200186603119104,1.0,0.999984239703077,1.0
-0.07339575611118221,1.000295126261677,0.0003054811744743286,1.0,0.9999837069431653,1.0
-0.07324781156231097,1.0010737400766125,0.0003181683911241424,1.0,0.999983305807526,1.0
-0.07314697701940531,0.9999123988274451,0.00030536926437105114,1.0,0.9999830267625346,1.0
-0.0731252457608349,1.0002682047651936,0.00031936752231376026,1.0,0.9999829660163387,1.0
-0.07312020206863679,1.000948767867338,0.0003141925495431931,1.0,0.9999829518864715,1.0
-0.07290328458321937,0.9994916757487371,0.00030493408276446003,1.0,0.9999823329755362,1.0
-0.07263573534703482,0.9996308831237708,0.000304510846693655,1.0,0.9999815385776222,1.0
-0.07248345953758495,1.0001846786213604,0.0003130496583982076,1.0,0.9999810706019544,1.0
-0.07236487233350886,1.0008637601020036,0.0003193790922440522,1.0,0.9999806979603133,1.0
-0.07232733854795015,0.9994105607450875,0.00030510180565033405,1.0,0.9999805784952829,1.0
-0.07216737720145261,1.0005088620936302,0.000305799528135059,1.0,0.9999800610163546,1.0
-0.07210252871097111,0.9999634139220824,0.00031758270696688955,1.0,0.9999798473239814,1.0
-0.0718486909619287,1.000226864040969,0.0003056962702133332,1.0,0.9999789886142766,1.0
-0.07171383679130372,1.0001096464457788,0.0003199077117043743,1.0,0.9999785176355912,1.0
-0.07157772976793808,1.0004534540880068,0.0003055477323504494,1.0,0.9999780315801758,1.0
-0.07133186967953975,0.9998644470009057,0.00030533598462891015,1.0,0.9999771255503855,1.0
-0.07125596113196764,1.0003972751228403,0.0003183030172792148,1.0,0.9999768383407706,1.0
-0.07116698777861075,0.9999367298849672,0.0003209265281268141,1.0,0.9999764971069232,1.0
-0.07109267449013501,1.0000772737693986,0.00031401215498949277,1.0,0.9999762082496768,1.0
-0.07108613779109874,1.0001998775382295,0.00030493254030084204,1.0,0.9999761826722308,1.0
-0.07105636063792531,1.000644906913275,0.00031850898940124567,1.0,0.999976065809003,1.0
-0.07081221575458585,0.9992736974479649,0.00030460920087138795,1.0,0.999975085768902,1.0
-0.07070431962873158,1.0001645897368958,0.00030549407999528813,1.0,0.9999746399707043,1.0
-0.07049343335239655,0.9997385639159472,0.00030504868325134904,1.0,0.9999737454928811,1.0
-0.07046466294212905,1.0010809406097705,0.0003192340519862314,1.0,0.9999736210426411,1.0
-0.07044941452150155,1.0005848741061885,0.00031339154902944213,1.0,0.9999735548446813,1.0
-0.07033303694467463,1.0007316474944519,0.00030585534013309227,1.0,0.9999730441148874,1.0
-0.07012854709209648,1.0011287655993868,0.0003181344779135076,1.0,0.9999721227028295,1.0
-0.07011606970498008,1.0004126130348185,0.00031924074747181815,1.0,0.999972065472632,1.0
-0.07002489970201964,1.0006559704304374,0.0003056903872867432,1.0,0.9999716437228537,1.0
-0.06983377554578851,0.9994205379226381,0.0003199271776962267,1.0,0.9999707388197415,1.0
-0.06976032009168875,1.0001053457432358,0.0003054905387918792,1.0,0.999970383406945,1.0
-0.06975474532256953,0.9999126024500551,0.00031467159206500025,1.0,0.9999703562580419,1.0
-0.06951651677002246,1.0001962068161634,0.000305296876919288,1.0,0.9999691725538519,1.0
-0.0693053202254248,1.000836941313401,0.0003209710667702048,1.0,0.9999680837230333,1.0
-0.06928694856713946,1.000012669679468,0.00031939990436453323,1.0,0.9999679872094701,1.0
-0.06926826787349682,1.0002753552784716,0.00030503444791596103,1.0,0.9999678887733433,1.0
-0.06926717579432307,1.0001738577928792,0.00031811594449453694,1.0,0.9999678830093869,1.0
-0.06910171980628377,0.9998195953124948,0.0003184577515570863,1.0,0.9999669976848772,1.0
-0.06906714164057348,1.000169039194627,0.0003141270805641927,1.0,0.9999668096045218,1.0
-0.06898667881438314,0.9996691711177865,0.0003049235292373795,1.0,0.9999663677877234,1.0
-0.06885883659913361,0.9999531892795717,0.00030564204747741974,1.0,0.9999656536943492,1.0
-0.06850095811279289,1.000516010199923,0.0003057667305599696,1.0,0.999963573074546,1.0
-0.06841670190625848,0.9999533533380076,0.0003133185418184024,1.0,0.9999630651879158,1.0
-0.06820265398187075,0.9997771106387843,0.0003055011794740723,1.0,0.9999617428821291,1.0
-0.06818206269285554,0.9998643407822139,0.00031926824826357213,1.0,0.9999616132093159,1.0
-0.06815797619064767,0.9994901871606444,0.00031808940722747204,1.0,0.9999614609680882,1.0
-0.06795718730757017,0.9998922792987139,0.0003198266713494604,1.0,0.9999601681550062,1.0
-0.06794392399527283,0.9996182432154516,0.00030527486035475317,1.0,0.9999600812468468,1.0
-0.06774097900196097,0.9999534406669237,0.00031458071667631623,1.0,0.9999587275683232,1.0
-0.06770102865198169,0.9995696625270292,0.00030503949788409854,1.0,0.9999584557376999,1.0
-0.06744923035046213,0.9992194632296696,0.00030481307827925046,1.0,0.9999567007992806,1.0
-0.0674469050985067,1.0000753052444415,0.0003211523432839698,1.0,0.9999566842527221,1.0
-0.06737395002149071,1.000589344358294,0.0003194127889020053,1.0,0.9999561618812869,1.0
-0.06728152848815228,1.0001642129669899,0.00031794145869504367,1.0,0.9999554910798305,1.0
-0.06715938104747465,0.9996346190936028,0.0003049542483553151,1.0,0.9999545887672023,1.0
-0.06715086545841586,1.0000492865416502,0.00031956719275670446,1.0,0.999954525184682,1.0
-0.06701694288770454,1.0004135032320198,0.0003057644340855379,1.0,0.9999535134590991,1.0
-0.06667571169276698,1.0002347246445802,0.0003196060791206308,1.0,0.9999508328001943,1.0
-0.06667115297827308,1.0001059959027632,0.0003056634208411049,1.0,0.9999507959616297,1.0
-0.06646854198248775,0.9999111419072935,0.00031731300887817023,1.0,0.9999491305312216,1.0
-0.06638544610022556,1.0002605415021693,0.0003130634544627164,1.0,0.999948431320542,1.0
-0.06638194702497913,1.0000868795094144,0.00030559038887094874,1.0,0.9999484016678362,1.0
-0.06619114577907226,1.000380802093384,0.0003182771707585228,1.0,0.9999467586823971,1.0
-0.06612796571303647,1.0004502144826708,0.00030539587685527185,1.0,0.9999462032043935,1.0
-0.06608415384923205,1.000232456500483,0.00031971788032378594,1.0,0.9999458146160474,1.0
-0.06588523818038539,0.9996923576616331,0.0003050358745417663,1.0,0.9999440147769507,1.0
-0.06562525529648155,1.0003908249560427,0.00030400188105311385,1.0,0.9999415720651947,1.0
-0.06559152184703976,0.9999084321124893,0.00032085195532342647,1.0,0.9999412474123376,1.0
-0.06546457661295335,0.9991403717406308,0.00031907422814642946,1.0,0.9999400094546502,1.0
-0.06517686819864821,0.9997122361716535,0.0003057053673054079,1.0,0.9999371064757351,1.0
-0.06502237846525816,0.9995639160910279,0.00031434485747501605,1.0,0.9999354902158143,1.0
-0.06497332472883954,0.9993623399709002,0.00030509514596015484,1.0,0.9999349683945393,1.0
-0.0648432146247444,1.0004407779714792,0.00030570204260235506,1.0,0.9999335638105579,1.0
-0.06478676412785944,1.0004202054113938,0.0003199638050477903,1.0,0.9999329450241299,1.0
-0.06447227096586516,1.0001650294084576,0.0003179445728508488,1.0,0.999929390856759,1.0
-0.06435604721290389,0.9994344896562481,0.00031356495567209626,1.0,0.9999280303094112,1.0
-0.06432647123313018,1.0007891358476406,0.0003193968398939278,1.0,0.9999276799274559,1.0
-0.06431242217243494,0.999677305589789,0.00030534102909000557,1.0,0.9999275128944124,1.0
-0.0642279666427612,1.0010803189162116,0.0003183751890216261,1.0,0.9999265006328285,1.0
-0.06421461322372579,0.9997489829939014,0.00032089037432062587,1.0,0.9999263392954131,1.0
-0.06406911596991449,1.0001995871960867,0.00030491879737766167,1.0,0.9999245583062083,1.0
-0.06380352264869771,0.9996084372382387,0.0003043203880053242,1.0,0.9999211956906088,1.0
-0.06372138556991747,0.9993498652924306,0.0003125740738316278,1.0,0.999920125794743,1.0
-0.06355936723934974,0.9998795089200144,0.00031920405313502813,1.0,0.9999179727037854,1.0
-0.06349846342664023,0.9997277647461773,0.00030511162573573916,1.0,0.9999171484477565,1.0
-0.0633394707349737,0.9997618785583964,0.00030562651266890394,1.0,0.9999149575245941,1.0
-0.06332116704919599,0.9999147925245785,0.0003162421095251063,1.0,0.9999147016173858,1.0
-0.06326091635372677,1.0004824612675214,0.0003195268631090309,1.0,0.9999138538016833,1.0
-0.06312766825158178,0.9992435395148643,0.0003050285155371196,1.0,0.9999119488292525,1.0
-0.06301728632811887,1.0002036600383324,0.00030561386616721623,1.0,0.9999103389759596,1.0
-0.06300309248499047,1.0002717251950846,0.0003145536287700484,1.0,0.9999101298480411,1.0
-0.06290154173495921,1.0001831741296128,0.0003199814226966807,1.0,0.999908619367215,1.0
-0.06274385846614905,0.9998161126326137,0.00030547107894114656,1.0,0.9999062236219901,1.0
-0.06249712952589448,1.0003296142792564,0.00030527121408566356,1.0,0.9999023486644358,1.0
-0.06247924059720589,1.0001995618114219,0.000318487106375932,1.0,0.9999020615824817,1.0
-0.06240406875788551,0.9992461574976624,0.00031927740224037737,1.0,0.9999008459953331,1.0
-0.06234836068207983,1.000291977826816,0.00032099246778943445,1.0,0.9998999354570784,1.0
-0.062328070778036704,1.00018949992258,0.0003141988840915663,1.0,0.9998996017550252,1.0
-0.0622684842814607,0.9992463421667236,0.0003183158356647417,1.0,0.9998986153255358,1.0
-0.06225221679454762,0.9997037207986688,0.00030489343423525863,1.0,0.9998983443489003,1.0
-0.06198040366996338,0.9997742253154901,0.0003046224101789524,1.0,0.9998937082763358,1.0
-0.06188019835522596,0.9995519722044836,0.00030535005170855765,1.0,0.9998919464963173,1.0
-0.06168692848451052,0.9990381071812531,0.00031323542288140576,1.0,0.9998884658637283,1.0
-0.06166537024853369,0.9996324774343694,0.0003050871063238656,1.0,0.9998880707557829,1.0
-0.061657747506615124,0.9999644675520407,0.000319130910901536,1.0,0.9998879307166647,1.0
-0.061504357133486565,0.9995792477304437,0.00030542261132931125,1.0,0.9998850753467299,1.0
-0.061346025993103126,0.9993491458828228,0.0003179662217500685,1.0,0.9998820519624771,1.0
-0.0613215950762509,0.9996309198708729,0.000319207559269464,1.0,0.9998815784412802,1.0
-0.061192953266044015,1.0001853757419557,0.0003056618954461942,1.0,0.999879053683842,1.0
-0.061020276530626916,1.0002512153225984,0.0003197902467833475,1.0,0.9998755802035177,1.0
-0.0609861063301409,1.0001430821350097,0.0003146833885646649,1.0,0.9998748811673074,1.0
-0.06092644814452797,0.999976350826148,0.00030542891244198596,1.0,0.9998736513232767,1.0
-0.06068178461313778,0.9994042943975533,0.00030519478405638953,1.0,0.9998684804504046,1.0
-0.06048952800021823,0.9998387533795224,0.00031807548390335263,1.0,0.9998642698149557,1.0
-0.06048586323235838,1.0003580747647078,0.0003192500578706355,1.0,0.9998641882627565,1.0
-0.060155597640289216,0.9992695024790765,0.00030482157074802614,1.0,0.9998566350748309,1.0
-0.06003378209649668,1.0003460543565337,0.0003054749133541318,1.0,0.9998537448730728,1.0
-0.05982907619448952,0.9993643607836725,0.00030511099438105735,1.0,0.9998487569259065,1.0
-0.0596716839004614,0.9996346463287363,0.00030570493565463115,1.0,0.9998448071416338,1.0
-0.05965376200107109,0.9993974412666212,0.00031319486571808135,1.0,0.9998443509359545,1.0
-0.059386300840344575,1.0008975731017427,0.0003192851626091017,1.0,0.9998373821426585,1.0
-0.059374276928153336,1.000114252837565,0.00031811726588161336,1.0,0.9998370616756436,1.0
-0.05937035193784368,1.0007428212250042,0.00030565025103281593,1.0,0.9998369569291659,1.0
-0.05914250173890423,1.0002919581498284,0.0003198158714422298,1.0,0.9998307602346654,1.0
-0.05910954930192247,1.0001954596564833,0.00030528779910681344,1.0,0.999829844896604,1.0
-0.05897166251484265,0.9999204967245967,0.0003145298521351842,1.0,0.9998259611205356,1.0
-0.05886663677523529,0.9996169594841576,0.000305125475977872,1.0,0.9998229439949358,1.0
-0.058626260361819504,1.0000674943682175,0.0003208277262507708,1.0,0.9998158418265537,1.0
-0.05861610925023797,0.9991753330401208,0.0003049593034433915,1.0,0.9998155357603333,1.0
-0.058502790958613105,1.0001194367324946,0.000317928691415428,1.0,0.9998120846579523,1.0
-0.058329083090484346,0.999261784814169,0.00030496000576678154,1.0,0.999806669712757,1.0
-0.05827768709130865,1.001222470619376,0.00031399695834301956,1.0,0.9998050381074718,1.0
-0.058190989351288636,0.9997616734883609,0.0003057067843821459,1.0,0.9998022548383636,1.0
-0.05798999225470425,0.9993232283095651,0.00030511311374406563,1.0,0.9997956498553425,1.0
-0.057866143556566385,0.9998888821586266,0.0003194773756757786,1.0,0.9997914717397106,1.0
-0.057841049282671975,0.9997376035788037,0.0003056687134850274,1.0,0.99979061491956,1.0
-0.0576943463618349,0.9996760710349182,0.0003162403485718688,1.0,0.9997855357001176,1.0
-0.05762215009284333,0.9995126564150751,0.00031319077269065254,1.0,0.9997829915084615,1.0
-0.05754906026061235,0.9996032759628821,0.0003056019523066133,1.0,0.9997803854143004,1.0
-0.05745490958051391,1.0001692292107116,0.0003192651856713444,1.0,0.9997769827087265,1.0
-0.057406251583117296,1.000777631701654,0.00031837946899186697,1.0,0.999775203776345,1.0
-0.057293557207486856,0.9999164791993307,0.00030528829118553903,1.0,0.9997710296320216,1.0
-0.05726816250191291,1.000109241955444,0.0003196924456489045,1.0,0.999770078499632,1.0
-0.0570509646413484,0.9995725888820677,0.0003049142986667852,1.0,0.9997617824822672,1.0
-0.056959585171220795,0.9996824905484023,0.0003147769694628294,1.0,0.9997582044616672,1.0
-0.05666063576470037,1.0006308222579825,0.00031958590071970097,1.0,0.9997461242850576,1.0
-0.056500425574540714,1.0001521214957336,0.0003050540860490329,1.0,0.9997394074056457,1.0
-0.05641246970978386,1.0010760220684116,0.00031967527144133626,1.0,0.9997356456657862,1.0
-0.05635019037700317,1.0003636055419274,0.00030582275480010667,1.0,0.9997329497761412,1.0
-0.05625564707456121,0.9996932647619636,0.0003143577348255171,1.0,0.999728805450333,1.0
-0.05614825618903296,0.9992658688138198,0.00030512564213555957,1.0,0.9997240211163264,1.0
-0.056012602041761284,1.0003056647957567,0.0003057440644154203,1.0,0.9997178587922175,1.0
-0.055976095445970486,1.000117305396297,0.00031987342554117676,1.0,0.9997161774372973,1.0
-0.055728930934890286,0.9998540621330826,0.00030550279388314686,1.0,0.999704532093766,1.0
-0.05569706854195999,1.0000680609314725,0.0003177788163245165,1.0,0.9997029971296716,1.0
-0.05559180039965206,0.9997267791667062,0.000313500825458118,1.0,0.9996978699957899,1.0
-0.05552798567732964,1.0002565278454392,0.00031923589891935076,1.0,0.9996947196884098,1.0
-0.05547789468380415,0.9993566667227637,0.00030522950742195576,1.0,0.9996922243200638,1.0
-0.0554418617013539,0.9995879914522638,0.0003181401238887191,1.0,0.9996904169160584,1.0
-0.05539761426641121,0.9996828058941015,0.00032088844389519596,1.0,0.9996881832371345,1.0
-0.05523487772546787,0.9996093564339259,0.00030501853966884016,1.0,0.9996798313502547,1.0
-0.0549711436826783,0.9992163298449966,0.0003040041002497742,1.0,0.9996658287652139,1.0
-0.05495943859216679,1.0002266386080059,0.00031282952459111803,1.0,0.9996651936080052,1.0
-0.05491666924925198,0.9994591413007723,0.0003208072968327926,1.0,0.9996628627490538,1.0
-0.054754006379056364,1.0005510564309639,0.0003192212605959715,1.0,0.9996538521541684,1.0
-0.054669746717479484,0.9987737033918059,0.00030501677909368754,1.0,0.9996490926007567,1.0
-0.05451196714105322,1.000157448432704,0.0003057207971439852,1.0,0.9996400077834071,1.0
-0.05446814522318277,1.0002352592259842,0.0003195687046984473,1.0,0.9996374441149445,1.0
-0.054303455897866115,0.9995616436783015,0.0003049830882298194,1.0,0.999627649433459,1.0
-0.05423562502067725,0.9993201227799573,0.0003139163641482872,1.0,0.9996235407795048,1.0
-0.05408978670593001,0.9999415966528986,0.00031978733149632527,1.0,0.9996145571254142,1.0
-0.05391022903313569,0.9999124936951627,0.0003054984025834147,1.0,0.9996032098143263,1.0
-0.053703143828684574,0.9996317338681112,0.00031830954694722803,1.0,0.9995897199756352,1.0
-0.05366239874044254,0.9996598337399589,0.0003052281750758178,1.0,0.9995870139158298,1.0
-0.053604427163250534,1.0001255470878057,0.00031930526882480056,1.0,0.9995831339443113,1.0
-0.053563526754125235,0.9994866478730546,0.00031395435131809866,1.0,0.9995803753103663,1.0
-0.053530238106532124,1.0003978792273889,0.0003209479865780792,1.0,0.9995781170326712,1.0
-0.05348115375070961,1.0005552842926986,0.00031833209885022423,1.0,0.9995747657136748,1.0
-0.05341834654151967,0.9999314677122739,0.0003048757312185969,1.0,0.9995704398645081,1.0
-0.053148684823554504,1.0000504659600937,0.0003046166905610518,1.0,0.999551378749524,1.0
-0.052944168051809015,1.0031405511703018,0.000314096527871118,1.0,0.9995363808823966,1.0
-0.052924721728529356,1.000293810562806,0.0003129864171055273,1.0,0.9995349299351083,1.0
-0.052851250927062665,0.9997866272293234,0.00031914945589982263,1.0,0.9995294085125633,1.0
-0.052837310895995415,0.9993458992403573,0.00030505539306168643,1.0,0.9995283538073935,1.0
-0.052563889857196955,0.9992276732417359,0.0003176441042848802,1.0,0.9995072015778175,1.0
-0.05252740553700619,1.0007582885298136,0.0003192717822515101,1.0,0.9995043111607549,1.0
-0.05236118077189644,0.9993958729932749,0.0003055903932023795,1.0,0.9994909353345516,1.0
-0.0522178679514127,0.9997032694051596,0.0003146097759030791,1.0,0.9994791264785038,1.0
-0.052207034530624696,0.9999187389305285,0.0003198123692875089,1.0,0.999478223245526,1.0
-0.05209238517298331,0.9993759032511458,0.0003054381476177773,1.0,0.9994685722418984,1.0
-0.05184732084634902,0.9998831602100319,0.0003053094348027982,1.0,0.9994473690291524,1.0
-0.051712234523414224,1.000157553783462,0.0003183790357216108,1.0,0.9994353393824931,1.0
-0.051684789030503,1.001189860030948,0.0003194731737202602,1.0,0.9994328650889004,1.0
-0.05166637946550168,1.000418261034138,0.0003210036769147081,1.0,0.9994311996451346,1.0
-0.05160092590381282,0.9986777960805636,0.0003047742435000855,1.0,0.9994252406322096,1.0
-0.051536755084793384,0.999796601928485,0.00031387819642826733,1.0,0.9994193409395769,1.0
-0.05152417064938675,0.9994828645441057,0.000318276578962088,1.0,0.9994181772463809,1.0
-0.051324453641825585,0.9985762637672061,0.0003046681989026793,1.0,0.9993994109858798,1.0
-0.05120917048037654,0.9993230920062828,0.0003054589828819561,1.0,0.9993883194177525,1.0
-0.05100186101782356,0.9989497768955734,0.00030512347630740825,1.0,0.9993678860262255,1.0
-0.050952207910768266,1.000219543196234,0.0003191734918425267,1.0,0.9993628974406893,1.0
-0.05089097649456775,0.9996628739518637,0.00031329946002855833,1.0,0.9993566946126077,1.0
-0.050842647039189615,0.9998210360174947,0.00030557327685003265,1.0,0.9993517587456373,1.0
-0.05059096877000968,0.9996875234192946,0.0003182003077362561,1.0,0.9993254755916776,1.0
-0.050590964287593465,1.0010084570151179,0.00031950632972721656,1.0,0.9993254751148082,1.0
-0.05053793050737454,0.9996592086206191,0.0003056179289971876,1.0,0.9993198109037172,1.0
-0.05032820566108853,0.999563764043137,0.0003198538923465349,1.0,0.9992969734147209,1.0
-0.05027552068713703,0.9997779975984605,0.0003053509138793263,1.0,0.9992911251047962,1.0
-0.05003194074993189,0.9992812497492086,0.0003051667726870186,1.0,0.9992634936374923,1.0
-0.04978258662868029,0.9996454488464663,0.00030498801179961474,1.0,0.9992341755665691,1.0
-0.04976893014108441,0.999394096539335,0.00031930784305678894,1.0,0.999232539149717,1.0
-0.049724554097878126,0.9993467633989227,0.0003179914114067832,1.0,0.9992271993973058,1.0
-0.04951187891619924,1.0003499911598495,0.0003141043459071377,1.0,0.9992011299652801,1.0
-0.049498566559179835,0.999166257297041,0.0003048692955800944,1.0,0.9991994715642096,1.0
-0.04936546710459311,0.9997597978085792,0.00030555205557175906,1.0,0.9991827159948322,1.0
-0.049163668034339025,0.9989992205503812,0.0003052239524850257,1.0,0.9991566987900284,1.0
-0.049057126106646365,0.999292958940493,0.0003190164508684612,1.0,0.9991426598328392,1.0
-0.04885874469241536,0.9997687323397765,0.00031322466918446855,1.0,0.9991159512803945,1.0
-0.048716315491390105,0.9992091512721186,0.0003054704591794889,1.0,0.9990963126954484,1.0
-0.04865828289975127,0.9993056508498185,0.00031921122966641985,1.0,0.9990881984693384,1.0
-0.04862175397727242,0.9989254745664107,0.0003181205636134078,1.0,0.9990830572468092,1.0
-0.04845906118146104,0.9989927466851751,0.0003051241114951663,1.0,0.9990598404290274,1.0
-0.04845269312116329,0.9989542511591452,0.00031962134046276423,1.0,0.9990589210222397,1.0
-0.04821650732841931,0.9988743661193442,0.00030500250019850037,1.0,0.9990242459332549,1.0
-0.047948496585974,0.998946403224161,0.0003208868536126171,1.0,0.9989835192125877,1.0
-0.04785698099421154,0.9987845337198823,0.00031929254426604764,1.0,0.9989692702780446,1.0
-0.047740173847145684,0.9978126647742417,0.00031736189337623627,1.0,0.9989508265258521,1.0
-0.047523792985970204,0.999478239423105,0.0003056522209652432,1.0,0.9989158890007668,1.0
-0.0474890119977438,0.998751047880314,0.0003140658494454812,1.0,0.9989101786789746,1.0
-0.04718219841277005,0.9993183889045084,0.0003056228853808559,1.0,0.9988586541051826,0.9999617729617325
-0.04692220140653802,0.9989151577517588,0.00031726360388333703,1.0,0.9988133438210819,0.9998442902123414
-0.04689591170489393,0.998885170351095,0.0003054216299204312,1.0,0.9988086767124297,0.9998324108969809
-0.046828150397665524,0.9995947225121624,0.0003133772314496962,1.0,0.9987965741892143,0.9998017921418234
-0.04673006629708709,0.9988001121615481,0.00031908540299202385,1.0,0.9987788682745172,0.9997574716706976
-0.04665615819047275,0.9998120508202227,0.00031830999707665135,1.0,0.9987653790553134,0.9997240754108977
-0.046643400503171506,0.9984910765021541,0.00030515725011755825,1.0,0.9987630377162893,0.9997183106976737
-0.046580852972738285,0.9995914465641907,0.0003196008675358324,1.0,0.9987515036360293,0.9996900478497687
-0.04640071451729,0.9988754405786517,0.00030496082775154494,1.0,0.9987177703262217,0.9996086501393726
-0.04619747514697142,0.9992573182941298,0.0003126022543310795,1.0,0.9986787833902194,0.9995168140049665
-0.04617935948032681,0.9966405276198429,0.00031412680571594434,1.0,0.9986752601048231,0.9995086282248481
-0.04613874291464981,0.9982627249804477,0.0003034114306308074,1.0,0.9986673318099779,0.999490275145035
-0.046094308741942314,0.999441507176628,0.00032093038380924446,1.0,0.9986586125152381,0.9994701970339357
-0.04594920653121903,0.999672278243161,0.00031931182059465355,1.0,0.9986298040913975,0.9994046308687498
-0.04584036218437859,0.9978118819499803,0.00030499372851337813,1.0,0.9986078552614485,0.9993554482519658
-0.04568459344130815,0.9989396099646324,0.0003056909803975332,1.0,0.9985759339866678,0.9992850622868722
-0.04567579552006862,0.9994457943203365,0.00031945894569641425,1.0,0.9985741130359219,0.9992810868411887
-0.04547891035321072,0.9981365602808966,0.0003049075135338341,1.0,0.9985328550995629,0.9991921219294307
-0.04546840473947,0.999578788716747,0.00031458565619609056,1.0,0.9985306261865072,0.9991873748425154
-0.045354910770413426,0.998782119794559,0.0003055990404206292,1.0,0.9985063685949436,0.9991360912384567
-0.045278295811471025,0.9988825883156632,0.0003199660063573695,1.0,0.9984898081417,0.9991014718551358
-0.045076708176310376,0.9991663814082583,0.0003054400642815148,1.0,0.9984455165024984,0.9990103820769682
-0.04492725246456786,0.9984964389963059,0.000318060929036274,1.0,0.9984120021395404,0.9989428487304034
-0.04482796062779926,0.9985820116971431,0.00030517561951256427,1.0,0.9983894156342062,0.9988979825292701
-0.04480521312720498,0.9990998477086938,0.00031919187742693783,1.0,0.9983842048846644,0.9988877037997174
-0.044799176830263576,0.9993412097053378,0.00031392540728978176,1.0,0.9983828198828428,0.998884976226923
-0.04471248373417325,0.9989689593598252,0.00032081299414785726,1.0,0.99836282319302,0.9988458029170856
-0.04469422982366211,0.9993374652998759,0.00031827882227227725,1.0,0.9983585875888029,0.9988375546698267
-0.044584255818335805,0.9976305593812995,0.00030472151526058294,1.0,0.9983328837389142,0.9987878616033775
-0.044316649263748786,0.9982598348598668,0.00030441607784618247,1.0,0.9982689990738982,0.9986669403887699
-0.044162373794208065,0.9991292833330004,0.00031302165925288267,1.0,0.9982313016035621,0.9985972291771374
-0.04404503590751574,0.9989335611536394,0.00031913688657792395,1.0,0.9982022020910463,0.9985442086530317
-0.04400801317751757,0.9975826268454968,0.0003049593733898793,1.0,0.9981929435612175,0.9985274794907496
-0.0438480317534129,0.9983177831496415,0.0003052439736723788,1.0,0.9981525099164019,0.9984551899754674
-0.04352958687840669,0.9986772342210575,0.0003055789550159934,1.0,0.9980699566826258,0.9983112968592067
-0.04344988806014527,0.9979725271690366,0.0003143552337588099,1.0,0.9980488624792774,0.9982752839972578
-0.04339432869571169,0.998651936019755,0.00031976722134511426,1.0,0.9980340544026735,0.9982501788355382
-0.04325855243303067,0.9975736011212013,0.000305392060556214,1.0,0.9979975097438591,0.9981888267112465
-0.042935293115135664,0.9986297307422612,0.0003180187513474157,1.0,0.9979084600825161,0.9980427581315235
-0.04288428035881964,0.998538584995393,0.00031924744279576326,1.0,0.9978941437699409,0.9980197074089292
-0.04284751728687297,0.9984910704205457,0.0003208071522258812,1.0,0.9978837818816637,0.9980030955762356
-0.04277180463869357,0.9990620200144534,0.0003137559866631767,1.0,0.997862323969243,0.9979688839127988
-0.04276724023134193,0.9981171897041929,0.0003046594371051993,1.0,0.9978610252859392,0.9979668214308772
-0.042736012410202306,0.9988478656577552,0.00031832472174291043,1.0,0.9978521247418938,0.9979527107673041
-0.04249297540371799,0.9972119178372632,0.0003044328932541569,1.0,0.9977819305430243,0.9978428915961555
-0.04238500563317871,0.998154706977316,0.000305392878683489,1.0,0.9977502209272177,0.9977941041671081
-0.04217408458663385,0.9968592977075276,0.00030477411477967487,1.0,0.9976873420380401,0.997698796975646
-0.042145001244506375,0.9982172504469877,0.00031901394847983963,1.0,0.9976785749481919,0.9976856553205011
-0.04212847947591847,0.997877080901956,0.00031318512445519306,1.0,0.9976735840508901,0.9976781897622371
-0.04201371359101813,0.9979910481265395,0.000305360108044791,1.0,0.9976387064691498,0.9976263314278286
-0.041808049467420005,0.9973545003621253,0.00031787996750764314,1.0,0.9975752906475029,0.9975333996397224
-0.04179591413527817,0.9980376160587731,0.00031906206833521905,1.0,0.9975715121225688,0.9975279161451028
-0.04170581094641079,0.9973560974797645,0.0003053277259843,1.0,0.9975433294962845,0.997487201944157
-0.04151430166575665,0.998182573904138,0.0003197384016150758,1.0,0.9974826826302479,0.997400666190722
-0.041441427695019684,0.997568073938506,0.00030521394411911495,1.0,0.9974593387686992,0.9973677372175569
-0.0414337067025059,0.9977994739856533,0.00031448689693493046,1.0,0.9974568568989653,0.9973642483949674
-0.04119750103387787,0.9974184470716578,0.00030505206156181537,1.0,0.9973801358912208,0.9972575160453364
-0.040986019631731097,0.9975005326944524,0.00032076609538701984,1.0,0.9973101440842794,0.9971619556505099
-0.040967128427070065,0.9972598927219432,0.00031913551639217117,1.0,0.9973038322127848,0.9971534194342855
-0.04094922280251012,0.9972974100669909,0.0003048484323031871,1.0,0.9972978406257781,0.9971453285641891
-0.04094639983657089,0.9976924053731452,0.0003178966941727987,1.0,0.9972968952034488,0.9971440529733476
-0.04078126848811792,0.9974483581473125,0.0003181746461249502,1.0,0.9972412132439373,0.997069436403303
-0.040746289859956875,0.9980299058943498,0.0003138135544355317,1.0,0.9972293230629014,0.997053630892825
-0.040667559886969684,0.9974463092111975,0.00030458898106718073,1.0,0.9972024388020876,0.9970180558151728
-0.04053954907453772,0.9975623641803699,0.0003053259964414382,1.0,0.997158367023673,0.9969602126022288
-0.04033690590910055,0.9963728748377613,0.0003049232797547366,1.0,0.9970876941325116,0.9968686458701119
-0.040181794008304905,0.9974358830186548,0.0003055058987288223,1.0,0.9970328506818541,0.9967985567070372
-0.040095779939839815,0.9975096405670107,0.0003132099858672779,1.0,0.9970021603085139,0.9967596902239341
-0.03988371769889909,0.9961240735737192,0.0003051790935274615,1.0,0.9969256516540443,0.9966638673701682
-0.03986194391018216,0.9973664582514892,0.0003191272806415854,1.0,0.996917728315777,0.9966540286239449
-0.03983765071279777,0.9963802291331851,0.000317829697715038,1.0,0.9969088733423974,0.9966430514528553
-0.03963760870348665,0.9979826565517742,0.0003195801803732458,1.0,0.9968353638039543,0.9965526600841693
-0.03962489913297418,0.996837643502707,0.0003049966298801376,1.0,0.9968306577555327,0.9965469171130904
-0.03942010221260972,0.9967636123841198,0.0003140627390836377,1.0,0.9967542418447913,0.9964543771811124
-0.03938201081834336,0.9967156603615881,0.0003048215738194761,1.0,0.9967399077539737,0.9964371651301299
-0.03913017477179892,0.9965973142221466,0.0003044178394085206,1.0,0.9966441902442391,0.9963233700077453
-0.03912749624120693,0.9975598696123104,0.00032086171606076654,1.0,0.996643163356258,0.9963221596817388
-0.039054166668478274,0.9960900819974572,0.00031911377140246046,1.0,0.9966149785021058,0.9962890248393778
-0.038961061025233334,0.9967866818633494,0.00031763499854096,1.0,0.9965789928895492,0.9962469539435981
-0.038840243444212774,0.9961271372957494,0.0003046460576268009,1.0,0.99653196465179,0.9961923610780925
-0.03883072715279923,0.9964690795441832,0.00031928278234450764,1.0,0.996528244551009,0.9961880610282747
-0.03872274722163027,0.9961395428718981,0.00031382491408858996,1.0,0.9964858710823159,0.9961392690080256
-0.03869768084578595,0.9968530177317596,0.0003053824833712594,1.0,0.9964759920128893,0.9961279424670237
-0.03849688962753817,0.995599988110383,0.0003047983382859658,1.0,0.9963962807711247,0.9960372125593406
-0.03835584443947937,0.9960333636730208,0.00031924579232397456,1.0,0.9963396777437066,0.9959734796082514
-0.038351869799925,0.9962174783874518,0.00030534781761293474,1.0,0.9963380754084011,0.9959716836199459
-0.038147666957868864,0.9965760914770844,0.00031672067155117176,1.0,0.9962552189597262,0.9958794121293396
-0.03806453864492454,0.9962599810184694,0.00031302397573897963,1.0,0.9962211898580186,0.9958418496092996
-0.03806288473026598,0.9961363940032222,0.0003052395005219291,1.0,0.9962205110648273,0.9958411022682276
-0.03787071590993207,0.9974164211630938,0.00031804828929887156,1.0,0.9961411773508975,0.9957542684939191
-0.03780880702373679,0.9959092417142876,0.0003050409881979219,1.0,0.996115423486668,0.9957262942250328
-0.03776460848257557,0.9956498257099463,0.0003192798846568616,1.0,0.9960969787994896,0.9957063225868592
-0.037566355303169985,0.9955412706389632,0.0003046375768415837,1.0,0.9960136488343055,0.9956167395223093
-0.03740889839988881,0.9964421010214867,0.00031454385400443447,1.0,0.9959467731743072,0.9955455907418823
-0.03730604908054147,0.9957813757639865,0.0003036260104487653,1.0,0.9959027598157516,0.9954991170498002
-0.03727228094155066,0.9959619909030705,0.00032047693977388424,1.0,0.9958882521012502,0.9954838585132965
-0.03714469145018029,0.9943504072668388,0.00031865478861807197,1.0,0.995833181999994,0.9954262056793011
-0.03701100826680204,0.9952723000031274,0.0003046689387522037,1.0,0.9957750504943416,0.9953657993378657
-0.03688372737698842,0.995569654279082,0.0003191178604005685,1.0,0.9957192926232905,0.9953082859491659
-0.03685776927821394,0.9955537519114002,0.00030520657655560364,1.0,0.9957078719849417,0.9952965564725185
-0.0367012888596463,0.996091374340228,0.00031379101838090195,1.0,0.9956386726514909,0.9952258489283602
-0.03665417483296096,0.9949241228728954,0.00030465706486485926,1.0,0.995617718768131,0.9952045598932666
-0.036524088275399436,0.9955076419936383,0.0003051793869601676,1.0,0.995559576430255,0.9951457787301193
-0.0364670709676318,0.99626895666413,0.0003195636250300503,1.0,0.9955339595775134,0.995120014779309
-0.036151702177235734,0.9961359668969066,0.00031767652723457785,1.0,0.9953907986478296,0.9949775116285813
-0.03603487790203452,0.9951097371153361,0.0003131969045135164,1.0,0.9953371295644231,0.9949247231859559
-0.036006426337152675,0.9957756568726139,0.00031886743425604304,1.0,0.995324006371495,0.9949118670068974
-0.03599340514551841,0.9952937920492899,0.0003049556790937973,1.0,0.9953179935037657,0.9949059832260966
-0.03590771022129502,0.9954584681003128,0.00031791910286866265,1.0,0.9952783135598071,0.9948672609521269
-0.035894961852278584,0.9955070025524598,0.000320457382601112,1.0,0.9952723945124072,0.9948615004494811
-0.035750089252132966,0.9948639687248498,0.0003042173918783089,1.0,0.9952048363073711,0.9947960380365741
-0.035484441385676746,0.9945012429107909,0.0003039666394638852,1.0,0.99507953813525,0.9946760018785682
-0.0354002962869977,0.9943758720465005,0.00031228776934634424,1.0,0.9950394612914208,0.9946379799117624
-0.0352393799441586,0.9954965334285639,0.0003188819819591045,1.0,0.9949622915909845,0.9945652679422953
-0.035020256451673504,0.9949239902093924,0.0003049661716814213,1.0,0.9948560750313754,0.9944662543777686
-0.035000763802258916,0.995143394902315,0.0003157320000757322,1.0,0.9948465620911616,0.9944574463915562
-0.034940573460517044,0.9949787502480839,0.0003187967249527401,1.0,0.9948171206150032,0.9944302486674859
-0.0348083511198638,0.9944929905525329,0.0003046763097561692,1.0,0.9947520871585782,0.9943705024252657
-0.034682162763846947,0.9954253733333489,0.0003142863012517005,1.0,0.9946895560461873,0.9943134827109973
-0.03458202202241978,0.9944566173893621,0.0003193137796821611,1.0,0.994639603792526,0.9942682329221655
-0.034424955581954464,0.9944401919641536,0.0003049704246090525,1.0,0.9945606592761641,0.9941972605770206
-0.034178114112449975,0.9935168852055662,0.0003047427354433425,1.0,0.9944350824230282,0.9940857223138638
-0.03415870117366637,0.9943910666314093,0.00031802757504696124,1.0,0.9944251263746332,0.9940769503458512
-0.034084060648950754,0.9943697751176191,0.000318707543822346,1.0,0.9943867358188482,0.9940432231341934
-0.03400705667258208,0.9946995249265664,0.0003133901101025111,1.0,0.9943469437563325,0.9940084279687069
-0.033948124114075995,0.9940434342616989,0.0003178393022702492,1.0,0.9943163610961464,0.9939817985889987
-0.03393318325987593,0.9941285214189786,0.00030429156153929883,1.0,0.9943085897019612,0.9939750473857634
-0.03366130725038374,0.9937215888746246,0.0003040309202562396,1.0,0.9941658814925819,0.9938521969670162
-0.0335610139210587,0.9935118030261949,0.00030479880682235345,1.0,0.9941126033814474,0.9938068782295222
-0.03336598924391421,0.9935706203585167,0.0003127264085148739,1.0,0.9940079882083519,0.9937187540022394
-0.03334630654205739,0.993304975766253,0.00030463169672795065,1.0,0.9939973541102445,0.9937098601385634
-0.033337935272527375,0.9936051204638002,0.0003185154698774264,1.0,0.9939928270316459,0.9937060774805455
-0.03318530371282691,0.993347923409391,0.00030482982009065414,1.0,0.9939098325288191,0.9936371090891886
-0.03302537846730047,0.9941301269223588,0.00031744376798006175,1.0,0.9938219298894152,0.9935648449588673
-0.0330014272341117,0.9935322440164085,0.00031868614449190715,1.0,0.9938086802043274,0.9935540223083795
-0.03287372108334807,0.9932369933462678,0.0003049943708031035,1.0,0.9937376522653617,0.9934963167604455
-0.03270065274946887,0.9932226661847893,0.00031920996768089655,1.0,0.993640345279568,0.9934181137688367
-0.03260727630549809,0.9925907990831662,0.00030476043950528286,1.0,0.9935873289896975,0.993375920508518
-0.032362907786392725,0.9930036148771104,0.0003046443530844313,1.0,0.9934468090815333,0.9932654996775048
-0.03216874172635187,0.9931651684997345,0.0003174260861927736,1.0,0.9933332537822853,0.9931777634266048
-0.032166290850028645,0.9930438957634754,0.0003199459501576771,1.0,0.9933318092976255,0.9931766559688958
-0.03216575363636309,0.9935024775910425,0.00031864971816449153,1.0,0.9933314926398518,0.9931764132224913
-0.03211560801167934,0.9930263629427075,0.0003041719432584008,1.0,0.9933018748078706,0.993153754323671
-0.031992276409312126,0.9933446947964272,0.00031778931300050845,1.0,0.9932285211074285,0.9930980254676243
-0.031980915868750515,0.9927452332042355,0.00031314210700530255,1.0,0.9932217272760278,0.9930928920718245
-0.03183662311812441,0.9927909938497127,0.0003040009211879124,1.0,0.993134883733866,0.9930276916708414
-0.03171462412316828,0.9925679036627759,0.00030485968253257087,1.0,0.9930606404187289,0.9929725649693532
-0.03150984957824221,0.9924362636527213,0.00030451861340642904,1.0,0.9929342799347016,0.9928800351479838
-0.03135251302950337,0.9931935500472214,0.00030506707373202527,1.0,0.9928356533431675,0.992808940751193
-0.03106616978524812,0.9926834951057691,0.00031856828346176613,1.0,0.9926525590930233,0.9926795531398039
-0.031053801881938625,0.9918726507469603,0.0003174198490220148,1.0,0.9926445425463658,0.9926739645551274
-0.03082277324375582,0.9921265478026327,0.0003190248827980189,1.0,0.9924930836761738,0.9925695715084722
-0.030790661261619334,0.9912265764640072,0.0003044294061495772,1.0,0.9924717690570414,0.9925550613262033
-0.03065063937397383,0.9921370227848691,0.0003136555678859316,1.0,0.9923780575022085,0.9924917907656153
-0.030547481222129136,0.9914671012461315,0.0003044156752380028,1.0,0.9923081993269428,0.9924451775238844
-0.03030670289413706,0.9919291353682809,0.0003198790224483508,1.0,0.9921423501244352,0.9923363789635616
-0.030296918735302825,0.9913767909546015,0.0003040513512328923,1.0,0.992135525921268,0.9923319578746538
-0.030251362194960052,0.9922684599994714,0.0003186646910956716,1.0,0.9921036623365402,0.9923113726083472
-0.030182312846804393,0.9920592475944068,0.00031723857695597064,1.0,0.992055085255977,0.9922801718365285
-0.02995670945020379,0.99157169702106,0.0003136552131563035,1.0,0.9918939460213126,0.9921782302500131
-0.029871857526217127,0.9916868257060203,0.0003049340534496621,1.0,0.9918323539218294,0.9921398888957584
-0.029546403283092104,0.9915114106498585,0.0003185463748261933,1.0,0.9915908994373367,0.9919928285128817
-0.029522037005420998,0.9915519339593264,0.0003049498366270182,1.0,0.9915724796225667,0.9919818183195925
-0.029373461979112392,0.991004477393005,0.000315395242473938,1.0,0.9914590975280985,0.9919146829212487
-0.029301099039001244,0.9910056829086197,0.0003124599597708395,1.0,0.9914032014647134,0.9918819848633693
-0.029229855345505484,0.9910428717177777,0.0003047690423923663,1.0,0.9913477308393976,0.991849792550427
-0.029134676715656838,0.9910730145987078,0.00031823559370566335,1.0,0.9912729343797214,0.9918067849509169
-0.029085810419701374,0.9917925913048236,0.00031754941316768,1.0,0.9912342219220535,0.9917847041320467
-0.02863872482915042,0.9911664934218923,0.00031343093939167335,1.0,0.9908698917848359,0.9915826831736048
-0.024623358372593884,0.9922220636123767,0.00031315488733296893,1.0,0.9865634619607041,0.9912999329396744
0.027267890340489487,0.9902331996446158,0.0003154494443216161,1.0,0.9902185675842052,0.9912999329396744
0.02734114117135178,0.9910096944978506,0.00031251422930505564,1.0,0.9902789251142882,0.9913330321853191
0.027555070606268828,0.9923084880151466,0.0003175698666873706,1.0,0.9904538033379743,0.9914296987529614
0.028002995199521763,0.9908237888764543,0.000313591612580067,1.0,0.9908132267410475,0.9916320988247846
0.028548287443541653,0.9909992713338227,0.00031859061681014555,1.0,0.9912384889463759,0.991878495631338
0.02860754604387239,0.9914292522987703,0.0003047546640526513,1.0,0.991283891886983,0.9919052723369348
0.028707225656358304,0.9919277339255635,0.0003134600195629998,1.0,0.9913599063507378,0.9919503137591527
0.02922823286664311,0.9910892435058491,0.00030475824240429404,1.0,0.9917499187958306,0.9921857370834588
0.02926508200123834,0.9928711409758004,0.00031715040357505357,1.0,0.9917770399206342,0.9922023878045869
0.029371168332540165,0.991434800066025,0.0003126046223830568,1.0,0.9918547790478779,0.9922503241791428
0.029519356903463745,0.9917684822663186,0.00031748329222992496,1.0,0.9919625242037879,0.9923172849530099
0.030003839925641484,0.9930029639534803,0.0003121486075234506,1.0,0.9923079212086433,0.9925362043871355
0.03020557455701578,0.9928336209208822,0.000318538780771097,1.0,0.9924486546099007,0.9926273605872961
0.0304458362386697,0.9924507739984125,0.000304751453719467,1.0,0.9926139082199652,0.9927359256948066
0.03049250285978644,0.9930353932023263,0.00031873568924059115,1.0,0.992645709463092,0.9927570125643558
0.030654467523788753,0.9911998148080114,0.0003042309666750225,1.0,0.992755335259017,0.9928301982302484
0.030727185107735977,0.9915121003119918,0.0003132970874055962,1.0,0.9928041780602456,0.9928630565381766
0.030869221449449924,0.9918977708234089,0.00031907948090111054,1.0,0.9928989100821183,0.9929272373538707
0.031046904596564673,0.9919209336423205,0.0003047785614881867,1.0,0.9930161710849944,0.993007525603901
0.03125891861923691,0.9937353707117617,0.0003177688103603429,1.0,0.993154283066055,0.9931033266696669
0.03129464864943543,0.9917379339031677,0.00030450262603146447,1.0,0.9931773657634024,0.9931194717101209
0.031355493740349516,0.9932617553283138,0.00031856544910882157,1.0,0.993216545817831,0.9931469652904168
0.03139953184816591,0.9936001877587759,0.00031334717032324895,1.0,0.9932448030229433,0.9931668644348695
0.031479959978767624,0.9933924582406328,0.00031775179827356304,1.0,0.9932961929116618,0.993203206845301
0.031538746993533096,0.9918933314081861,0.00030410332450986935,1.0,0.9933335778757519,0.9932297704593334
0.0318085893592297,0.9923823836798997,0.00030396378477841877,1.0,0.9935032667374166,0.9933517019518673
0.03201812108818558,0.999286055806518,0.0003136869941844925,1.0,0.9936328704138662,0.9934463813636002
0.03210822061595309,0.9934808546970707,0.0003186643904102775,1.0,0.9936880229337949,0.9934870939102344
0.03212027341527346,0.9926978767633166,0.0003044211580650297,1.0,0.9936953745269069,0.9934925401114139
0.03243285563662823,0.9947828806204284,0.00031875143424504903,1.0,0.993883876206061,0.9936337841176727
0.032596114698606016,0.9935896659722572,0.0003050460021617909,1.0,0.993980684538637,0.9937075546727344
0.03274487667025028,0.9938335758437251,0.0003141686565804026,1.0,0.9940679195466359,0.9937747745445586
0.03275187004018676,0.9937219550829754,0.0003192775231341614,1.0,0.9940719976491668,0.9937779345822051
0.03286472247989991,0.9933717518606048,0.00030489657692318146,1.0,0.9941375231810983,0.9938289283035756
0.03310972493008535,0.9926274846828823,0.0003046827586948111,1.0,0.9942779506627457,0.9939396355839111
0.0332751594432068,0.9947719645329636,0.00031879374450315443,1.0,0.9943713638743201,0.9940143891425283
0.033356191349241726,0.9931066648510233,0.00030426580420801514,1.0,0.9944167066559396,0.9940510043760933
0.033426251402520535,0.9945489994613325,0.00031321793085037244,1.0,0.994455692210652,0.9940826618470809
0.03343683723666402,0.9939722414964471,0.00031786223208445834,1.0,0.9944615652644168,0.9940874451825423
0.03363286911638852,0.9923563757283136,0.0003038703003783432,1.0,0.9945694951424809,0.9941760245263281
0.03374860547043568,0.9932434630298946,0.00030488320325246904,1.0,0.9946324803595233,0.9942283213787997
0.033955933649224335,0.9933620013160726,0.00030461935323461837,1.0,0.9947439525180347,0.9943220050900982
0.0340070162978634,0.9944285751497213,0.00031858360415397484,1.0,0.9947711510464212,0.9943450873943727
0.034072231192050495,0.9947173231365011,0.00031287793957330493,1.0,0.99480572157242,0.9943745555224153
0.034114885449582744,0.9941703773208549,0.00030514271213567535,1.0,0.9948282402645211,0.9943938293576057
0.03437035067648253,0.9956826929778827,0.0003178014236382348,1.0,0.9949615865038351,0.9945092643684349
0.03441932058271391,0.9940251808815957,0.00030507972078955444,1.0,0.9949868506649951,0.9945313920048445
0.03463059597055462,0.994517375675005,0.0003193390944953584,1.0,0.99509476219699,0.9946268593096489
0.034760056871768086,0.9956849386521633,0.00031416407232681264,1.0,0.9951600173497862,0.9946853577625103
0.03492510817275729,0.9947413550480918,0.00030477173201559485,1.0,0.9952422609137896,0.9947599381621534
0.03515232184378192,0.9956024609966366,0.00032014126381218696,1.0,0.9953537474366254,0.9948626073703802
0.0351745590213568,0.994331820541509,0.00030450566224534005,1.0,0.9953645513070947,0.9948726555043877
0.03519090765887256,0.995579377468845,0.0003189250716939063,1.0,0.9953724820985176,0.9948800428313113
0.03538994995393807,0.9954901989698292,0.0003180542605826092,1.0,0.9954682153662955,0.9949699824671873
0.035451072229207625,0.9965556518511594,0.00031382521766175814,1.0,0.9954973092128996,0.9949976012965414
0.03545880934262868,0.9942704070577029,0.0003041736902246317,1.0,0.9955009818827094,0.9950010974035552
0.03559236870583504,0.9954506310312399,0.0003051441670581498,1.0,0.9955640215793193,0.9950614477953685
0.03579406378815975,0.9946676295192595,0.00030482284116968393,1.0,0.9956579426047502,0.9951525861248192
0.035902128909128805,0.9955902519676261,0.0003185974321317263,1.0,0.9957076350828002,0.9952014166390958
0.0359461638305163,0.995577042893823,0.00030527499128122634,1.0,0.9957277588190833,0.9952213143437225
0.0361044221734943,0.9962081076085614,0.00031296404668514684,1.0,0.9957994863122345,0.9952928252642387
0.03624089542336151,0.994936566161493,0.0003050674405046636,1.0,0.99586059535153,0.9953544923305064
0.03630203506791929,0.9964401663106303,0.00031898167395664557,1.0,0.9958877495039197,0.9953821190083807
0.03633960241759837,0.9967812482442701,0.00031791966500566187,1.0,0.9959043663582067,0.9953990942635638
0.03649800790955737,0.9951775681582591,0.00030488657465636154,1.0,0.9959738650240805,0.9954706716751027
0.036506007840216625,0.9951715401713918,0.0003192279142655491,1.0,0.9959773506442589,0.9954742865392214
0.03674041082280155,0.994979225216711,0.0003045780333899164,1.0,0.9960784523670998,0.9955802043236552
0.03677290093478547,0.9970921503074476,0.0003141146336738816,1.0,0.9960923094826744,0.9955948853684072
0.03700969935025,0.9957922793883147,0.0003204416540881933,1.0,0.9961921637158461,0.9957018855577686
0.03710260752514216,0.9965809847422649,0.0003191142395219587,1.0,0.996230796765164,0.995743867225117
0.03722161140719038,0.9955467950156974,0.00031719358423005855,1.0,0.9962798355868103,0.9957976405491019
0.03728684517977854,0.9950082200724218,0.00030458203342623776,1.0,0.9963065056801576,0.9958271172075753
0.03733940316728024,0.996612710454588,0.00031917234677893825,1.0,0.9963278850148056,0.9958508661613177
0.037433967314200345,0.9971415817595747,0.0003055611589247081,1.0,0.9963661086938063,0.995893596099385
0.03747374214336929,0.9971628943782228,0.00031391575373307883,1.0,0.9963820930930706,0.9959115688305139
0.03763522014526188,0.9950194328913606,0.00030467138476703796,1.0,0.9964464241381166,0.9959845345923257
0.0377752157987743,0.9965021125435571,0.0003053626913886669,1.0,0.9965014705835585,0.9960477932987076
0.03779345214249474,0.997502428713232,0.0003195721438435614,1.0,0.9965085917498399,0.9960560336082026
0.038061263229565157,0.9958237555870199,0.0003052229248179026,1.0,0.9966118687084967,0.9961770472432533
0.03813497225925566,0.997719814672962,0.00031323200997374046,1.0,0.9966398684228195,0.9962103535477699
0.03830523320654322,0.9974326459338695,0.00031814186170511306,1.0,0.9967038502195518,0.9962872879882512
0.0383136561641777,0.9958785212780453,0.0003049453826858062,1.0,0.9967069903896322,0.9962910940021559
0.0385563548258574,0.9956360368956306,0.00030471537523493194,1.0,0.9967964637598283,0.9964007602881676
0.038765675100230435,0.9977967827929924,0.0003129074941252907,1.0,0.9968720811152848,0.9964953441516243
0.038783170862870975,0.9959991715706246,0.0003139720612988708,1.0,0.9968783370158455,0.9965032498207222
0.03881847374810832,0.995554724388329,0.0003032359981155701,1.0,0.9968909300109201,0.9965192018506291
0.038863799421676504,0.9974159052242196,0.0003207453907897574,1.0,0.9969070392824898,0.9965396827970291
0.03901041054649568,0.9972641654619754,0.0003190278586905696,1.0,0.9969586943589573,0.9966059307830528
0.039116994547441664,0.9958461130411629,0.00030478295751265084,1.0,0.9969958155522897,0.9966540920355752
0.03927309489827735,0.996603649090948,0.00030541060073123536,1.0,0.997049532197921,0.9967246278415941
0.039284888704557375,0.997527033036386,0.00031929006882902556,1.0,0.9970535594064383,0.9967299570136782
0.03947898467140476,0.9960925348913603,0.00030474022374823236,1.0,0.9971192111109043,0.9968176615921324
0.039602449874053036,0.9977914042874287,0.0003054762611080123,1.0,0.9971603623031724,0.9968734508170602
0.03968074687207945,0.9980319865451424,0.000319859334189126,1.0,0.997186214933094,0.9969088302498103
0.0398802963760545,0.9962019031732103,0.0003051138232106701,1.0,0.9972512542854404,0.9969989990740838
0.040034839348450646,0.9980469448778655,0.00031794040024063784,1.0,0.9973007936783238,0.9970688311600732
0.040129088214229114,0.9963553771915531,0.0003050308363364943,1.0,0.9973306527166188,0.9971114186345948
0.040154883150137266,0.9981950327796156,0.00031909638350885054,1.0,0.9973387784930349,0.9971230743841544
0.040164036977444084,0.9994903080627038,0.0003137619505237598,1.0,0.9973416573064164,0.9971272106502408
0.040245882432856206,0.9978018607124127,0.00032072240430554397,1.0,0.9973672862408565,0.9971641934957987
0.04026691876677546,0.9980074915012684,0.00031818564318698633,1.0,0.9973738413745429,0.9971736990142727
0.040372830980487606,0.9958189167074687,0.0003045349621133194,1.0,0.9974066458507446,0.9972215567117182
0.0406407484803708,0.9964971618366111,0.00030421633083931135,1.0,0.9974881596761398,0.997342618430668
0.04091447177714258,0.9976789054511248,0.0003189775646993679,1.0,0.9975692949158592,0.997466303568213
0.04094954838393505,0.9968282766908535,0.0003048649924343275,1.0,0.9975795373016848,0.9974821533515047
0.041109448610285426,0.9977861050438551,0.0003052652322285232,1.0,0.997625787208703,0.9975544061766127
0.04122665793377678,0.9985716001091608,0.00031916827153430447,1.0,0.9976592327519709,0.9976073686079021
0.04142772407126927,0.9979475534456815,0.00030557124523443116,1.0,0.997715717006381,0.9976982227411261
0.0415128785046619,0.9990928595490769,0.0003143164193661395,1.0,0.9977393030653633,0.9977367007878651
0.04156460975787013,0.9983706846064321,0.0003197635185936107,1.0,0.997753534737137,0.9977600761718529
0.04169856328718424,0.9967641181282704,0.0003053276066730196,1.0,0.997790048308492,0.9978206046723249
0.04194432995586794,0.9979730158442124,0.0003051875523262675,1.0,0.9978557841752655,0.997931657273907
0.04202670898912686,0.998404311640637,0.00031806622766192077,1.0,0.997877458270268,0.9979688812229812
0.042075704589308316,0.9981788218257737,0.0003191846358522558,1.0,0.9978902641246301,0.9979910204695087
0.042110891949647566,0.9987736307484536,0.00032082945675199957,1.0,0.9978994219933677,0.998006920298112
0.042189868631623995,0.9971873168783156,0.00030464289315844015,1.0,0.9979198583365285,0.9980426068541645
0.04219121944549187,1.0001108358777306,0.00031384901545633006,1.0,0.9979202064609141,0.9980432172355278
0.042225030639343686,0.9988631077970141,0.00031827098979449897,1.0,0.9979289046026862,0.9980584952268842
0.04246433081652867,0.9967972433512123,0.00030443454976684296,1.0,0.997989619741861,0.9981666258671283
0.04257293537526152,0.9986826373456932,0.00030535866207182107,1.0,0.9980166899377796,0.9982157001327948
0.0427835473622622,0.9972089743591482,0.00030484507402464474,1.0,0.9980683345369288,0.9983108676720144
0.042814397369824064,0.9986390887522549,0.0003190540743277561,1.0,0.9980758057827186,0.9983248076160146
0.042834740795740345,0.9988329221313383,0.0003132351659116629,1.0,0.9980807195511818,0.9983340000357401
0.04294370126592639,0.999026295526074,0.0003054699605076726,1.0,0.9981068628171742,0.9983832351242433
0.04315330321647082,0.9991581535462749,0.00031807656178333175,1.0,0.9981563301326256,0.9984779462664389
0.04316455033517741,0.9985258735071845,0.00031907697901705683,1.0,0.9981589541425029,0.9984830284112202
0.04325145434216893,0.9991653921609087,0.0003054690617472797,1.0,0.9981791257602177,0.9985222970236647
0.04344467244544603,0.9993148226135713,0.0003197959138758014,1.0,0.9982233221350568,0.9986096049289905
0.04351566511397209,0.9984561676630964,0.0003053298198695986,1.0,0.9982393368176519,0.9986416838133051
0.04352899241938957,0.9994133461064928,0.00031450501231555523,1.0,0.9982423298899625,0.9986477059152712
0.04375954636608981,0.9978146194268859,0.00030513884611945607,1.0,0.9982934464051648,0.9987518844669162
0.04397243526588568,0.9987155648808221,0.0003208828884829782,1.0,0.9983395481150278,0.9988480808563489
0.043992745514543685,0.9988764547618538,0.00031924988732521175,1.0,0.998343891906865,0.9988572582845345
0.044007912965014384,0.997253093105926,0.0003047493361521574,1.0,0.9983471296515883,0.9988641118779984
0.04401551030009898,0.9997952178617845,0.0003180297579652605,1.0,0.9983487494556939,0.9988675448245031
0.04417939057650244,0.9995445550804591,0.0003183682082085498,1.0,0.9983833707364138,0.9989415960827152
0.04421668000166079,0.9992435807746219,0.00031391181366296626,1.0,0.998391163758068,0.9989584457543875
0.044289797954093046,0.9976291239331421,0.0003047833332649364,1.0,0.9984063539607649,0.9989914849735926
0.04441831255135753,0.9989107229543935,0.0003054931367916617,1.0,0.9984327639880097,0.999049555827724
0.044620800420659634,0.9973432018386055,0.0003050059946642977,1.0,0.9984736366019887,0.9991410523874295
0.044775558568829865,0.998392620898799,0.00030563545854389525,1.0,0.9985042729978363,0.9992109817031596
0.044867539398676826,0.9997744406821589,0.0003133748331457148,1.0,0.9985222376766844,0.9992525443385849
0.045073644559039394,0.9989246659573593,0.0003054167883022456,1.0,0.9985618389800154,0.9993456754144152
0.04509841019914518,0.9991254322999126,0.00031926249334340064,1.0,0.998566537248518,0.9993568660643855
0.045123739242185934,0.9989680967821678,0.00031807386354666694,1.0,0.9985713291257199,0.9993683112946941
0.04532126375931966,0.9994951840849461,0.00031980762278449387,1.0,0.9986082404120793,0.9994575651045025
0.04533217512116039,0.9987011619569071,0.0003051613097046411,1.0,0.9986102559295973,0.9994624955335379
0.04554252591675123,0.9995857934612958,0.0003145640866203042,1.0,0.9986486363203833,0.9995575450503025
0.045575042783383424,0.998349259441234,0.0003050157836793165,1.0,0.9986544892731843,0.9995722381844616
0.04590573550882482,0.9994208849088446,0.00031936938813458926,1.0,0.998712815026386,0.9997216656380753
0.04600075553035765,0.9997104903122749,0.00031789558852235233,1.0,0.9987291757871597,0.9997646015685256
0.04611717052534914,0.9982334654511155,0.00030481145810217457,1.0,0.9987489816815709,0.999817205073005
0.04613023991254295,0.9994810668156228,0.0003195908790465751,1.0,0.9987511888933562,0.9998231106315444
0.04624016520057239,0.9997341465515449,0.00031432482490025644,1.0,0.9987696241337753,0.9998727816845018
0.04626010397910818,0.9991048302786336,0.0003056099195855514,1.0,0.9987729433267901,0.9998817912594804
0.04646089519735597,0.998269199153951,0.0003050332279940375,1.0,0.998805950441692,0.9999725211671635
0.04660333893838242,0.9986579057262245,0.00031947562006756446,1.0,0.9988289093033654,1.0
0.046605424208365775,0.9989490070323155,0.0003056723688643115,1.0,0.9988292426162734,1.0
0.046814540702058594,0.9998329801895341,0.00031728259762494134,1.0,0.9988622638058772,1.0
0.04689430165981889,0.9988479842452658,0.0003055213732112656,1.0,0.998874649562032,1.0
0.04689873777537734,1.0002420395926575,0.000313430627386946,1.0,0.9988753350672659,1.0
0.047027669595451016,0.9991768446251988,0.00031914483845408973,1.0,0.998895104907844,1.0
0.04709057110586912,1.0002245616509138,0.00031831806015430157,1.0,0.9989046426697822,1.0
0.04714797609037191,0.9986816538108187,0.0003053075107317767,1.0,0.9989132860456447,1.0
0.047194025993889,0.9992888735950173,0.00031957374660858536,1.0,0.9989201778701027,1.0
0.04739070943151091,0.9984391688478705,0.00030492582097350126,1.0,0.9989491980042602,1.0
0.047553656800772615,1.0000925401040803,0.0003149825314359333,1.0,0.9989727366490556,1.0
0.04765115456353897,0.9982798237306538,0.00030383191368324447,1.0,0.9989866054229202,1.0
0.04768585594177921,0.9993886448371516,0.00032088761579431767,1.0,0.9989915030420365,1.0
0.0478149620919055,0.9988532047423528,0.0003189802750406808,1.0,0.9990095482765369,1.0
0.0479466047137862,0.9983126428510564,0.00030495455730004777,1.0,0.9990276644475934,1.0
0.048076992666594265,1.0001645665551302,0.00031952445902995956,1.0,0.9990453290697492,1.0
0.048099942295266374,0.9998841818429909,0.00030572412834389796,1.0,0.9990484097531769,1.0
0.04826142462210825,1.000210275898105,0.00031415026451692976,1.0,0.9990698479874389,1.0
0.048303692208151006,0.9987430592960646,0.00030508429437868837,1.0,0.9990753908740422,1.0
0.04843315087504152,0.9997380815246859,0.000305599281415156,1.0,0.9990921927885302,1.0
0.048492006566817736,0.9998818876114598,0.00031994116210829957,1.0,0.9990997447963905,1.0
0.0488104186781797,1.0014060798018967,0.00031803936165365754,1.0,0.9991396774422769,1.0
0.048928074695490764,0.9997576189389582,0.00031355634925133027,1.0,0.9991540443849394,1.0
0.04895370608184635,1.0004722999721638,0.0003193537218169607,1.0,0.9991571468234637,1.0
0.04896364587469293,0.9990084565456957,0.00030525618425909383,1.0,0.9991583473168799,1.0
0.049053472887251814,1.000415287194574,0.0003183531358310209,1.0,0.9991691300394825,1.0
0.04906343592861617,0.9999033405821618,0.0003208394842664215,1.0,0.9991703186645672,1.0
0.0492069912541524,0.9987683124338838,0.0003046342910319296,1.0,0.9991872841872967,1.0
0.04947280321022163,0.9982246040467834,0.0003043568242504274,1.0,0.9992179133316054,1.0
0.04972016355949904,0.9995905073017642,0.000319227874545932,1.0,0.9992455202393853,1.0
0.04977811649280284,0.9983437047238335,0.0003050298367395395,1.0,0.9992518655626289,1.0
0.04993738509733703,1.0000781146555897,0.00030567861870723907,1.0,0.9992690680351136,1.0
0.049960998056818084,0.9995110573538698,0.0003164623325666707,1.0,0.9992715892290218,1.0
0.05001989891592018,0.9996263785597811,0.0003193930932970738,1.0,0.9992778455450736,1.0
0.050149601908913155,0.9986573870640875,0.0003050096316754219,1.0,0.9992914592602001,1.0
0.05025914984150859,0.9992013462542126,0.00030553598665075454,1.0,0.9993027845408256,1.0
0.050280625421418534,1.000686856576966,0.0003145564105540654,1.0,0.9993049863239963,1.0
0.050376950636689344,0.9996354598599523,0.00031989968229288377,1.0,0.9993147884130008,1.0
0.050532168689642276,0.9991700330657529,0.00030537926126740733,1.0,0.9993303323727177,1.0
0.05077893222869534,0.9989629205553413,0.00030525841885102356,1.0,0.9993544167845814,1.0
0.050803330618386155,1.0002563389120611,0.00031850664009724434,1.0,0.9993567568742947,1.0
0.050875961086219945,0.9999125817485558,0.0003193309359026596,1.0,0.9993636795902745,1.0
0.050929422086909426,1.0007251566066873,0.00032105536446481515,1.0,0.9993687338929409,1.0
0.05095598450426664,1.0003674757021992,0.00031390174217348446,1.0,0.9993712322019913,1.0
0.05101295379643034,0.9999065367934717,0.00031833947056594196,1.0,0.9993765615501528,1.0
0.05102391777779758,0.9993679977712796,0.0003047248584431496,1.0,0.9993775827038859,1.0
0.051295982925921635,0.9985756808072948,0.00030454249256958027,1.0,0.999402462121176,1.0
0.05139709246773805,1.0000957925811607,0.00030551191004132746,1.0,0.9994114858688149,1.0
0.05159724329009219,1.0001941195965205,0.00031331298462626556,1.0,0.9994290005140126,1.0
0.05161130168892214,0.9980327861502561,0.00030499934246835513,1.0,0.9994302135253214,1.0
0.05162149916074554,0.9993984545863913,0.00031900701474836253,1.0,0.9994310919998335,1.0
0.05177227103865789,0.9995255831112911,0.0003053630469518179,1.0,0.9994439437734148,1.0
0.05193586853452814,1.0003699714222862,0.000318022814002625,1.0,0.9994576025204804,1.0
0.05195907370070074,1.0002755784679338,0.00031920951157948547,1.0,0.9994595160796901,1.0
0.0520832815429344,0.9992902882023785,0.00030557633612192804,1.0,0.9994696590114506,1.0
0.05225821664777186,0.9994879080819529,0.00031977112864738327,1.0,0.9994836630783978,1.0
0.052297522835594634,1.0005590978193466,0.00031470424226397945,1.0,0.9994867649386356,1.0
0.05234982360275353,0.9985542758995315,0.0003053486008855004,1.0,0.9994908670751274,1.0
0.05259413855475259,0.9990934476682681,0.0003052103527355948,1.0,0.9995096531203168,1.0
0.05279319907625535,1.0010850104363451,0.00031806919115615615,1.0,0.9995245091930209,1.0
0.052794157092307614,0.99926162117806,0.00031918768519768664,1.0,0.9995245797290311,1.0
0.05284151835741113,0.9996560064063664,0.00030489453531425516,1.0,0.999528055425305,1.0
0.052968556738292705,0.9998556115492481,0.0003184087104292909,1.0,0.9995372689210589,1.0
0.05298207222504203,1.0010244641427013,0.00031407974880239274,1.0,0.9995382398159531,1.0
0.053120717176454946,0.998847501181604,0.000304805202096445,1.0,0.9995480970497519,1.0
0.05324326299549398,1.0000954054031257,0.0003054566869775039,1.0,0.9995566558640006,1.0
0.053447831833523196,0.9985586241138112,0.00030503064822949127,1.0,0.9995706272928261,1.0
0.05360499832283949,1.000165344048455,0.0003056850628321423,1.0,0.9995810976590808,1.0
0.05363035862663601,1.001205737370442,0.00031350893091484103,1.0,0.9995827660005893,1.0
0.053894221111121965,1.0000366784215922,0.0003192480389778955,1.0,0.9995997814992511,1.0
0.05390610293790132,0.9999250727494946,0.0003055470400702942,1.0,0.9996005331633031,1.0
0.05390748303635462,1.0002370176615814,0.0003181865850421516,1.0,0.9996006203901967,1.0
0.05413599418238846,0.9998639054002705,0.00031984977271361074,1.0,0.9996148343752262,1.0
0.054166557075092214,0.9985962080082769,0.00030516959193132594,1.0,0.9996167013407855,1.0
0.054409431201264624,0.9993331988438146,0.0003051231153792152,1.0,0.9996312568455189,1.0
0.05465155241765274,1.0002408512011287,0.0003208084157294051,1.0,0.9996452807280518,1.0
0.05470843785997204,1.0002896213269374,0.00031934748412290186,1.0,0.9996485065981641,1.0
0.054779673274055085,1.0005905848375647,0.0003179525927684781,1.0,0.9996525097483342,1.0
0.054947443110563654,0.9983784937718373,0.0003048947461559486,1.0,0.9996617793375987,1.0
0.05500622217225626,1.000158266337002,0.00031417001078283476,1.0,0.9996649749957173,1.0
0.05508595247883363,1.0001662161371536,0.0003057065136065023,1.0,0.9996692671204411,1.0
0.05528688002493709,0.9994075834867304,0.0003052009149219677,1.0,0.999679869071742,1.0
0.05541267699422292,1.0002093947327924,0.0003193680359746692,1.0,0.9996863528758667,1.0
0.05543541446715494,1.000010956036787,0.00030568902447285874,1.0,0.9996875123387313,1.0
0.05558877375514015,0.9999790811813664,0.0003162995271153699,1.0,0.9996952341719738,1.0
0.05566205314436168,1.0005780059891396,0.0003132902597447408,1.0,0.9996988639202632,1.0
0.055727342822876835,0.9993806043591139,0.0003055046169739132,1.0,0.9997020656351553,1.0
0.055825603496884924,1.0019862603427092,0.00031932741953779714,1.0,0.9997068274134168,1.0
0.05587551080159869,1.0010316628826765,0.00031841567078831764,1.0,0.9997092200508911,1.0
0.055982528668408804,0.999152187302609,0.0003052253043047354,1.0,0.9997142924420007,1.0
0.056010060904839065,1.0003561956887612,0.0003197793784502497,1.0,0.9997155846584377,1.0
0.05622511600088842,0.9992910264894327,0.0003049446430371156,1.0,0.999725501257058,1.0
0.05632385489621328,1.0002655337548896,0.0003145627662141279,1.0,0.9997299506757392,1.0
0.05661895101135883,1.0006085283114454,0.00031959099640514066,1.0,0.9997428694318197,1.0
0.05677617935361923,0.9988219307255296,0.0003049571476900735,1.0,0.9997495259288042,1.0
0.056868538863270146,1.0002507144427477,0.0003195732100128234,1.0,0.9997533642959721,1.0
0.056926790972937624,1.0003316388266525,0.00030582685200105313,1.0,0.99975575821515,1.0
0.05702832172592309,1.0002269253408151,0.0003143669294539373,1.0,0.9997598813470175,1.0
0.05712886263842165,0.9987856663619021,0.0003050941107446166,1.0,0.9997639031435902,1.0
0.057263925762697454,1.0000376685319494,0.0003056690521898788,1.0,0.9997692114822628,1.0
0.05730272171652473,1.0009553511693907,0.00031990604494098833,1.0,0.9997707164885036,1.0
0.05758579841199918,1.0007735814682974,0.00031783435940326476,1.0,0.9997814358344509,1.0
0.05769220389710128,1.0003617284274744,0.0003134462595859436,1.0,0.9997853481135062,1.0
0.05775210208015835,1.0002918008183266,0.000319191061667357,1.0,0.999787522844252,1.0
0.05779817676167909,0.9988830371569045,0.0003052036363591634,1.0,0.9997891822860403,1.0
0.057839762570608855,1.0005735434954817,0.0003182274856761046,1.0,0.9997906701161031,1.0
0.05788047780413308,0.9999315664939261,0.0003211560770483813,1.0,0.9997921177140154,1.0
0.0580410832378675,0.999221885700899,0.00030498418458229574,1.0,0.9997977411667277,1.0
0.058305024893513746,0.9989052172278778,0.00030409432945759785,1.0,0.999806688226825,1.0
0.05832507104237261,1.0005283450773752,0.000312847778697033,1.0,0.9998073530694433,1.0
0.05836063141586578,1.001369251620133,0.0003210184604013959,1.0,0.9998085274230886,1.0
0.05852543389423204,0.9999354686912466,0.00031920781069377823,1.0,0.9998138867503654,1.0
0.05860694268574207,0.9988081620889219,0.00030503195590289735,1.0,0.999816487462745,1.0
0.05897377587217534,0.9991185364457384,0.0003049574847952939,1.0,0.9998277939795897,1.0
0.05904812128274273,0.9994358063393723,0.00031430198899307684,1.0,0.9998300078876383,1.0
0.05918902899438194,1.0000355195179451,0.0003198427135043913,1.0,0.9998341340559845,1.0
0.05936594882047075,0.9997664536822145,0.00030550935788436844,1.0,0.9998391874763752,1.0
0.05957960534220064,1.0012281671628767,0.00031835743807920146,1.0,0.9998451057990363,1.0
0.05961352579885215,0.9995176975267638,0.00030519902359794204,1.0,0.9998460271966718,1.0
0.05967565140755937,1.0004617961578663,0.00031938307195574704,1.0,0.9998477019906226,1.0
0.05972055111671182,1.0006273390597915,0.0003139912605378943,1.0,0.9998489022001622,1.0
0.05974772520937677,0.999507247919269,0.00032094717800808974,1.0,0.9998496244540761,1.0
0.05980033047234201,0.9994859920760717,0.00031829943738406264,1.0,0.9998510138290942,1.0
0.059857778299601705,0.9991433312070761,0.0003047728661475221,1.0,0.9998525179167409,1.0
0.060127681039261915,0.9983224270905999,0.000304388702062799,1.0,0.9998594033635332,1.0
0.06035960461618739,1.0007992021532248,0.00031299202244801475,1.0,0.9998650874361167,1.0
0.06042804348882669,1.00023006474829,0.0003191460295667986,1.0,0.9998667247703127,1.0
0.060439330052815876,0.9985983772659051,0.000305013329945136,1.0,0.9998669930651349,1.0
0.06071804855672269,1.00044590759196,0.0003178208071284529,1.0,0.9998734661066608,1.0
0.06075317304714645,1.0006446177878285,0.0003194037445836355,1.0,0.9998742613743575,1.0
0.0609152129635504,1.0001804513925843,0.0003056089700773626,1.0,0.9998778721595306,1.0
0.06107136554064141,1.0004490716993597,0.00031986161841526025,1.0,0.9998812630008674,1.0
0.061183619555635005,0.9998896603995595,0.0003054527663459335,1.0,0.9998836478523038,1.0
0.061428740192269515,0.9989817103823647,0.000305259741012847,1.0,0.9998887058351976,1.0
0.06157053287964942,1.001579062262188,0.0003184107483847443,1.0,0.9998915401690668,1.0
0.061595141413974375,1.0000714112443851,0.0003192938613056472,1.0,0.9998920253790236,1.0
0.06167523057138169,0.9987061778307478,0.0003047610093264585,1.0,0.9998935909562404,1.0
0.061747253245627576,1.000506819058314,0.000314100432780171,1.0,0.9998949812939227,1.0
0.061757310820667044,1.0006525072297974,0.0003183250464462456,1.0,0.99989517413439,1.0
0.06195211561862379,0.9977763563712317,0.0003044459091647248,1.0,0.9998988466391132,1.0
0.06206790978518484,1.0002685138801846,0.0003053871101063954,1.0,0.9999009740555853,1.0
0.062275014256783834,0.9986009395975844,0.00030499816409042285,1.0,0.9999046783143172,1.0
0.06232694194855526,1.0002722432509599,0.0003191123076206989,1.0,0.9999055871928465,1.0
0.06239316155857999,1.0005387171126547,0.000313380613771778,1.0,0.999906734829231,1.0
0.062434062451700356,1.000065359621402,0.0003055670022806374,1.0,0.9999074373437401,1.0
0.06268960606787743,1.0011962017643512,0.00031954188730858984,1.0,0.9999117190590839,1.0
0.06269097431288628,1.00028894197837,0.0003182282734900709,1.0,0.9999117414928748,1.0
0.06273840401385655,0.9994523314182215,0.00030553700658127365,1.0,0.999912515963425,1.0
0.0629503347817888,1.0001371796502152,0.0003199375116870714,1.0,0.9999159017870959,1.0
0.06300073267669859,0.9984347978021334,0.0003052079267986271,1.0,0.9999166892420199,1.0
0.06308108710180704,1.0007302956790882,0.0003147831239111373,1.0,0.9999179309275692,1.0
0.06324398588691338,0.9992523873845351,0.0003051207330501941,1.0,0.9999203967249135,1.0
0.06347188865947828,0.9998909710911286,0.00032086394764006023,1.0,0.9999237336130601,1.0
0.06349346918631227,0.998319892945662,0.00030483683022691137,1.0,0.9999240429057815,1.0
0.06351071424582244,1.0006153672024243,0.0003193913236401813,1.0,0.9999242892424421,1.0
0.06355795144961007,1.0006597935329866,0.0003180864049192832,1.0,0.9999249602868562,1.0
0.06371038836437037,1.0017281197198347,0.0003185402782735008,1.0,0.9999270890688817,1.0
0.06377205566870714,1.0006954022350103,0.00031428875360446607,1.0,0.9999279345366314,1.0
0.06377807355261211,0.998212583673216,0.00030483929796931036,1.0,0.9999280165632327,1.0
0.06391150828559944,1.0002618764143212,0.00030559797587848973,1.0,0.9999298136603667,1.0
0.06411344684005371,0.999114537011473,0.00030518668365310287,1.0,0.9999324558106916,1.0
0.06422174123468949,0.9998207461432713,0.00031906986102430053,1.0,0.9999338351155739,1.0
0.06426532067439439,1.0000683681583513,0.0003057651651707612,1.0,0.9999343828941452,1.0
0.06442533897681813,1.0005755535634129,0.0003132974812469899,1.0,0.9999363590207282,1.0
0.06455996546273468,1.0004952684348436,0.0003055802713402613,1.0,0.9999379793973863,1.0
0.06462214029747315,1.00101941534195,0.00031928936485534087,1.0,0.9999387149667682,1.0
0.06466005357441418,1.0012628489562478,0.00031830172474346034,1.0,0.9999391595927022,1.0
0.06481689240027322,0.999250553122552,0.0003052548387126806,1.0,0.9999409678293372,1.0
0.06482557449456294,1.0001859408294678,0.0003196860993725097,1.0,0.9999410664805288,1.0
0.06505956838265092,0.9994102423527971,0.00030498697538284067,1.0,0.9999436692595906,1.0
0.06509363009192981,1.0006129193951947,0.0003146962267529463,1.0,0.9999440392622079,1.0
0.06532909723597413,0.9999880060919301,0.0003209438056172453,1.0,0.999946536988574,1.0
0.06542251592182424,1.0001746348014289,0.0003194309776341732,1.0,0.9999474993917088,1.0
0.06554220584993686,0.9998300712533398,0.00031752995445552394,1.0,0.9999487093037726,1.0
0.06560612864046789,0.9987201414466608,0.000304827482092699,1.0,0.9999493449890863,1.0
0.06565966651658073,1.000212177564903,0.0003196314318053155,1.0,0.9999498718493338,1.0
0.0657532203207154,0.9998476527140275,0.0003057830746504602,1.0,0.9999507804891479,1.0
0.06579484433402527,1.0009622045945425,0.000314174465565519,1.0,0.9999511798989372,1.0
0.06609435344242343,1.0002788168538597,0.00030570932762422043,1.0,0.99995396760136,1.0
0.06611316789124544,1.0006889845251405,0.0003198778201778996,1.0,0.9999541377568139,1.0
0.06638032116791237,1.0000163876662322,0.00030562280223473483,1.0,0.9999564925265827,1.0
0.06645601297682546,1.0014687895141277,0.00031368067468957633,1.0,0.9999571392659876,1.0
0.06655020911667009,1.0001738408469527,0.00031925897885180386,1.0,0.9999579318087574,1.0
0.06662551189386079,1.0011211361707177,0.00031843006738627936,1.0,0.9999585557028402,1.0
0.06663267497597758,0.9992020995227712,0.00030528027626771043,1.0,0.9999586146060512,1.0
0.06669714373182956,1.0003995753335335,0.0003197026568259936,1.0,0.9999591413003672,1.0
0.06687551666138347,0.999120975516644,0.0003050234404868132,1.0,0.9999605667054761,1.0
0.0670869095951575,1.0018503344159935,0.0003129176176671901,1.0,0.9999621968583731,1.0
0.06710401377949893,0.9995177974098157,0.00031453419479826264,1.0,0.9999623260145521,1.0
0.06713768480443605,0.9991852516816446,0.00030362187076411133,1.0,0.9999625790868455,1.0
0.06718302999090042,1.0004297868053604,0.00032102979868412764,1.0,0.9999629174372526,1.0
0.06733028215614922,1.0002125270651174,0.0003192812872718839,1.0,0.9999639969114233,1.0
0.06743629866048195,0.9988370256893874,0.00030511038170444386,1.0,0.9999647561476871,1.0
0.06759218510597975,0.9998707179534055,0.0003057111589851305,1.0,0.9999658458465862,1.0
0.06760511591218687,1.0006118383233369,0.0003195873314326795,1.0,0.9999659348323154,1.0
0.06779828357099404,0.9991702961027852,0.0003049953983325971,1.0,0.9999672390376387,1.0
0.06781536995088189,1.0015933149499032,0.00031452645839029895,1.0,0.9999673521611261,1.0
0.06792156976953834,1.0006094102541345,0.0003057576513172416,1.0,0.9999680472619561,1.0
0.0680005657213485,1.0005388094539345,0.000320075669725455,1.0,0.9999685554530953,1.0
0.06819948242366536,0.9993219221812474,0.0003054347937069567,1.0,0.9999698023625453,1.0
0.06835553608499367,1.0010169920460497,0.000318243314075976,1.0,0.9999707485602187,1.0
0.06844796592835678,0.9994614359681991,0.00030533763359260295,1.0,0.999971296041709,1.0
0.06847491417030938,1.0005850558235665,0.00031936286931720027,1.0,0.9999714538764156,1.0
0.06848506157043133,1.001579880247814,0.000313859507080566,1.0,0.9999715131019213,1.0
0.06856552185456621,1.0010217509208246,0.00032127081291967647,1.0,0.9999719787201455,1.0
0.06858730086722176,1.000954601450242,0.0003184529485645348,1.0,0.9999721035429442,1.0
0.06869185999747174,0.9997921161254796,0.00030484038153205043,1.0,0.9999726957064943,1.0
0.06895969654163991,0.9992259016368413,0.0003044870317669809,1.0,0.9999741601585733,1.0
0.06912196770701229,1.0009809626220365,0.0003130121120336357,1.0,0.9999750118292591,1.0
0.06923430692245347,1.000550632676547,0.0003192579966929528,1.0,0.9999755861903389,1.0
0.06926873599462624,0.9989454551191516,0.0003049988853198961,1.0,0.9999757597641771,1.0
0.06949998412862612,1.0015883200526712,0.00031781900062722044,1.0,0.9999768964164387,1.0
0.06954684868715333,1.0008108641745723,0.00031949478559163534,1.0,0.9999771206891925,1.0
0.06974682734806947,1.0003055825500908,0.0003057177454470168,1.0,0.9999780552983677,1.0
0.06983366156168103,1.0015805939516134,0.00031458882851844914,1.0,0.9999784500379142,1.0
0.06988425548217947,1.0005401886479683,0.0003199424949160804,1.0,0.9999786769986524,1.0
0.07001746310581325,0.999756871595451,0.000305584912061731,1.0,0.999979264041942,1.0
0.0702633452079624,0.9995056731802845,0.00030532644485934394,1.0,0.9999803085934494,1.0
0.07034751431198316,1.0004816051998557,0.0003181684024255377,1.0,0.9999806548343979,1.0
0.07039569882243768,1.000468416374872,0.00031955625559822995,1.0,0.9999808505055298,1.0
0.07043036116067469,1.0005504387455588,0.0003209957486354486,1.0,0.9999809901312954,1.0
0.07050904370771605,0.9997036508825748,0.000304876041463389,1.0,0.9999813035909518,1.0
0.07051222708699711,1.0018036353446589,0.0003141678843626413,1.0,0.9999813161718688,1.0
0.07054551617309812,1.0008372086513357,0.00031848341516347987,1.0,0.9999814472641979,1.0
0.07078343320591785,0.9988148310644057,0.00030457010586447663,1.0,0.9999823596959557,1.0
0.070892386989442,1.000137785440004,0.0003055453168158927,1.0,0.9999827635215963,1.0
0.07110275841858993,0.99909122589772,0.0003050629806500111,1.0,0.9999835191324731,1.0
0.07113433497025312,1.001098001353083,0.00031929156902899686,1.0,0.9999836298641123,1.0
0.07115581410533967,1.0013824434010241,0.0003134966330976004,1.0,0.999983704792262,1.0
0.07126302381283267,1.0003145730267584,0.0003054619335454373,1.0,0.9999840740575228,1.0
0.07147393815724001,1.0015245584666923,0.0003181713842283419,1.0,0.9999847779912857,1.0
0.07148456602740794,1.0009670051719357,0.0003192707345199065,1.0,0.9999848126872789,1.0
0.07157054245234917,1.0000333474737728,0.00030563638069790953,1.0,0.9999850906848529,1.0
0.0717642836415564,1.0003590141353853,0.000319929666050428,1.0,0.9999856999284282,1.0
0.07183469577466894,0.9994448667116111,0.0003055202569222317,1.0,0.9999859155682614,1.0
0.0718498914846677,1.0020945907420222,0.0003147514277225343,1.0,0.9999859617082643,1.0
0.07207842358610606,0.9996267244607139,0.00030528120583457564,1.0,0.9999866389240266,1.0
0.07229187349835797,0.999290308510934,0.0003209382704176757,1.0,0.999987243945,1.0
0.07231256436382694,1.0003485729959625,0.0003193711856975469,1.0,0.9999873012203161,1.0
0.07232695839900316,0.9992428369694515,0.00030497894275308,1.0,0.9999873409241744,1.0
0.07233600777350091,1.0010045168500301,0.00031815413102711593,1.0,0.999987365826524,1.0
0.07249984060389636,1.0009698646688596,0.0003184340010280651,1.0,0.9999878088748575,1.0
0.07253766958242025,1.0012136808211773,0.00031406098879604625,1.0,0.9999879091030478,1.0
0.07260891758744492,0.9989607795129065,0.0003048452554825042,1.0,0.9999880958001011,1.0
0.07273773771476044,1.0004660746054679,0.0003056573984350439,1.0,0.999988426576715,1.0
0.07294003640504343,0.9986866635852151,0.0003050667852978414,1.0,0.9999889288349071,1.0
0.07309486062470683,1.0005086368448202,0.00030577425105473064,1.0,0.9999892994564568,1.0
0.07318846072979213,1.0012087165673582,0.0003133990357128222,1.0,0.999989517888478,1.0
0.0733925801966393,0.9996109670358105,0.00030546575579386775,1.0,0.9999899799329058,1.0
0.07344420170335297,1.0013893034935304,0.00031827151590648465,1.0,0.9999900937432752,1.0
0.07364070279854218,1.0003961383237527,0.0003198472513085757,1.0,0.9999905160583942,1.0
0.07365119965066924,0.9995778552025818,0.0003053201386035161,1.0,0.9999905381395087,1.0
0.07386354034489528,1.0015730462194894,0.0003146975829490753,1.0,0.9999909746711234,1.0
0.07389392211098311,0.9994486930965669,0.0003051347049418415,1.0,0.9999910355739353,1.0
0.0742256558451686,1.0003147933384953,0.00031944342753991995,1.0,0.9999916761172705,1.0
0.07432136029929381,1.0014655247919422,0.00031811568159191176,1.0,0.9999918528270964,1.0
0.07443617025791127,0.998345107062108,0.00030482615493690235,1.0,0.9999920601996187,1.0
0.07445037693747736,1.0007513900409495,0.00031959656177393597,1.0,0.9999920855151697,1.0
0.07456113558107802,1.0008312497396306,0.00031435460154136385,1.0,0.9999922803165051,1.0
0.07457950397241575,1.0003445657345291,0.0003057090057713724,1.0,0.9999923121871992,1.0
0.07478015730981724,0.9993998657832873,0.0003051850080404437,1.0,0.9999926524379328,1.0
0.07492306630410894,1.0006494788940685,0.0003196209675214465,1.0,0.9999928861485476,1.0
0.07492470673122398,1.0004058973828138,0.0003057650597397828,1.0,0.9999928887905503,1.0
0.07513527616180937,1.001474602092479,0.0003174976504142356,1.0,0.9999932204255579,1.0
0.07521336346042062,1.000204894643571,0.00030563836363311494,1.0,0.9999933396963577,1.0
0.07521964474663889,1.000391596759321,0.00031333450065151457,1.0,0.9999933492047992,1.0
0.07534775031038521,1.00062823080512,0.0003192687501149584,1.0,0.9999935403844296,1.0
0.07546713469898236,0.9992587891620436,0.0003053197159600973,1.0,0.9999937139182404,1.0
0.07551357006980197,0.9999369159971453,0.0003196757312762958,1.0,0.9999937802316143,1.0
0.07570973106686552,0.998255152631642,0.00030489024109067985,1.0,0.9999940532200527,1.0
0.07587436951063609,1.0009936287619494,0.00031519068829280813,1.0,0.9999942736562344,1.0
0.07597022269698073,0.9995362419069976,0.00030389172923127674,1.0,0.9999943984532295,1.0
0.07600509587919646,1.0002513966651292,0.0003208925986996809,1.0,0.9999944432225437,1.0
0.07613470703432768,0.99979004419583,0.00031909025551986987,1.0,0.9999946066990519,1.0
0.07626562465503639,0.9988751088643647,0.0003050789724783141,1.0,0.9999947672499269,1.0
0.0763970935498719,1.0008695175992972,0.0003196214884155318,1.0,0.9999949239702042,1.0
0.07641931775378907,1.0001362541525887,0.0003057406651074757,1.0,0.9999949500251785,1.0
0.07658251326972376,1.0013607964432238,0.00031435178634187436,1.0,0.9999951375526523,1.0
0.07662298174960824,0.999031435135577,0.00030511715057808617,1.0,0.9999951830358788,1.0
0.07675241516571418,0.9997057952208227,0.00030570004961179883,1.0,0.9999953258494633,1.0
0.07681155983948429,1.00062831597468,0.00031995591757424897,1.0,0.9999953897802171,1.0
0.07713112509552644,1.000845273015897,0.0003181045079865679,1.0,0.9999957212775965,1.0
0.07724924337105854,1.000642615778609,0.00031374264123086793,1.0,0.9999958380523429,1.0
0.07727388827375137,1.0007713885175464,0.00031939885749523365,1.0,0.9999958620374365,1.0
0.0772826627503207,0.9996053648510319,0.000305359386375482,1.0,0.9999958705456924,1.0
0.07737386661473522,1.0013182034201358,0.000318398772891814,1.0,0.9999959580171395,1.0
0.07738308600929145,0.9999401286624701,0.00032102593948535844,1.0,0.9999959667619556,1.0
0.07779174643110309,0.9991783464102093,0.0003044094244572674,1.0,0.9999963370491938,1.0
0.0778841986649943,1.0007471940886272,0.00031262483420388783,1.0,0.999996416277381,1.0
0.07804001063436772,1.0001389194561972,0.00031933518384946817,1.0,0.9999965461768802,1.0
0.0780972966916238,0.9988456303282313,0.0003050519834873157,1.0,0.999996592815477,1.0
0.07825673699926483,1.0006038489484566,0.00030564762577469637,1.0,0.9999967195301143,1.0
0.07828140001298323,1.0011373830833399,0.00031656597420477,1.0,0.9999967387314596,1.0
0.07834010193164431,1.0006246430285348,0.00031946549995584783,1.0,0.9999967840103277,1.0
0.07846905877693189,0.9986621462124226,0.000305042638990208,1.0,0.9999968814159566,1.0
0.07857839719079607,1.000120804406258,0.00030563843004557343,1.0,0.9999969618267477,1.0
0.07860155449717254,1.0008124264963296,0.0003144247565162479,1.0,0.9999969786056565,1.0
0.07869660764518471,1.0001223259024277,0.00031986666688295145,1.0,0.9999970465703507,1.0
0.07909808624899028,0.9989162822115359,0.00030514467510146646,1.0,0.9999973181076585,1.0
0.07912414593464945,1.0011029026889127,0.0003186499085660678,1.0,0.9999973348962629,1.0
0.07919582897481803,1.000588939119154,0.0003193559008133616,1.0,0.999997380569114,1.0
0.07924890162414044,1.0011519228830044,0.00032100833001190015,1.0,0.9999974139093566,1.0
0.0792771367224745,1.0018475725525464,0.00031416183879574047,1.0,0.9999974314837137,1.0
0.07933331235034302,1.0003373894289151,0.0003184030097675616,1.0,0.9999974661157769,1.0
0.07934295162510807,0.9988791299822775,0.0003047828864931625,1.0,0.9999974720140552,1.0
0.07961494135372504,0.9985896624620172,0.0003044227114465015,1.0,0.9999976332213745,1.0
0.07971627593380504,1.0002331412290606,0.0003054034075053911,1.0,0.9999976907710421,1.0
0.07991845924023533,1.0007303066792796,0.0003133829936658737,1.0,0.99999780168414,1.0
0.07993050486953734,0.9991023411374447,0.00030501307588575544,1.0,0.999997808131309,1.0
0.07994131009397165,1.0007563703282834,0.00031903376728482973,1.0,0.9999978138994382,1.0
0.08009160067476273,0.9999766849696139,0.0003056194587461944,1.0,0.9999978926623602,1.0
0.08025651444687298,1.0002804647406256,0.0003180322794617723,1.0,0.9999979760127249,1.0
0.08027910133257876,1.0009122664064332,0.00031932417005829536,1.0,0.9999979871839072,1.0
0.08040251324158021,0.9993571477040092,0.00030553974107824604,1.0,0.9999980472039794,1.0
0.08057783912806826,1.0009083605032632,0.00031981928919278956,1.0,0.9999981295802653,1.0
0.08061829104872231,1.0008076263901537,0.00031480325997177994,1.0,0.9999981481161948,1.0
0.08066885669373391,0.9998330234218495,0.00030536372686994944,1.0,0.999998171043205,1.0
0.08091315405894761,0.9990624638051196,0.0003051936748729768,1.0,0.9999982780937936,1.0
0.0811116426066576,1.0008282959743569,0.0003208849762680218,1.0,0.999998360695119,1.0
0.08111370686576436,1.00077729570211,0.00031804019665723125,1.0,0.9999983615342077,1.0
0.08111412646795202,1.0005163624500029,0.00031931106412075343,1.0,0.9999983617047199,1.0
0.08116056064517352,0.9990653584792681,0.0003048968806129872,1.0,0.9999983804710195,1.0
0.08128887979593458,1.0005585106805273,0.0003183974001027555,1.0,0.9999984312829757,1.0
0.08130306793697528,1.0009934614195508,0.0003140125857395035,1.0,0.999998436808006,1.0
0.08143983093071938,0.9984340871589833,0.0003047512471352917,1.0,0.9999984891326544,1.0
0.08156255827481118,0.9998213765217397,0.00030546088854926674,1.0,0.9999985346773054,1.0
0.08176692074033554,0.9986264239963792,0.0003049927161822832,1.0,0.9999986076561405,1.0
0.08192430698386488,0.9997041430119668,0.00030575886593576065,1.0,0.9999986615078194,1.0
0.08195142307225112,1.0009421100436233,0.00031341315290935354,1.0,0.9999986705851234,1.0
0.0822143505527606,0.9999542395467237,0.00031919444671355576,1.0,0.9999987556402805,1.0
0.08222518169000637,0.999241182170258,0.0003054896870486145,1.0,0.9999987590314544,1.0
0.08245544386039683,1.000054099831176,0.00031976475342504625,1.0,0.9999988290941368,1.0
0.08248544511539535,0.9990152843943647,0.00030518415759940115,1.0,0.9999988379427207,1.0
0.08263289620060732,1.000992975092442,0.0003143948943615028,1.0,0.9999988805217893,1.0
0.08272858691572083,0.9996526156755722,0.0003052026499991402,1.0,0.9999989073610769,1.0
0.08297083140095651,0.9999469286062138,0.00032079990453128654,1.0,0.9999989726144959,1.0
0.08297928997586723,0.9985177674274811,0.00030487872467605426,1.0,0.9999989748250576,1.0
0.08302850904537706,1.0001190269987636,0.0003192894633284056,1.0,0.9999989875990546,1.0
0.08326671371395378,0.9990970194156898,0.0003049570194404326,1.0,0.9999990473240332,1.0
0.083327199157889,1.0010166161370946,0.00031434248353698346,1.0,0.9999990619504592,1.0
0.08340522193259403,1.000408746219528,0.00030569921562951933,1.0,0.9999990805043213,1.0
0.08360627187022374,0.9986065727894141,0.00030505142285932034,1.0,0.9999991267281593,1.0
0.08375456469582332,0.9999952439281925,0.0003057074989737961,1.0,0.999999159404759,1.0
0.08390951856291196,1.0008071984611169,0.0003164250055724057,1.0,0.9999991923115694,1.0
0.08398310371416251,1.001020971330492,0.00031340935249417443,1.0,0.9999992075081303,1.0
0.08404626990909492,0.9993767678517114,0.0003054575044017949,1.0,0.9999992203368212,1.0
0.08414569614140532,1.0001793320901808,0.00031924654894146555,1.0,0.9999992401323717,1.0
0.08419581175473922,1.000848692111919,0.00031840835477754735,1.0,0.9999992499290526,1.0
0.08430155014244178,0.9990229052781547,0.0003052966175509398,1.0,0.9999992702081656,1.0
0.0843294773454204,1.0010160691299728,0.00031975108357171813,1.0,0.9999992754769227,1.0
0.08454427477084892,0.999291875275875,0.00030497152807648,1.0,0.9999993148137946,1.0
0.08464457567340844,1.0006987550147701,0.0003147908749036716,1.0,0.9999993324816193,1.0
0.08493870854890417,1.0012596120688266,0.0003195394803441464,1.0,0.9999993818382409,1.0
0.085095331034438,0.998618857013228,0.0003049803642858823,1.0,0.9999994066888912,1.0
0.08518879027290893,1.000869387544837,0.00031953573815739813,1.0,0.9999994210635532,1.0
0.08534927854322305,1.001261681915661,0.00031414636942750574,1.0,0.9999994449807609,1.0
0.08544828158994733,0.9994245008181613,0.0003051286024928159,1.0,0.9999994592646356,1.0
0.08558305727515858,0.99995713320926,0.00030570676403820216,1.0,0.9999994781503813,1.0
0.08562242519286656,1.0009092323656599,0.0003199435328635001,1.0,0.999999483547782,1.0
0.08586620304731696,0.99962100260279,0.00030539981438908024,1.0,0.9999995158094269,1.0
0.08601323912888503,1.0008025538788128,0.00031366205768858853,1.0,0.9999995343340667,1.0
0.08607215762502562,1.0006532607398773,0.0003192603665743529,1.0,0.9999995415666657,1.0
0.08611719452471789,0.99870741394622,0.00030516390858309375,1.0,0.9999995470232119,1.0
0.08616002898548913,1.0008805789737463,0.0003182419034630708,1.0,0.9999995521556986,1.0
0.0862001385235942,1.000465043937621,0.0003211876495642695,1.0,0.9999995569116173,1.0
0.08636024684821564,0.9990224569875469,0.00030493136949452773,1.0,0.9999995754229684,1.0
0.0866242405986668,0.9987562679771664,0.00030409529968503465,1.0,0.9999996043521433,1.0
0.08664602496551632,1.00134059962775,0.000312875743906697,1.0,0.9999996066538455,1.0
0.08668012917519263,1.001550929348155,0.0003208870382328512,1.0,0.9999996102317311,1.0
0.086845293241538,0.9996377983106246,0.0003192347819524987,1.0,0.999999627126331,1.0
0.08706243704524752,1.0006713258066338,0.0003131364943701612,1.0,0.9999996482818534,1.0
0.08708414007421084,1.0002965168812996,0.0003057220039528773,1.0,0.9999996503324644,1.0
0.08713307167992923,1.0008424559205769,0.00031954090426509617,1.0,0.9999996549141814,1.0
0.0872930844626012,0.9987815531743139,0.0003048661056003118,1.0,0.9999996695020964,1.0
0.08736919604446314,1.0004561998309696,0.0003142906274313584,1.0,0.9999996762335204,1.0
0.08750869730721433,1.00068829677098,0.0003199014837183431,1.0,0.999999688234396,1.0
0.08768485444758767,0.9993268787426134,0.0003055005988372855,1.0,0.9999997027853669,1.0
0.08790043067204323,1.0006381612663908,0.0003183203112504594,1.0,0.9999997197147902,1.0
0.08793254154508645,0.9990455661873086,0.0003052319741810118,1.0,0.9999997221566397,1.0
0.0879956701653839,1.0007504388824722,0.00031927323323625807,1.0,0.9999997268983644,1.0
0.08804170864927485,1.0013410903741398,0.0003139316100227695,1.0,0.9999997303077829,1.0
0.08806721538539364,1.0008658133649462,0.0003210562036258728,1.0,0.9999997321792415,1.0
0.08812083922991576,1.000934375725049,0.0003184037685864687,1.0,0.99999973607349,1.0
0.0881766710996601,0.999231542080921,0.0003047604936594793,1.0,0.9999997400708353,1.0
0.08844691145719707,0.9994892318325933,0.00030450885883605007,1.0,0.9999997586186061,1.0
0.08868082442856728,1.0009483553686587,0.00031310659533411307,1.0,0.9999997736498595,1.0
0.08874786637179,1.0000617190597485,0.00031916961651084856,1.0,0.9999997777909837,1.0
0.08875866409567834,0.9993666409507471,0.00030505476932320423,1.0,0.999999778451171,1.0
0.08903870543056769,1.0009486932029252,0.0003178905760952867,1.0,0.9999997949354339,1.0
0.08907335120539983,1.000170126991477,0.0003192253202884004,1.0,0.9999997968916989,1.0
0.08923431091591283,1.0009359523006929,0.00030575509753667676,1.0,0.9999998057495448,1.0
0.08938656652709653,1.0014913073398817,0.00031480838833822326,1.0,0.9999998137888919,1.0
0.08939099932530326,1.0002168221433725,0.0003198219692813346,1.0,0.9999998140181358,1.0
0.08950279382497683,0.9995427914855102,0.0003054238487858987,1.0,0.9999998197115497,1.0
0.08974775544433555,0.9991876100919769,0.0003052647700519853,1.0,0.9999998316119457,1.0
0.08989105068273062,1.001347363926523,0.0003184557989055543,1.0,0.9999998382223405,1.0
0.08991512338475616,1.0003993576501988,0.0003193406107039635,1.0,0.9999998393082965,1.0
0.08999413135808254,0.9997983624432496,0.0003049905476900047,1.0,0.999999842823862,1.0
0.09006825491730197,1.0013675021911477,0.0003141749935109793,1.0,0.9999998460553515,1.0
0.09027108509866366,0.9977369163771383,0.0003044128655896169,1.0,0.9999998545773894,1.0
0.0903872137671442,1.000623750947469,0.0003054585089389894,1.0,0.9999998592521471,1.0
0.09059437221930011,0.9992816514164723,0.0003051118792488588,1.0,0.9999998672377326,1.0
0.090646728689876,1.0003178833241522,0.0003191466922646634,1.0,0.9999998691865006,1.0
0.09071436894726581,1.0005116502578026,0.00031333548050765047,1.0,0.9999998716637856,1.0
0.09075323930258605,1.0006010811447554,0.0003056576271113451,1.0,0.9999998730670779,1.0
0.09100974776177395,1.0018331041147077,0.0003196564578501229,1.0,0.9999998819670793,1.0
0.09105748728364915,0.9999068128264679,0.0003054897068983198,1.0,0.9999998835563837,1.0
0.09126993436095177,0.9997055511286538,0.00031985749594672444,1.0,0.9999998903846917,1.0
0.09131976107855166,0.9986405808029615,0.0003051939133998359,1.0,0.9999998919299411,1.0
0.0914018398256502,1.0015600924991224,0.0003143868769592224,1.0,0.9999998944301727,1.0
0.09156300226842973,0.9996705477512863,0.00030518614230941283,1.0,0.9999998991796928,1.0
0.09179131624310344,0.9998899180937859,0.00032087206602755824,1.0,0.9999999055603097,1.0
0.09181251802880297,0.9988804209574426,0.0003048798615027241,1.0,0.9999999061328566,1.0
0.0918785768709256,1.0012930605124908,0.0003181138022228079,1.0,0.9999999078955788,1.0
0.09203068754271726,1.001046040659291,0.0003185395908344542,1.0,0.999999911835114,1.0
0.09209303895694632,1.0011167598796262,0.00031429221793063966,1.0,0.9999999134030068,1.0
0.09209719937757654,0.9995860486420284,0.0003048871884209,1.0,0.9999999135066716,1.0
0.09223078613948132,1.0003494615855852,0.00030559088583891113,1.0,0.9999999167729406,1.0
0.09243255294040864,0.9990809021339395,0.00030517620788048897,1.0,0.9999999214838101,1.0
0.09254163075382849,1.0014843294538165,0.0003191263264042727,1.0,0.999999923923349,1.0
0.09258433859878323,1.0004689915816831,0.0003057141033530641,1.0,0.9999999248586428,1.0
0.09274639422567432,1.0011847088353285,0.0003133049755110896,1.0,0.9999999283086616,1.0
0.09287903550210785,1.0000819542812687,0.0003055426623105853,1.0,0.9999999310192884,1.0
0.09294238348851991,1.0010073537360278,0.0003193272562421371,1.0,0.9999999322790193,1.0
0.09298036614453054,1.0002939061634686,0.0003182162076801031,1.0,0.9999999330237602,1.0
0.09313591515496,0.9993177957171822,0.00030524988573959544,1.0,0.9999999359927855,1.0
0.09314500191680963,1.0000069062410133,0.00031970282256389823,1.0,0.9999999361622798,1.0
0.09337858743646166,0.999514127540698,0.000304949418780028,1.0,0.9999999403748858,1.0
0.09341463613004919,1.00089876026981,0.00031445007466942854,1.0,0.9999999410008436,1.0
0.09364835653499881,1.0003310789533133,0.0003208879687660469,1.0,0.9999999449093235,1.0
0.09374242399582045,1.0003072693293857,0.0003194086081651539,1.0,0.9999999464114298,1.0
0.09386279996999747,1.0000268182384526,0.00031765624581137287,1.0,0.9999999482765548,1.0
0.09392527366566128,0.9982976772331061,0.0003048299205902108,1.0,0.9999999492198878,1.0
0.09397992987595671,1.0004408597961496,0.0003195771641835978,1.0,0.9999999500316582,1.0
0.09407247300450194,1.0004367178947973,0.0003057907689528116,1.0,0.9999999513779004,1.0
0.09411580826066412,1.000816278842982,0.00031406997581480986,1.0,0.9999999519963079,1.0
0.09441349108604413,1.0000689536885599,0.00030570874609348026,1.0,0.9999999560453334,1.0
0.09443274439783522,1.0007483528852414,0.00031992882884060344,1.0,0.9999999562956328,1.0
0.09468129049478335,1.0005582095865102,0.00031741296505968715,1.0,0.9999999594067767,1.0
0.094699379106288,0.999503882216078,0.00030559823230419175,1.0,0.9999999596247221,1.0
0.09477705338178843,1.0015306697905304,0.0003135413919124649,1.0,0.9999999605479309,1.0
0.09487013832708158,1.0009986553064818,0.0003192797485950997,1.0,0.9999999616276879,1.0
0.09494592853258155,1.0014321657768817,0.00031844079665028585,1.0,0.9999999624858719,1.0
0.09495169377768775,0.9992871593134355,0.0003052503500184039,1.0,0.9999999625503947,1.0
0.09501681543295604,1.00039487903424,0.0003197282931206103,1.0,0.999999963271875,1.0
0.09519440135375135,0.9983608523168239,0.000304952894337494,1.0,0.9999999651723175,1.0
0.09540786706792814,1.0020729587577197,0.00031295209243762154,1.0,0.9999999673321841,1.0
0.09542471809933772,1.0000026692262631,0.0003145220374919599,1.0,0.9999999674971063,1.0
0.09545661881850265,0.9994994073478674,0.0003036381707341474,1.0,0.9999999678071385,1.0
0.0955025371184206,1.00044403979491,0.00032099238617212133,1.0,0.9999999682484323,1.0
0.09565029202983055,1.0010818997764273,0.0003193852803517819,1.0,0.9999999696294235,1.0
0.0957553257715631,0.9987622744684443,0.00030500457825872416,1.0,0.9999999705759165,1.0
0.09591141391047131,1.0003557777858507,0.00030574792573483984,1.0,0.9999999719304268,1.0
0.09592548172670945,1.000850803656943,0.00031962085833448,1.0,0.9999999720495248,1.0
0.09611744412580947,0.9997528185582071,0.00030502383972596717,1.0,0.9999999736270491,1.0
0.09613631290245195,1.0018354992031837,0.00031472252409722235,1.0,0.999999973777418,1.0
0.09632024565115671,1.000865840561869,0.0003200663284948554,1.0,0.9999999752007911,1.0
0.09651852986442577,0.9991210400140779,0.0003053737344952905,1.0,0.9999999766521601,1.0
0.09667637109563998,1.0009568479985034,0.00031819692024138887,1.0,0.9999999777489055,1.0
0.09676712074531224,0.9986747876545214,0.0003052707835703078,1.0,0.9999999783569141,1.0
0.09679494518037757,1.0011673361716626,0.00031936016906986144,1.0,0.9999999785401188,1.0
0.09680608616341857,1.0014777288698684,0.0003139700887714776,1.0,0.9999999786130566,1.0
0.09688502236687668,1.0005139142848685,0.00032119679393358667,1.0,0.9999999791230658,1.0
0.09690782157454692,1.0014383807023115,0.0003184952928531487,1.0,0.9999999792681868,1.0
0.09701088913544709,0.9988428196026139,0.0003048256454934127,1.0,0.9999999799122395,1.0
0.09727878335098694,0.9989595339502371,0.0003045355933800554,1.0,0.9999999814977149,1.0
0.09743143453834335,1.002050844500068,0.0003142622987877126,1.0,0.9999999823466829,1.0
0.09744305280500276,1.0006109876173526,0.0003130486381574421,1.0,0.9999999824097433,1.0
0.09755400314824669,1.0005111326952842,0.0003192915953126912,1.0,0.9999999830011559,1.0
0.09758778522024159,0.9984881182131317,0.00030493325181837167,1.0,0.9999999831774052,1.0
0.09774799898355013,1.0001752061358862,0.0003056775808734494,1.0,0.9999999839896624,1.0
0.09782051338733311,1.0013338781789571,0.00031782870398920263,1.0,0.9999999843447934,1.0
0.09786703911782979,1.0006698181902576,0.00031959570470729067,1.0,0.9999999845686512,1.0
0.09806593061475155,1.0001521198775234,0.0003056951689622632,1.0,0.9999999854914332,1.0
0.09815472181227847,1.0012541611100694,0.0003146205462653973,1.0,0.9999999858860613,1.0
0.09833650134979166,0.999394225803082,0.0003055454863487426,1.0,0.9999999866620596,1.0
0.09858236047014657,0.9993264845390374,0.0003053233698925073,1.0,0.9999999876466545,1.0
0.09866818070527472,1.000794980474792,0.000318264837248612,1.0,0.9999999879735981,1.0
0.0987158313195664,1.0002764257193593,0.0003195456427551064,1.0,0.9999999881515228,1.0
0.09874996864581931,1.0005073798200865,0.0003209519345082318,1.0,0.9999999882774315,1.0
0.09882808021723122,0.9991869446870957,0.00030493636305029903,1.0,0.9999999885607119,1.0
0.0988658627873491,1.000271877359569,0.00031842748770604003,1.0,0.9999999886953628,1.0
0.09910253574656736,0.9995708003144606,0.00030464265440210975,1.0,0.9999999895048063,1.0
0.09921170001689461,1.0002479489967335,0.00030551745867668365,1.0,0.9999999898591015,1.0
0.09942183119079573,0.9992731032743412,0.00030507001389165357,1.0,0.9999999905089894,1.0
0.09947702569912309,1.001627257982675,0.00031349966897786433,1.0,0.9999999906729369,1.0
0.09958206915607093,1.0003166611247993,0.0003056388109453484,1.0,0.9999999909774621,1.0
0.09979443417851996,1.0007293044433232,0.0003181506356420699,1.0,0.9999999915641768,1.0
0.09980471999374174,1.0006744473586109,0.00031930649688451546,1.0,0.9999999915916418,1.0
0.09988949195567898,1.0003478113195505,0.00030564234940742786,1.0,0.9999999918147459,1.0
0.1001537264454555,0.9997913460609481,0.0003055022646898283,1.0,0.9999999924742188,1.0
0.10017065195314956,1.0011576373829918,0.00031464354126643204,1.0,0.9999999925146716,1.0
0.10039757800979032,0.9992038249602697,0.00030526375358552884,1.0,0.9999999930372375,1.0
0.1006113114081586,1.0013527837539558,0.0003210951728626771,1.0,0.9999999934971951,1.0
0.10063266007392713,1.0008253292489244,0.0003193769692132113,1.0,0.9999999935414972,1.0
0.10064614250040904,0.9994233050338706,0.00030499390896202185,1.0,0.9999999935693255,1.0
0.10065664383360229,1.0008297761630771,0.00031814240630536266,1.0,0.9999999935909208,1.0
0.10082015172189074,1.0011852303646092,0.000318532314669453,1.0,0.9999999939182932,1.0
0.10085852040503696,1.001232495442582,0.0003141714038740989,1.0,0.9999999939927493,1.0
0.10092789877518271,0.9999819620590713,0.00030503192244281635,1.0,0.9999999941251592,1.0
0.10105688568455662,1.0001793125040794,0.00030564138804555505,1.0,0.9999999943639032,1.0
0.1012592725407444,0.9990332187998268,0.00030512255529290835,1.0,0.9999999947197852,1.0
0.10141402375103326,0.999849074945293,0.00030579064958191735,1.0,0.9999999949772029,1.0
0.10150965925449462,1.0016796393857446,0.00031333525814191966,1.0,0.9999999951301975,1.0
0.10171165442091024,1.0003946982775382,0.00030550212734643464,1.0,0.99999999543873,1.0
0.10173864455771309,1.0011374913471407,0.00031939439930731413,1.0,0.999999995478501,1.0
0.10176466416452001,1.0007379534669165,0.0003182694696141576,1.0,0.9999999955165257,1.0
0.10196027977906397,1.0007945027449145,0.00031988335568705384,1.0,0.9999999957926946,1.0
0.10197022435164627,0.9995160369940527,0.00030522847636198247,1.0,0.9999999958062873,1.0
0.10218427724667833,1.0010460489951987,0.0003146786653883636,1.0,0.9999999960888158,1.0
0.10221307871285035,0.9997970041946752,0.0003051325584607485,1.0,0.9999999961254015,1.0
0.10254557617142268,1.000476357306907,0.0003194192295857304,1.0,0.9999999965245896,1.0
0.10264196505814027,1.0010035628425176,0.0003179776714331805,1.0,0.9999999966326965,1.0
0.1027553087788533,0.998799466430049,0.0003048577078039897,1.0,0.9999999967556749,1.0
0.10277065191381496,1.0002385851072109,0.00031966425151415715,1.0,0.9999999967719858,1.0
0.10288196736478739,1.0014097736680294,0.000314336018373889,1.0,0.9999999968879778,1.0
0.10289862611668354,1.0002724939974046,0.0003057468359837927,1.0,0.9999999969049871,1.0
0.10309941967443592,0.999608101881573,0.00030519272744289696,1.0,0.9999999971030825,1.0
0.10324265441755642,1.0000563738520234,0.0003196441897447969,1.0,0.9999999972368611,1.0
0.10324371174786506,1.0007075787425899,0.00030581209004077717,1.0,0.9999999972378261,1.0
0.10345587236928822,1.0011868671850677,0.00031736600196052064,1.0,0.9999999974250275,1.0
0.10353256386790122,1.0000751337970366,0.00030562904198842573,1.0,0.9999999974896369,1.0
0.10354069015334666,1.0014819864825526,0.00031349168113590847,1.0,0.9999999974963906,1.0
0.10366769177306878,1.0012433764421267,0.00031927407644633963,1.0,0.999999997599691,1.0
0.1037312890204305,1.0015217524242475,0.00031844399122516945,1.0,0.9999999976498625,1.0
0.10378615472089336,0.9995998284731054,0.00030535362271800364,1.0,0.9999999976923316,1.0
0.10383311413562524,1.0000513687929267,0.0003196685729833018,1.0,0.9999999977280919,1.0
0.10402875277284807,0.998880261563123,0.0003050303380668676,1.0,0.9999999978714043,1.0
0.1041953590813165,1.0008605026176223,0.0003150879882587495,1.0,0.9999999979865367,1.0
0.10428915235468139,0.9995568840409046,0.0003038553518592973,1.0,0.9999999980486836,1.0
0.10432461268749194,1.0001997667277738,0.0003209287482773909,1.0,0.9999999980716937,1.0
0.10445472918041787,1.000139166378851,0.0003191868153763118,1.0,0.9999999981539037,1.0
0.10458478343508659,0.9993069433067372,0.00030506895431106954,1.0,0.9999999982326889,1.0
0.10471747129395226,1.0009465246950595,0.00031966958547245076,1.0,0.999999998309721,1.0
0.10473855430294066,1.0001981028543685,0.000305667947343711,1.0,0.9999999983216583,1.0
0.10490346331046396,1.0013899532124702,0.0003142724508778054,1.0,0.9999999984122644,1.0
0.10494241013992678,1.0003525629231982,0.00030511385915684856,1.0,0.9999999984329633,1.0
0.10507154054698731,1.0005040263004403,0.0003057073155795889,1.0,0.9999999984997443,1.0
0.10513138997293936,1.0005083572195224,0.00032002399306857145,1.0,0.999999998529756,1.0
0.10545197009957974,1.0012323205377365,0.0003180834934927952,1.0,0.9999999986808988,1.0
0.10557027328848712,1.0008648597877967,0.0003139613061464893,1.0,0.9999999987327907,1.0
0.1055937929594819,1.0007518970413183,0.000319375974709437,1.0,0.9999999987428695,1.0
0.10560154110984854,0.9998908817947144,0.00030524053281632575,1.0,0.9999999987461728,1.0
0.10569439860624641,1.0009372756333266,0.000318327479387193,1.0,0.9999999987851149,1.0
0.10570245888627028,1.0003290690387328,0.00032102905446121816,1.0,0.9999999987884395,1.0
0.10611096695646438,0.9990432208302281,0.00030438691900500536,1.0,0.9999999989458966,1.0
0.10620514887716492,1.0011278926386706,0.0003127797057057261,1.0,0.999999998979288,1.0
0.10635971912250852,1.0003593102154302,0.0003192509009174857,1.0,0.9999999990318862,1.0
0.10641647705176638,0.9992985563891427,0.00030508957114920105,1.0,0.9999999990505346,1.0
0.10657581139500394,1.0006805962561325,0.0003057770081256579,1.0,0.9999999991010493,1.0
0.10660194023316194,1.0012490167975814,0.0003167046141142263,1.0,0.9999999991090812,1.0
0.10666030429189277,1.0008373628218084,0.00031948430266090137,1.0,0.9999999991267723,1.0
0.10678837720951151,0.9997591650092723,0.00030505324519062297,1.0,0.9999999991644113,1.0
0.10689736703386643,0.9999668473908031,0.0003056852777529059,1.0,0.9999999991952024,1.0
0.10692248324015097,1.0011127621436384,0.00031475482338119394,1.0,0.999999999202141,1.0
0.10701626401836961,1.000565524265792,0.00031992879554678977,1.0,0.9999999992275413,1.0
0.10717038975431592,0.9994745392353803,0.0003054134699600713,1.0,0.9999999992675966,1.0
0.10741696307573534,0.9991448787187692,0.0003052583721164771,1.0,0.999999999327535,1.0
0.1074448223415132,1.0011143333631003,0.0003186402607284864,1.0,0.9999999993340011,1.0
0.10751583514759488,1.00067845369508,0.000319461318924777,1.0,0.9999999993502122,1.0
0.10756838082858167,1.0007497488237034,0.00032104396790590687,1.0,0.9999999993619612,1.0
0.10759801125296775,1.0012569609109918,0.00031403434994216686,1.0,0.9999999993684956,1.0
0.10765367057148012,1.0010484717844519,0.0003183843841098838,1.0,0.9999999993805955,1.0
0.1076618469260211,0.9988062599693591,0.0003047138650268995,1.0,0.999999999382354,1.0
0.10793417711630582,0.9995880537722074,0.00030454352216285153,1.0,0.9999999994382419,1.0
0.10803573626068896,1.0005234856129674,0.0003055095407635794,1.0,0.9999999994578047,1.0
0.10823953642215489,1.0012141002421566,0.0003134309425851935,1.0,0.999999999495093,1.0
0.10824984685871186,0.9993230155952377,0.00030505040869697374,1.0,0.999999999496912,1.0
0.10826112039188729,1.0000076892561496,0.0003190138459098579,1.0,0.9999999994988935,1.0
0.1084107917241397,1.0004349929838756,0.00030544588199943134,1.0,0.999999999524497,1.0
0.10857702142963888,1.0016185698723274,0.0003180626755280219,1.0,0.9999999995514495,1.0
0.10859926755117044,1.0007028262013369,0.0003193047721799033,1.0,0.9999999995549423,1.0
0.10872160603082648,1.0003301699939913,0.00030567190532166674,1.0,0.9999999995736851,1.0
0.10889759989254344,1.0000302064966005,0.0003197691892468734,1.0,0.9999999995993141,1.0
0.10893919752585646,1.0016714227765036,0.0003148102579748873,1.0,0.9999999996051502,1.0
0.10898775118792514,0.9994528011895242,0.0003053906605232452,1.0,0.9999999996118581,1.0
0.1092321694723637,0.9989805552448852,0.0003051450909441034,1.0,0.9999999996439849,1.0
0.1094310908426337,0.9998509148564321,0.0003208297778278361,1.0,0.9999999996682167,1.0
0.10943409585368613,1.0006625599432557,0.000319286198235307,1.0,0.9999999996685702,1.0
0.10943435293945214,1.0016868586802983,0.00031809908448192923,1.0,0.9999999996686004,1.0
0.10947946441677914,0.9985513289747209,0.00030481772620572726,1.0,0.9999999996738634,1.0
0.10960920252080086,1.0005989144985508,0.0003184312079805106,1.0,0.9999999996885524,1.0
0.10962420207427215,1.0018642993651923,0.0003141371503607097,1.0,0.9999999996902087,1.0
0.10975908347330687,0.9989400858749938,0.00030485722804596846,1.0,0.9999999997047249,1.0
0.10988199214085625,1.0001014847858782,0.0003054901963486802,1.0,0.9999999997173773,1.0
0.1100862871735444,0.9990269402548347,0.0003051094119396783,1.0,0.9999999997372546,1.0
0.11024333813867315,1.0001712154865605,0.0003056952614057618,1.0,0.9999999997516078,1.0
0.11027262610457633,1.001011338448696,0.0003134552267663351,1.0,0.9999999997541991,1.0
0.11053461825841282,1.0007169536163902,0.0003192234535143391,1.0,0.9999999997762434,1.0
0.11054412168394379,1.0001273793554668,0.0003055645482403572,1.0,0.9999999997770059,1.0
0.11054843053715047,1.00094440985809,0.00031822276663364367,1.0,0.9999999997773509,1.0
0.11077503214528406,1.0004237879486542,0.00031976539721872553,1.0,0.999999999794778,1.0
0.11080447142981598,0.9991253043719679,0.00030522055641117623,1.0,0.9999999997969427,1.0
0.11095364085711168,1.001486234670156,0.00031449062990801817,1.0,0.9999999998075754,1.0
0.1110474653458482,0.9995881253197103,0.00030515535589176223,1.0,0.9999999998139846,1.0
0.11129024897098816,0.9996899293722611,0.0003208423482370117,1.0,0.9999999998296235,1.0
0.11129820383166589,0.9989357949967794,0.00030495994903504217,1.0,0.9999999998301138,1.0
0.11134844132136834,1.0007997984856958,0.0003193675382489885,1.0,0.9999999998331782,1.0
0.1114207651902035,1.0011993375082768,0.0003179914235781403,1.0,0.999999999837496,1.0
0.1115857072951485,0.9991905546480114,0.0003049046297199355,1.0,0.9999999998469418,1.0
0.11164803723411865,1.0014375298683411,0.0003141646922621631,1.0,0.9999999998503708,1.0
0.11172449107377247,0.9998790238884095,0.00030569302182837646,1.0,0.9999999998544752,1.0
0.11192552544144974,0.9992583110358565,0.00030514871409724286,1.0,0.9999999998647535,1.0
0.11205229290092689,1.0003305248477774,0.0003194231409271131,1.0,0.9999999998708691,1.0
0.11207385335993081,0.99977121231393,0.0003056364283855369,1.0,0.9999999998718822,1.0
0.11223012446127711,1.0001161247194599,0.0003164048550815807,1.0,0.9999999998789981,1.0
0.11230415411253425,1.0015221418984952,0.0003132673084265778,1.0,0.9999999998822339,1.0
0.1123653357534522,1.0004537258035202,0.0003055338968409873,1.0,0.9999999998848444,1.0
0.11246564987651197,1.0000416264164593,0.0003192245192674202,1.0,0.9999999998890039,1.0
0.11251625129460763,1.0024957150025975,0.0003185081066392696,1.0,0.9999999998910464,1.0
0.11262071004182417,0.9988115848558583,0.0003052798458661817,1.0,0.9999999998951481,1.0
0.11264917066699809,1.0007035004741842,0.00031972669132421873,1.0,0.9999999998962394,1.0
0.11286315651864243,0.9991158342246197,0.00030491316566497634,1.0,0.999999999904099,1.0
0.11296557331142054,1.0012225662383285,0.0003147704749545035,1.0,0.9999999999076533,1.0
0.11325860403786692,1.001049514169999,0.00031955502180849887,1.0,0.999999999917131,1.0
0.11341448295723922,0.9991268812866408,0.00030498113493115307,1.0,0.9999999999217808,1.0
0.11350904136993734,1.0001743394495333,0.0003195344967723484,1.0,0.999999999924477,1.0
0.1136700967738129,1.0017699433884604,0.0003144593048017075,1.0,0.999999999928863,1.0
0.11376742357987268,0.9994746167526428,0.0003051379189558882,1.0,0.9999999999313924,1.0
0.11390218862626966,1.0003348613861178,0.0003057049161280855,1.0,0.9999999999347513,1.0
0.11394212835656958,1.000210728198095,0.000319918892294827,1.0,0.9999999999357158,1.0
0.11418511867793768,0.9996584996160853,0.00030546304839843924,1.0,0.9999999999412916,1.0
0.1142272302855929,1.0012578568261379,0.0003179234913349335,1.0,0.999999999942209,1.0
0.11433427437075316,1.0015924608777573,0.0003135998865358895,1.0,0.9999999999444786,1.0
0.11439221316987869,1.000012029020183,0.0003192223626990721,1.0,0.9999999999456708,1.0
0.1144362122776954,0.9993777265985571,0.00030524466170007243,1.0,0.9999999999465594,1.0
0.11448057260403743,1.0003001733553225,0.000318252022507181,1.0,0.999999999947441,1.0
0.11451952205956673,1.0002832189601223,0.00032122024708020324,1.0,0.9999999999482035,1.0
0.11467927195255356,0.9991677519354474,0.0003049315402612463,1.0,0.9999999999512198,1.0
0.11494331784820133,0.9991888018849647,0.00030408290878018496,1.0,0.9999999999558353,1.0
0.11496711731402298,1.0014047207031072,0.0003127962919167887,1.0,0.9999999999562298,1.0
0.11499934942830237,1.0010690661024966,0.000320924269762028,1.0,0.9999999999567587,1.0
0.11516515226614388,1.0010150987173971,0.0003192683195526916,1.0,0.9999999999593825,1.0
0.11524542718922248,0.9984227177302685,0.000305060599006975,1.0,0.9999999999605966,1.0
0.11538298792440571,1.0012788294349664,0.0003134026025138479,1.0,0.9999999999625957,1.0
0.1154033608113707,1.0002804726240315,0.00030578116682774355,1.0,0.9999999999628832,1.0
0.11545314771582582,1.0012954838832646,0.000319647580012214,1.0,0.9999999999635769,1.0
0.11561239336566587,0.9996102818522549,0.00030502241291596456,1.0,0.9999999999657123,1.0
0.11569013189678046,1.000683047625275,0.00031433025605524215,1.0,0.99999999996671,1.0
0.11582822670055748,1.0005266923636047,0.0003199052288543999,1.0,0.9999999999684132,1.0
0.1160040372581932,0.9998764957802675,0.00030558217397346605,1.0,0.9999999999704594,1.0
0.11622097848560742,1.001433661960737,0.00031835566337258075,1.0,0.9999999999728073,1.0
0.11625155728120262,0.9992366584339656,0.00030514530482260774,1.0,0.9999999999731233,1.0
0.11631555000370497,1.0010084286998557,0.0003194204147854239,1.0,0.9999999999737731,1.0
0.11636272759512778,1.0015028981540464,0.00031391149325554724,1.0,0.9999999999742423,1.0
0.11638656665203939,1.0006507805702132,0.0003209680448932168,1.0,0.9999999999744763,1.0
0.1164410708040009,1.0006783826488086,0.00031839263095340993,1.0,0.9999999999750036,1.0
0.11649584117395761,0.9988940519684253,0.0003047258058747885,1.0,0.9999999999755227,1.0
0.11676586484293239,0.999096544469026,0.0003045330025202282,1.0,0.9999999999779329,1.0
0.11700190549289058,1.000924517512296,0.0003130161837369717,1.0,0.9999999999798493,1.0
0.11706782752884237,1.00090335996028,0.00031926425480634734,1.0,0.999999999980355,1.0
0.11707785974340368,0.9991925430318924,0.0003050177029352572,1.0,0.9999999999804309,1.0
0.11723912528535152,1.001134742525025,0.000305819710303437,1.0,0.9999999999816119,1.0
0.11735922371768481,1.0013148070471563,0.00031793130008940236,1.0,0.9999999999824463,1.0
0.11739352937372871,1.0005227487287136,0.00031918815811102073,1.0,0.9999999999826776,1.0
0.11755340885815713,1.0002463202624574,0.00030565663184938067,1.0,0.9999999999837178,1.0
0.11770761903305527,1.0018789978692335,0.0003149528984954029,1.0,0.9999999999846634,1.0
0.11771077138405417,1.0004172656906043,0.0003197435353158356,1.0,0.9999999999846821,1.0
0.11782182932606133,0.9994047341440703,0.0003054096641763218,1.0,0.9999999999853291,1.0
0.11806677070651972,0.9987551292535177,0.0003052553243704549,1.0,0.9999999999866632,1.0
0.1182117067599151,1.0014583278986515,0.0003183666549374858,1.0,0.9999999999873963,1.0
0.11823510471013776,1.001662156095801,0.00031937899188640156,1.0,0.9999999999875109,1.0
0.11831330932830042,0.9995943632251099,0.0003049885707550828,1.0,0.9999999999878867,1.0
0.11838925643771603,1.0008135859941003,0.0003140152233212541,1.0,0.9999999999882411,1.0
0.11839784189578495,1.000497809469755,0.00031836499961359694,1.0,0.9999999999882805,1.0
0.11859019332678145,0.9989635533452016,0.00030470934790373925,1.0,0.9999999999891307,1.0
0.11870651743649319,1.000434998045911,0.00030543225529590834,1.0,0.9999999999896153,1.0
0.1189135918169768,0.9991488677056583,0.00030514772701442563,1.0,0.9999999999904267,1.0
0.11896637618897898,1.000460500491321,0.00031911481597338235,1.0,0.9999999999906234,1.0
0.11903543774924241,1.0009900701775256,0.00031333796267934093,1.0,0.9999999999908749,1.0
0.11907241598200358,1.0000475640403068,0.0003055908097881125,1.0,0.9999999999910067,1.0
0.11933002773986345,1.0025180148315425,0.000319648207494706,1.0,0.9999999999918757,1.0
0.11933180549281985,1.001533930476663,0.0003183138961164093,1.0,0.9999999999918814,1.0
0.11937657054338047,0.9999129532303009,0.00030557045166404006,1.0,0.9999999999920237,1.0
0.11958953361741465,1.0009432943010506,0.0003198658414708625,1.0,0.9999999999926682,1.0
0.11963865105502691,0.9997606791072768,0.0003053537750284262,1.0,0.9999999999928094,1.0
0.11972273082358953,1.0014406874787014,0.00031477429387044185,1.0,0.9999999999930452,1.0
0.11988215725679652,0.9997408594624849,0.0003052232439857767,1.0,0.9999999999934717,1.0
0.1201106052298826,1.0013768745827045,0.00032095548767591586,1.0,0.9999999999940387,1.0
0.12013170557895592,0.9990083275110822,0.0003048688236918045,1.0,0.9999999999940885,1.0
0.12019920228215142,1.0018403287012922,0.0003180841251094652,1.0,0.9999999999942454,1.0
0.12035084780156069,1.0004390279057065,0.0003185042074371096,1.0,0.9999999999945832,1.0
0.12041388332569625,1.0007165141444014,0.00031422503970351853,1.0,0.9999999999947179,1.0
0.12041632535385816,0.9986664648018525,0.00030494721369744545,1.0,0.999999999994723,1.0
0.12055006366060184,1.000459914758854,0.0003056372292944862,1.0,0.9999999999949977,1.0
0.1207517978695023,0.999583982761415,0.0003051936964454924,1.0,0.9999999999953859,1.0
0.12086138102068844,0.9998929076874675,0.00031907449657267233,1.0,0.9999999999955843,1.0
0.12090363354533906,1.0000234373549266,0.0003057596145615205,1.0,0.9999999999956586,1.0
0.12106758790997674,1.0011237084259672,0.0003132257348404003,1.0,0.9999999999959354,1.0
0.12119824380550881,0.9999143142338606,0.00030561187354043466,1.0,0.9999999999961436,1.0
0.12126234948597414,1.000459815149348,0.00031926677780772135,1.0,0.9999999999962419,1.0
0.12130081698873596,1.0015251112450905,0.000318209525624524,1.0,0.9999999999962997,1.0
0.12145493808111496,0.9989839290025787,0.00030519642325207237,1.0,0.9999999999965228,1.0
0.12146470619987326,1.0005475694835488,0.0003196184520438103,1.0,0.9999999999965365,1.0
0.12169746789348324,0.9993475821335608,0.0003050584585750532,1.0,0.9999999999968476,1.0
0.12173550324867932,1.0015512829190518,0.00031460655723351653,1.0,0.9999999999968958,1.0
0.12196789270490171,0.9998607652386643,0.0003207721618369417,1.0,0.9999999999971749,1.0
0.12206233173704106,1.0007179237848274,0.0003194774064080739,1.0,0.9999999999972812,1.0
0.12218339375728249,1.0006254458749202,0.0003177299212227544,1.0,0.9999999999974117,1.0
0.12230005431584345,1.0008884325200658,0.0003195583940501276,1.0,0.9999999999975319,1.0
0.12239158708143805,1.0009244770118455,0.0003058591791923314,1.0,0.9999999999976222,1.0
0.12243663294512075,1.000975359077234,0.0003140925420261275,1.0,0.9999999999976654,1.0
0.1227327669936642,1.0005605856789836,0.00030574367938477243,1.0,0.9999999999979314,1.0
0.12275259776524194,1.0014086819880472,0.000319941776196782,1.0,0.9999999999979482,1.0
0.12300215453774399,1.0010533668056112,0.00031749506597057367,1.0,0.9999999999981476,1.0
0.12301843703457394,1.0006617644647966,0.00030568470325344227,1.0,0.9999999999981599,1.0
0.12309795502860865,1.0015718207642088,0.000313670848686694,1.0,0.9999999999982191,1.0
0.12319034439831,1.0006366585810782,0.0003192812924010132,1.0,0.9999999999982854,1.0
0.12326634484860222,1.0009956925160957,0.00031835504526299847,1.0,0.9999999999983381,1.0
0.12327071258948763,0.9993879901230015,0.000305279044305087,1.0,0.9999999999983411,1.0
0.12333634821459327,1.0016080506871192,0.000319715432373959,1.0,0.9999999999983853,1.0
0.12351342463284709,1.0000719104419662,0.0003051185737191908,1.0,0.999999999998499,1.0
0.12372896281479917,1.0023249785498682,0.00031294691194392883,1.0,0.9999999999986268,1.0
0.12374569896737597,1.0005620000143722,0.000314771726674152,1.0,0.9999999999986362,1.0
0.12382190532645154,1.0006548080245308,0.0003210722664404413,1.0,0.9999999999986785,1.0
0.12397002439729476,1.0008524902863078,0.000319411193038036,1.0,0.9999999999987571,1.0
0.12407449173150553,0.9988487325982921,0.0003050595525122824,1.0,0.9999999999988098,1.0
0.1242306423822015,1.0000128430006563,0.00030575617462653797,1.0,0.9999999999988844,1.0
0.12424556970223932,1.000805229889526,0.0003195939906319491,1.0,0.9999999999988913,1.0
0.12443688211629933,0.9992873071469269,0.0003050744514772306,1.0,0.9999999999989762,1.0
0.12455967046960836,1.0005564454941975,0.00030575374482536704,1.0,0.9999999999990272,1.0
0.12463978665138598,1.001136882067945,0.00032013487747059545,1.0,0.9999999999990592,1.0
0.12483743855710827,1.000078810424454,0.00030548895067787364,1.0,0.9999999999991337,1.0
0.12499692857991818,1.0021250890225786,0.00031831674646293483,1.0,0.9999999999991896,1.0
0.1250861371369183,0.9997243751180035,0.00030541413793069096,1.0,0.9999999999992193,1.0
0.1251149758778496,1.0012265502347177,0.00031935816260204256,1.0,0.9999999999992287,1.0
0.12520438427227987,1.0013791613852212,0.00032121299241750573,1.0,0.999999999999257,1.0
0.1252280644328181,1.0008488437621623,0.0003184044133827828,1.0,0.9999999999992645,1.0
0.12532991826336115,0.9996480784806645,0.00030485857072077183,1.0,0.9999999999992952,1.0
0.12559773170471544,0.9990194126636427,0.0003044942558673989,1.0,0.9999999999993703,1.0
0.1257522516395042,1.0012931493939232,0.00031428648242376114,1.0,0.99999999999941,1.0
0.1257641377416463,1.0011515301714717,0.000313124972128585,1.0,0.9999999999994129,1.0
0.12587397623488528,1.0012099600317974,0.0003192801143683681,1.0,0.9999999999994396,1.0
0.12606706563462922,1.001178980490089,0.0003057147713498807,1.0,0.9999999999994835,1.0
0.1261410423132503,1.0020327610146482,0.00031790281257457247,1.0,0.9999999999994994,1.0
0.12618722954850625,1.0022393994713164,0.0003196329826094531,1.0,0.9999999999995091,1.0
0.12638489513341256,1.0007507991603686,0.0003058034777612643,1.0,0.9999999999995486,1.0
0.12647564313331117,1.0021449350870189,0.00031457526393185656,1.0,0.9999999999995657,1.0
0.12652354530723642,1.0004417948172153,0.00031992841801971246,1.0,0.9999999999995745,1.0
0.1269013757323023,1.0002973573713545,0.0003053754018543209,1.0,0.9999999999996376,1.0
0.12698870851184552,1.0007432380739298,0.00031821773001614273,1.0,0.999999999999651,1.0
0.12703568631052065,1.0011985621332067,0.0003195526319878616,1.0,0.9999999999996578,1.0
0.12706929860459582,1.0007255738956293,0.00032097790920198173,1.0,0.9999999999996627,1.0
0.12714697822070775,1.0000203768107825,0.0003049773344989763,1.0,0.9999999999996737,1.0
0.12715424205739012,1.0015934222468763,0.0003137875782692779,1.0,0.9999999999996748,1.0
0.12718607048212505,1.0007117755606374,0.000318446716362084,1.0,0.9999999999996791,1.0
0.1274216384384772,0.9993434649613488,0.00030475344420718753,1.0,0.99999999999971,1.0
0.1275308738021863,1.0007296714116645,0.00030560891702230956,1.0,0.9999999999997232,1.0
0.12774118132796275,0.999408131529215,0.0003050412371484067,1.0,0.9999999999997472,1.0
0.12777379307988213,1.001359954782078,0.0003192242075121508,1.0,0.9999999999997506,1.0
0.12779809868602854,1.0007810094548344,0.0003134008457711661,1.0,0.9999999999997533,1.0
0.12790125278351638,1.0006978362791545,0.00030564108763262083,1.0,0.999999999999764,1.0
0.12811479127023517,1.001019398675611,0.00031821591732625137,1.0,0.9999999999997847,1.0
0.12812501190138903,1.0005784726908733,0.0003192803790621674,1.0,0.9999999999997857,1.0
0.12820871850132676,1.0001013110501065,0.00030571283446749736,1.0,0.9999999999997933,1.0
0.12840350505564402,1.0008785479416284,0.00031997462097631306,1.0,0.99999999999981,1.0
0.12847275711621364,1.0004480402983957,0.0003055678422356723,1.0,0.9999999999998157,1.0
0.128491550685645,1.0017993601416015,0.0003147795511364229,1.0,0.9999999999998171,1.0
0.12871659382659573,1.0000279094886289,0.00030527401209570504,1.0,0.9999999999998341,1.0
0.12893074898516943,1.000718752412156,0.00032103351693270094,1.0,0.9999999999998489,1.0
0.1289526165519277,1.0012824982729864,0.0003194063145065939,1.0,0.9999999999998503,1.0
0.12896504953931753,0.9993583158066274,0.0003049438260373701,1.0,0.9999999999998511,1.0
0.12897727925842162,1.001723132957641,0.0003181994197790101,1.0,0.9999999999998519,1.0
0.12914046218440944,1.0008700706249294,0.0003186031790273403,1.0,0.9999999999998621,1.0
0.12917964824981354,1.0010053795935985,0.00031434231240446027,1.0,0.9999999999998644,1.0
0.1292471573279954,0.9994797220729542,0.00030502738671978654,1.0,0.9999999999998683,1.0
0.1293761715957089,1.00119488780999,0.00030564944667132044,1.0,0.9999999999998755,1.0
0.12957850900920675,0.9992429344524391,0.00030521150329671377,1.0,0.9999999999998861,1.0
0.12973304812928177,1.0007009580182353,0.00030582144827947367,1.0,0.9999999999998936,1.0
0.12983071901097354,1.0012689526987821,0.0003134911792058705,1.0,0.9999999999998981,1.0
0.13005876140422856,1.0009874106576895,0.00031944700606007973,1.0,0.9999999999999077,1.0
0.13008512629292568,1.0012106556514664,0.00031823685013337364,1.0,0.9999999999999089,1.0
0.13027999504379295,1.0018290825772642,0.0003200116678641547,1.0,0.9999999999999164,1.0
0.13028924889124482,1.0002157308968356,0.0003052665028548418,1.0,0.9999999999999167,1.0
0.13050515243264726,1.0018194895944403,0.0003146447883066882,1.0,0.9999999999999243,1.0
0.13053209670783872,1.0002353423076251,0.00030521838317288795,1.0,0.9999999999999252,1.0
0.1308654958623805,0.999901139784286,0.0003193584471824177,1.0,0.9999999999999354,1.0
0.13096270810117971,1.001361072737249,0.00031800369454483644,1.0,0.9999999999999382,1.0
0.13107458610835465,0.9982774260063128,0.0003047957229083034,1.0,0.9999999999999412,1.0
0.131091065476852,1.0016602523680285,0.0003197513180584961,1.0,0.9999999999999416,1.0
0.13120293741251743,1.0015651731134405,0.00031425684002062116,1.0,0.9999999999999444,1.0
0.1312178868678302,1.0003779940429032,0.00030576756127636656,1.0,0.9999999999999448,1.0
0.13141868228109388,0.9996960591953501,0.0003052214631121486,1.0,0.9999999999999495,1.0
0.1315623811379112,1.0004696944923632,0.00031966063535542586,1.0,0.9999999999999527,1.0
0.13156285519997368,1.0000657389299261,0.00030572803263323087,1.0,0.9999999999999527,1.0
0.13177674578044218,1.0014266467689286,0.00031737345611926044,1.0,0.999999999999957,1.0
0.13185148692045345,0.999973030825096,0.0003055902240839678,1.0,0.9999999999999584,1.0
0.13186187414676453,1.0008500770670095,0.00031350230722663997,1.0,0.9999999999999586,1.0
0.1319879101167203,1.0010674686503105,0.0003192824278534016,1.0,0.9999999999999608,1.0
0.13205185554012644,1.0011111484085822,0.00031844790264131095,1.0,0.9999999999999619,1.0
0.13210517466211513,0.9997889902864128,0.000305355536066816,1.0,0.9999999999999629,1.0
0.13215265756613803,1.0008839027946823,0.0003196915764540657,1.0,0.9999999999999637,1.0
0.13234777448886348,0.9995993546781909,0.0003050276627466465,1.0,0.9999999999999667,1.0
0.13251620974258316,1.0021999948777938,0.00031518934086337323,1.0,0.9999999999999691,1.0
0.1326083593068006,0.9994906218563531,0.00030389288939450265,1.0,0.9999999999999704,1.0
0.13264399056623688,1.0002015578654546,0.00032084800544584016,1.0,0.9999999999999709,1.0
0.132774473487558,1.0002215627213986,0.0003192127218553533,1.0,0.9999999999999726,1.0
0.13290408093291717,0.9988941987134674,0.00030504599394840887,1.0,0.9999999999999741,1.0
0.1330377098059472,1.0013116451059916,0.0003197024870673747,1.0,0.9999999999999756,1.0
0.133057651932603,1.000029793539282,0.00030575558707485455,1.0,0.9999999999999758,1.0
0.13322427444180107,1.00123651332352,0.0003145684321120446,1.0,0.9999999999999776,1.0
0.13326170024606654,0.9995640147973933,0.0003050774350321738,1.0,0.999999999999978,1.0
0.13339052733147128,1.0000838954427131,0.00030559355583153623,1.0,0.9999999999999792,1.0
0.1334510811970233,1.0003916753692188,0.00031998820834628136,1.0,0.9999999999999798,1.0
0.13377253727474425,1.001197794814577,0.00031811271920068876,1.0,0.9999999999999826,1.0
0.13389116459903683,1.0015123637634293,0.0003138176914810803,1.0,0.9999999999999835,1.0
0.13391383559660142,1.001363092220127,0.000319395805874616,1.0,0.9999999999999837,1.0
0.13392069657217576,0.9994716205125282,0.0003053244640588006,1.0,0.9999999999999837,1.0
0.13401479168834385,1.00073988073632,0.0003183194899969981,1.0,0.9999999999999843,1.0
0.13402196972475622,1.000590227496362,0.0003211170685205511,1.0,0.9999999999999845,1.0
0.13416407228484672,0.9995912910995133,0.0003048907299870462,1.0,0.9999999999999855,1.0
0.13443004903632527,0.9991708391130034,0.00030446078313472763,1.0,0.9999999999999871,1.0
0.13452623767604477,1.0011459962201605,0.0003129398576211535,1.0,0.9999999999999877,1.0
0.13467956556209515,1.0010226604868275,0.00031931599476191333,1.0,0.9999999999999885,1.0
0.13473565760352813,0.9987291541445515,0.00030501281398098,1.0,0.9999999999999888,1.0
0.1348950243875322,1.0008129643837846,0.0003056247170869358,1.0,0.9999999999999896,1.0
0.13492261873753364,1.0006761619907598,0.00031670853647796076,1.0,0.9999999999999897,1.0
0.13498050666221673,1.0011599017116868,0.00031948932632423305,1.0,0.99999999999999,1.0
0.13510755743857317,0.9997494145812715,0.00030512356200987475,1.0,0.9999999999999906,1.0
0.13521647547375437,1.0003707670183055,0.00030572385684443794,1.0,0.999999999999991,1.0
0.13524341199321555,1.001506216749449,0.0003146729608886961,1.0,0.9999999999999911,1.0
0.1354892921444275,0.9996722775139292,0.00030545580658008646,1.0,0.9999999999999921,1.0
0.1357359784084906,0.999266340483899,0.0003051618414931607,1.0,0.9999999999999929,1.0
0.1357653601515807,1.001523377126037,0.0003187093367590122,1.0,0.999999999999993,1.0
0.13583584099767165,1.0000051421915976,0.00031932386960135636,1.0,0.9999999999999932,1.0
0.1358878600431126,1.0007610790987074,0.0003210253142948087,1.0,0.9999999999999934,1.0
0.13591902439034342,1.0007905848229575,0.00031387081266752773,1.0,0.9999999999999936,1.0
0.13597402880270693,1.000675504653632,0.0003183849949754591,1.0,0.9999999999999937,1.0
0.13598101950117325,0.9995998818148011,0.000304809080410775,1.0,0.9999999999999937,1.0
0.13625327444339064,0.9992276057962884,0.0003045362661000182,1.0,0.9999999999999944,1.0
0.1363549190813842,1.000199835698461,0.00030545550102112644,1.0,0.9999999999999947,1.0
0.13656061345281145,1.001771835440186,0.00031341392946702745,1.0,0.9999999999999952,1.0
0.13656891193664933,0.9992426211842109,0.0003051244396035246,1.0,0.9999999999999952,1.0
0.1365809306897745,1.0003381262811095,0.0003191494564514087,1.0,0.9999999999999952,1.0
0.13672984385402742,1.0000206929453075,0.00030531344252024146,1.0,0.9999999999999956,1.0
0.13689738982570532,1.0011235403316343,0.00031808275295255303,1.0,0.9999999999999959,1.0
0.13704069880998304,0.9998181415531948,0.0003056235112086248,1.0,0.9999999999999961,1.0
0.13721708314074021,1.000513229812974,0.00031982644796650867,1.0,0.9999999999999964,1.0
0.13726024260986947,1.0015813298890657,0.0003148800149842221,1.0,0.9999999999999966,1.0
0.13730678410746577,0.9995925413417771,0.00030537427930245933,1.0,0.9999999999999966,1.0
0.13755132349268706,0.9995199944198877,0.0003051817354516011,1.0,0.999999999999997,1.0
0.13775039983642046,1.000741262150277,0.0003209259735678342,1.0,0.9999999999999972,1.0
0.13775392599724512,1.0006911778115006,0.000319297625264162,1.0,0.9999999999999972,1.0
0.13775499869044694,1.0006704561431863,0.0003180726735550757,1.0,0.9999999999999972,1.0
0.1377986454525626,0.9994493845620329,0.0003048974127576861,1.0,0.9999999999999973,1.0
0.13792952525575686,1.0009246925159834,0.0003184676075860237,1.0,0.9999999999999974,1.0
0.13807805896357195,0.9994051033988787,0.00030484780065139036,1.0,0.9999999999999977,1.0
0.13820114817801255,1.0009457461200073,0.0003054899690420234,1.0,0.9999999999999978,1.0
0.1384055152419137,0.9994499643826013,0.0003050973011158748,1.0,0.999999999999998,1.0
0.1385625078802093,1.0003820593702741,0.0003057450510452984,1.0,0.9999999999999981,1.0
0.13859355163070575,1.001174643991662,0.00031346954173152274,1.0,0.9999999999999981,1.0
0.13885460878056222,1.001303938045739,0.00031931897807401004,1.0,0.9999999999999983,1.0
0.13886320011334874,0.9991969131078282,0.0003056349827605388,1.0,0.9999999999999983,1.0
0.13886890364719306,1.0006581529747316,0.00031818820434703654,1.0,0.9999999999999983,1.0
0.13912363649231452,0.9993612155534454,0.0003052384380979086,1.0,0.9999999999999986,1.0
0.1392745241104123,1.0019348403723365,0.00031478622081961433,1.0,0.9999999999999987,1.0
0.13936648246348682,0.9996497294320167,0.0003051880303370278,1.0,0.9999999999999988,1.0
0.13960952763159185,1.0015073778965984,0.0003209658030411435,1.0,0.9999999999999989,1.0
0.13961739497176495,0.9991495279313805,0.0003049528245323858,1.0,0.9999999999999989,1.0
0.13966823466779488,1.0003297657943382,0.00031928954747225194,1.0,0.9999999999999989,1.0
0.13974151822665704,1.0012558188884602,0.00031799129532849766,1.0,0.9999999999999989,1.0
0.13988138285725427,1.0010001956278745,0.0003198052103852201,1.0,0.999999999999999,1.0
0.13990483964460054,0.9988023380005471,0.00030486566404433507,1.0,0.999999999999999,1.0
0.13996915234259077,1.0011936114471338,0.00031428062690529765,1.0,0.999999999999999,1.0
0.14024464072849696,0.998919981527863,0.00030513597627987633,1.0,0.9999999999999992,1.0
0.14037189264141148,1.0010937177824073,0.00031956203454761993,1.0,0.9999999999999992,1.0
0.1403928645077599,1.0003109538677697,0.0003056963580399524,1.0,0.9999999999999992,1.0
0.14055086863373845,1.0012420606529056,0.0003164522630280259,1.0,0.9999999999999993,1.0
0.1406252041982956,1.0013737289208826,0.00031340883010271144,1.0,0.9999999999999993,1.0
0.14068453986180884,1.0000798797619612,0.0003055406863157348,1.0,0.9999999999999993,1.0
0.1407857418857077,1.0008533262972243,0.0003193148345104303,1.0,0.9999999999999993,1.0
0.1408368291186548,1.002017284603815,0.00031848473332742505,1.0,0.9999999999999993,1.0
0.14093959275771795,0.9993950664644105,0.0003053233266233933,1.0,0.9999999999999994,1.0
0.14118217678256428,1.000220860894226,0.0003050491254225448,1.0,0.9999999999999994,1.0
0.14128643236271898,1.0016821411194452,0.00031503983128427685,1.0,0.9999999999999994,1.0
0.14157863779082902,1.0001298821041116,0.00031950261346932074,1.0,0.9999999999999996,1.0
0.14173349643448319,0.9997822708495084,0.00030508677935720224,1.0,0.9999999999999996,1.0
0.141991053601199,1.0020736616509753,0.00031428597356288106,1.0,0.9999999999999997,1.0
0.14208670441865934,1.0000670264933331,0.0003052335641738529,1.0,0.9999999999999997,1.0
0.14222131964459095,1.0003724576743673,0.00030573648460852445,1.0,0.9999999999999997,1.0
0.14226183118753966,1.0008898150886354,0.00031994260250217313,1.0,0.9999999999999997,1.0
0.14250431133069696,0.9994290498293378,0.0003052299574962652,1.0,0.9999999999999998,1.0
0.14254794572826768,1.0016931287377846,0.00031791313566319993,1.0,0.9999999999999998,1.0
0.1426554480480693,1.0017842237974748,0.00031356846396504533,1.0,0.9999999999999998,1.0
0.1427122680592703,1.0005840286400058,0.00031922953476299417,1.0,0.9999999999999998,1.0
0.1427552300407342,0.9996983422356993,0.0003052941924334874,1.0,0.9999999999999998,1.0
0.1428009773030965,1.001400076201086,0.00031836638469257195,1.0,0.9999999999999998,1.0
0.14283904354692822,1.000588227483086,0.0003212591307577873,1.0,0.9999999999999998,1.0
0.1429981584499842,0.999085594589816,0.00030491981747242543,1.0,0.9999999999999998,1.0
0.14326225663205605,0.999368636712575,0.00030409772896924843,1.0,0.9999999999999998,1.0
0.1433187079555296,1.0004068234526855,0.00032092547044262383,1.0,0.9999999999999998,1.0
0.1434850106352883,1.0002888097657177,0.00031926065238139064,1.0,0.9999999999999998,1.0
0.1435644618936749,0.9988029732209331,0.0003050359320969975,1.0,0.9999999999999999,1.0
0.1437035384808638,1.001903143981495,0.0003138195365282088,1.0,0.9999999999999999,1.0
0.1437225812157692,1.0012392341126726,0.0003058413703008025,1.0,0.9999999999999999,1.0
0.14377336202581148,1.0002005607091244,0.00031951377039250576,1.0,0.9999999999999999,1.0
0.1439317026014919,0.9992282244001962,0.0003049937474983302,1.0,0.9999999999999999,1.0
0.14401092915230151,1.0007985334121374,0.00031442708343674524,1.0,0.9999999999999999,1.0
0.14414803295471756,1.000991380814386,0.00032003109916912167,1.0,0.9999999999999999,1.0
0.14432308132074922,0.9998221622360148,0.0003055466901772452,1.0,0.9999999999999999,1.0
0.14454166456318518,1.0009510467158007,0.0003183761263038151,1.0,0.9999999999999999,1.0
0.1445705730274085,0.999166503817958,0.0003051712383543619,1.0,0.9999999999999999,1.0
0.1446357063801571,1.0002240873288726,0.0003193662328824157,1.0,0.9999999999999999,1.0
0.1446836077828415,1.0020329543162172,0.00031405750793682755,1.0,0.9999999999999999,1.0
0.14470619445677357,1.0008569972443395,0.0003210182679416492,1.0,0.9999999999999999,1.0
0.14476144032948923,1.0011587400860371,0.00031842071474925173,1.0,0.9999999999999999,1.0
0.1448148726414047,0.9990069908257125,0.00030478402664617474,1.0,0.9999999999999999,1.0
0.14508495697668877,0.9992353054032702,0.0003045038272544725,1.0,0.9999999999999999,1.0
0.14517878834146813,1.0008034839821074,0.00030538131020781107,1.0,0.9999999999999999,1.0
0.14532298655721387,1.0023264924667983,0.00031315996822765845,1.0,0.9999999999999999,1.0
0.14538751083682655,1.001026465675808,0.00031921206767023197,1.0,0.9999999999999999,1.0
0.145397055623107,0.9992222056409013,0.00030505854207116436,1.0,0.9999999999999999,1.0
0.14555832310119854,1.0002968986719027,0.0003056113899268094,1.0,0.9999999999999999,1.0
0.14567974134934047,1.0012858731664445,0.00031807252287425954,1.0,0.9999999999999999,1.0
0.1458725066491695,1.0008787231610967,0.00030563887700124463,1.0,1.0,1.0
0.14602853293214224,1.00139679293609,0.00031483669845237616,1.0,1.0,1.0
0.14603026591643697,1.0006849121336934,0.00031980379593416495,1.0,1.0,1.0
0.14614072624044638,0.9996453663372371,0.00030550839603097474,1.0,1.0,1.0
0.14638578596870389,1.0002950201245469,0.00030532592226772547,1.0,1.0,1.0
0.14653236282700988,1.001649846835474,0.00031846515949619694,1.0,1.0,1.0
0.14655508570274378,1.000834814327202,0.00031935025468440636,1.0,1.0,1.0
0.14663234879247966,0.9994367924347142,0.00030501491508686776,1.0,1.0,1.0
0.14671025779678004,1.0017490217838274,0.0003140241959808338,1.0,1.0,1.0
0.14671817624770256,1.001672285180149,0.0003183490200012191,1.0,1.0,1.0
0.14690930171622085,0.9994743217387131,0.00030474377937522316,1.0,1.0,1.0
0.1470258211058706,1.0008944969717497,0.0003055065994511746,1.0,1.0,1.0
0.14723267306993648,0.9991341834186473,0.0003050430837492664,1.0,1.0,1.0
0.147286300871599,1.0011291045201984,0.0003192104590798388,1.0,1.0,1.0
0.14735650637978726,1.0019540466566947,0.0003134991688148135,1.0,1.0,1.0
0.14739159251018918,1.0009288994981738,0.00030567043329000145,1.0,1.0,1.0
0.14765242848385185,1.001690340320861,0.0003183771522402536,1.0,1.0,1.0
0.14769565349047298,0.9998083740573283,0.0003055398665227505,1.0,1.0,1.0
0.14790899394429857,1.0006322877834355,0.0003198932069293415,1.0,1.0,1.0
0.14795767946694127,1.0001386142399704,0.0003053908946269822,1.0,1.0,1.0
0.14804376040823541,1.0020892821920968,0.00031466310077356464,1.0,1.0,1.0
0.1482010350415237,0.9993355147160596,0.00030519211844009565,1.0,1.0,1.0
0.14843003248071795,1.0014523673638176,0.0003210657861943609,1.0,1.0,1.0
0.1484506160263095,0.9991695273967605,0.00030490448332898794,1.0,1.0,1.0
0.14847054752807765,1.001681996654098,0.0003195068912772605,1.0,1.0,1.0
0.14851982738078107,1.0017110486627852,0.0003181519186754594,1.0,1.0,1.0
0.14867128492122106,1.0019071914829403,0.000318538958963939,1.0,1.0,1.0
0.14873500471660606,1.0020152277314285,0.0003142440543789845,1.0,1.0,1.0
0.14873545150152268,0.9994856423582568,0.0003048894346835744,1.0,1.0,1.0
0.14886934119178363,1.0008210510911555,0.0003056528007698749,1.0,1.0,1.0
0.14907118164745725,0.9995909163837676,0.00030513919516146116,1.0,1.0,1.0
0.14918113097493801,1.0005574543431106,0.00031910592230459785,1.0,1.0,1.0
0.14922278990519544,1.0003725855435859,0.00030576720016851986,1.0,1.0,1.0
0.14951717492536432,1.0008523148545914,0.00030563838793302777,1.0,1.0,1.0
0.14958245375753165,1.0008862937328435,0.0003192258018618167,1.0,1.0,1.0
0.14962140577426908,1.0015355824231402,0.00031828305309226923,1.0,1.0,1.0
0.14977396084589145,0.9996091567030866,0.0003052430947620216,1.0,1.0,1.0
0.14978427157353735,1.0005097081557361,0.0003195903874666773,1.0,1.0,1.0
0.15001662553402184,0.9992060144847577,0.0003050026786109589,1.0,1.0,1.0
0.15005637035722685,1.0012126733804756,0.0003146653161051114,1.0,1.0,1.0
0.15028728994522567,1.0003782915347539,0.0003209630243522336,1.0,1.0,1.0
0.15038223884296542,1.0005986848751172,0.0003194069663869726,1.0,1.0,1.0
0.15050398723194292,1.0002460827445885,0.0003177143407680629,1.0,1.0,1.0
0.15056356431114182,0.9986978921275388,0.00030483827188214314,1.0,1.0,1.0
0.15071097803934208,1.0010909950660956,0.00030590309171632903,1.0,1.0,1.0
0.1507577348130802,1.0010470871949426,0.0003142820187456815,1.0,1.0,1.0
0.15105176555647404,1.0013846304851046,0.0003057848806614543,1.0,1.0,1.0
0.1510723122232207,1.0007850564993066,0.00031991024922834935,1.0,1.0,1.0
0.1513228796713051,1.001067268881863,0.0003175339290676749,1.0,1.0,1.0
0.15133735621481037,1.0000175345663131,0.0003055367731049837,1.0,1.0,1.0
0.15141913385893346,1.0015661357205612,0.00031364849318457876,1.0,1.0,1.0
0.15151041188281056,1.0011328204857544,0.0003193661845807211,1.0,1.0,1.0
0.1515867608318473,1.0011329913832356,0.00031837813463692766,1.0,1.0,1.0
0.15158973132059828,0.9996064239339323,0.0003052696241011885,1.0,1.0,1.0
0.15165588034074062,1.0009028884857465,0.0003197851391861029,1.0,1.0,1.0
0.1518325865994825,0.9991586972364107,0.00030497862773195075,1.0,1.0,1.0
0.15205019714837964,1.0024398490592825,0.00031291016241102344,1.0,1.0,1.0
0.15206654122853536,1.0008958034144082,0.0003146969953191097,1.0,1.0,1.0
0.15209476438303682,0.9995060483624784,0.00030359957954889086,1.0,1.0,1.0
0.1521411349275752,1.0005084935146904,0.0003210487019664455,1.0,1.0,1.0
0.15228989503884804,1.0000728366725293,0.00031927371410318123,1.0,1.0,1.0
0.15239379644964401,0.9992218635598461,0.00030512856378795935,1.0,1.0,1.0
0.15255000913808203,1.0005112251919268,0.00030573648588620267,1.0,1.0,1.0
0.15256579594179698,1.0012703864030048,0.00031962401080145854,1.0,1.0,1.0
0.15275618182255357,0.9997623958754589,0.0003050820593308529,1.0,1.0,1.0
0.1528789284778611,1.0010260954692827,0.00030577427957616883,1.0,1.0,1.0
0.15295946593579401,1.001794635830685,0.0003201649636758207,1.0,1.0,1.0
0.15315662428204746,0.9999382956985445,0.00030546511012393497,1.0,1.0,1.0
0.15331762434838225,1.0019512894610967,0.00031830683030318273,1.0,1.0,1.0
0.15340501476029544,0.9998534118946246,0.0003052852431171794,1.0,1.0,1.0
0.15343500625263573,1.000490035304816,0.0003193139642892063,1.0,1.0,1.0
0.15344799625847472,1.0022183897920711,0.00031413733400860607,1.0,1.0,1.0
0.15352402273597932,1.0017775909139603,0.00032128670949305014,1.0,1.0,1.0
0.15354844557525382,1.001249710845266,0.00031845467660073976,1.0,1.0,1.0
0.1536490861191453,0.9995309657277508,0.00030476614987113654,1.0,1.0,1.0
0.1539169573730419,0.9996066301384272,0.00030454191580618135,1.0,1.0,1.0
0.1540730680952791,1.0022942486525876,0.0003146445658113435,1.0,1.0,1.0
0.1540850840714123,1.0017762149817824,0.00031320609964523543,1.0,1.0,1.0
0.15419367149260665,1.0014197765437343,0.0003193766283908039,1.0,1.0,1.0
0.15422630009720706,0.9998686952076937,0.0003050563422331399,1.0,1.0,1.0
0.15438640980201512,1.000439646802668,0.00030564772791274596,1.0,1.0,1.0
0.15446157124924298,1.002097668906852,0.00031789910989186683,1.0,1.0,1.0
0.1545075579205104,1.0015946194636356,0.0003195228082524652,1.0,1.0,1.0
0.15470413652295179,1.0005301507679991,0.00030576521575333723,1.0,1.0,1.0
0.15479656414173348,1.001602494736044,0.0003145750170648633,1.0,1.0,1.0
0.15497471644465577,0.9997213908750726,0.0003056193361338885,1.0,1.0,1.0
0.15522039090373596,0.9995939668318706,0.0003052805712428693,1.0,1.0,1.0
0.1553093742698266,1.0015628759509176,0.0003183181544526265,1.0,1.0,1.0
0.15535567957554974,1.0011377981117187,0.0003195837433812955,1.0,1.0,1.0
0.15538876684757952,1.0011353077223528,0.00032102576850722233,1.0,1.0,1.0
0.15546601490160583,0.9997018846189747,0.00030485512360510096,1.0,1.0,1.0
0.1554752492249385,1.0015422380849186,0.0003140637064587404,1.0,1.0,1.0
0.15550641644091456,1.0013666047730099,0.0003185125095920696,1.0,1.0,1.0
0.15574074129170867,1.0002547597251108,0.00030482311810261164,1.0,1.0,1.0
0.15585018617417745,1.0009830755180449,0.0003056459405129946,1.0,1.0,1.0
0.1560603931104083,0.9999114255889512,0.00030513957320625813,1.0,1.0,1.0
0.15611903292487828,1.001665004693614,0.00031338183889915674,1.0,1.0,1.0
0.15622057484637253,1.0009414002390495,0.0003056404839817023,1.0,1.0,1.0
0.1564354255656042,1.0021055073906968,0.0003182507241688202,1.0,1.0,1.0
0.1564450266255477,1.001640856412612,0.00031928301505318126,1.0,1.0,1.0
0.1565278061274853,1.0015199541205597,0.00030574298288280175,1.0,1.0,1.0
0.1567229766868934,1.0010069988242358,0.0003198954105926663,1.0,1.0,1.0
0.1567917877870002,0.9999814605509596,0.0003054336240177649,1.0,1.0,1.0
0.1568125877023263,1.0017788851641245,0.00031482112887081264,1.0,1.0,1.0
0.15703560965346242,0.9995097675715129,0.00030525865531045676,1.0,1.0,1.0
0.15725004765278072,1.000616153331766,0.00032098285788553446,1.0,1.0,1.0
0.15727257302992825,1.0013941034380878,0.00031944861944986674,1.0,1.0,1.0
0.1572840952455863,0.9999462866080894,0.00030503644806948967,1.0,1.0,1.0
0.15729791468322674,1.0017634761593843,0.00031816119021371226,1.0,1.0,1.0
0.15746077265701786,1.0010430639626606,0.000318514276780085,1.0,1.0,1.0
0.15750063734653352,1.0017494199577246,0.00031392548471170697,1.0,1.0,1.0
0.15756627746549157,0.9995442068036535,0.00030498305712179557,1.0,1.0,1.0
0.15769531892013333,1.0007568312478416,0.0003056281765999638,1.0,1.0,1.0
0.1579898179969632,1.0002360754909438,0.000317868799266528,1.0,1.0,1.0
0.15805234953978697,1.0006434115995262,0.0003057637319741149,1.0,1.0,1.0
0.15815164001939586,1.002281701170269,0.0003135177338311418,1.0,1.0,1.0
0.15834980240563823,1.0005849768206874,0.0003055691892598892,1.0,1.0,1.0
0.15837887761543357,1.0025797104861283,0.00031951483271758425,1.0,1.0,1.0
0.15840558778600666,1.0011336068923924,0.0003182577480239211,1.0,1.0,1.0
0.1585994331149152,1.001270005768419,0.0003198932040914782,1.0,1.0,1.0
0.15860827325940363,0.9999420477983952,0.0003052223159539166,1.0,1.0,1.0
0.15882588869912695,1.0019334039069014,0.0003143710171207477,1.0,1.0,1.0
0.15885097611609922,0.9998552944113214,0.00030520631040753776,1.0,1.0,1.0
0.15918527663384907,1.0008571919618465,0.00031952222423528814,1.0,1.0,1.0
0.15928317330525488,1.002267464521353,0.0003179220040516703,1.0,1.0,1.0
0.15939358639553802,0.9991679494901589,0.00030487359881243095,1.0,1.0,1.0
0.15941120121101449,1.001947765690646,0.0003197024296469463,1.0,1.0,1.0
0.15952404590577274,1.0015565576429613,0.00031419506970750027,1.0,1.0,1.0
0.15953728588297622,1.0006892783579726,0.0003057701430633735,1.0,1.0,1.0
0.15973794511961614,0.9994580218257506,0.0003052006421348421,1.0,1.0,1.0
0.15988213723881017,0.9999049106522363,0.00030574170353814153,1.0,1.0,1.0
0.1598822458096265,1.0013443560747994,0.000319696338763112,1.0,1.0,1.0
0.1600974802721069,1.0015430665861362,0.00031734905876498634,1.0,1.0,1.0
0.1601705483983551,0.9997216593863318,0.00030560330327098384,1.0,1.0,1.0
0.1601827806339866,1.0017131216619326,0.00031350906740892947,1.0,1.0,1.0
0.16030798953080705,1.0008093785819627,0.00031926168619930895,1.0,1.0,1.0
0.16042419459327562,0.9996662091973978,0.0003053526508010662,1.0,1.0,1.0
0.16047220067395074,1.001521700666217,0.0003197092315796584,1.0,1.0,1.0
0.16066679628559655,1.0002748654678661,0.00030513092824260027,1.0,1.0,1.0
0.16083692180706066,1.001971682008401,0.0003152250436799309,1.0,1.0,1.0
0.16092742780324443,1.0000253828379313,0.0003039105779164294,1.0,1.0,1.0
0.16109435639145886,1.0011289644545371,0.00031931485973417785,1.0,1.0,1.0
0.16122310146909058,0.9992686883179851,0.00030510115134699327,1.0,1.0,1.0
0.16135794799522785,1.0017361433019163,0.00031974773740947474,1.0,1.0,1.0
0.1613768878363544,1.001264726689687,0.00030582550878908895,1.0,1.0,1.0
0.1615453627667236,1.001683698096397,0.00031428049807412904,1.0,1.0,1.0
0.16158085200754613,0.9995497936545472,0.00030512480025994684,1.0,1.0,1.0
0.16170979097677218,1.0006369652593972,0.00030567760932697513,1.0,1.0,1.0
0.16177077208828905,1.0008273390825027,0.0003200273175975955,1.0,1.0,1.0
0.16209324272401204,1.001064327629994,0.00031808082134579193,1.0,1.0,1.0
0.16221233279056513,1.000861082496613,0.0003137678025765678,1.0,1.0,1.0
0.16223387822364543,1.0017271842185713,0.00031948172809898994,1.0,1.0,1.0
0.16223971344783195,0.9999914104980788,0.0003052894133411767,1.0,1.0,1.0
0.16233504585096625,1.0017799388878417,0.0003183864991101034,1.0,1.0,1.0
0.16248309939592787,0.9992865198162594,0.0003048549732612394,1.0,1.0,1.0
0.16274913125738522,0.9995725531043307,0.0003044416160007363,1.0,1.0,1.0
0.16284732616231512,1.0018116504175765,0.0003129465849959804,1.0,1.0,1.0
0.16299955026568114,1.0005155427721173,0.0003192905810933617,1.0,1.0,1.0
0.16305483840739043,0.99948098259733,0.0003051158497630325,1.0,1.0,1.0
0.16321409845048152,1.000834290289536,0.000305787352272272,1.0,1.0,1.0
0.16324301972562694,1.0018819060915214,0.0003168398020686917,1.0,1.0,1.0
0.16330084730665817,1.0011785952439933,0.00031949785944141335,1.0,1.0,1.0
0.1634270150326529,1.0002017267695509,0.00030518871821728634,1.0,1.0,1.0
0.16353572217764167,1.0002689860533884,0.00030566040654986156,1.0,1.0,1.0
0.1635643401008906,1.0018315799677058,0.0003145875884942564,1.0,1.0,1.0
0.16365557644203932,1.0011953765378772,0.00031998485095299344,1.0,1.0,1.0
0.16405485523520724,0.9999691095716647,0.0003051230115210954,1.0,1.0,1.0
0.1641559851117762,1.0012739257868637,0.00031941211311656157,1.0,1.0,1.0
0.16420733861227177,1.0005891237747666,0.0003209162896029056,1.0,1.0,1.0
0.16424003736636905,1.0013157305168325,0.0003139767712707149,1.0,1.0,1.0
0.1642942477917444,1.0010699256316806,0.0003184286193187253,1.0,1.0,1.0
0.16429991495334662,0.9997826908876326,0.0003048439362577745,1.0,1.0,1.0
0.1645722333350932,0.9996935545519217,0.00030467843062466593,1.0,1.0,1.0
0.164674240498897,1.000545756743424,0.0003054659504887097,1.0,1.0,1.0
0.16488155188667442,1.001056201751325,0.0003134109929571159,1.0,1.0,1.0
0.16488811580302354,0.9997973110090479,0.0003051806897306215,1.0,1.0,1.0
0.16490074033222868,1.0011449184667478,0.0003191638243797328,1.0,1.0,1.0
0.1650490342479145,1.0009595382971193,0.0003055390405508109,1.0,1.0,1.0
0.1652180347598744,1.001452933491652,0.0003180939286717218,1.0,1.0,1.0
0.1652395983950612,1.0014529141303736,0.0003192941424869514,1.0,1.0,1.0
0.1653597914379077,1.0005528507746917,0.0003056756104020064,1.0,1.0,1.0
0.16553670465296477,1.0011261848529762,0.000319842576155982,1.0,1.0,1.0
0.1655810098549111,1.001705899212251,0.0003148855216211751,1.0,1.0,1.0
0.16562595563388527,1.0000630522524867,0.0003054523478376692,1.0,1.0,1.0
0.16587020040009293,0.9988258401480707,0.0003052036225822558,1.0,1.0,1.0
0.16606984742699638,1.0008901791365905,0.0003208179387634292,1.0,1.0,1.0
0.16607403300160684,1.0015551819862658,0.0003194220604792006,1.0,1.0,1.0
0.16607564410865905,1.0020574506916626,0.000318131228566293,1.0,1.0,1.0
0.16611768802266624,0.9997398005192635,0.00030495344777842963,1.0,1.0,1.0
0.16624984734532688,1.0009871457475812,0.000318420398014141,1.0,1.0,1.0
0.16639717320180125,0.9997773454523727,0.00030492602696663,1.0,1.0,1.0
0.16652044281192957,1.0011619870669473,0.0003055875125793124,1.0,1.0,1.0
0.16672474356238354,0.9999167209723154,0.00030517590187914583,1.0,1.0,1.0
0.16688167730913506,1.0015037373746492,0.0003057621618908815,1.0,1.0,1.0
0.16691461575362965,1.0019554198686063,0.00031354730059932176,1.0,1.0,1.0
0.1671747372541148,1.0001070595666834,0.0003192044340732851,1.0,1.0,1.0
0.16718241712945314,1.00146306373586,0.00030567454292934073,1.0,1.0,1.0
0.167189376434564,1.0011681442823765,0.00031817622758050716,1.0,1.0,1.0
0.16741420773689697,1.0011824815524402,0.00031983316888563123,1.0,1.0,1.0
0.16744252420991756,0.9987796690948413,0.0003051084279451241,1.0,1.0,1.0
0.1675955453050335,1.0017618141135687,0.0003145688179485999,1.0,1.0,1.0
0.16768563824854255,0.9999938539086255,0.00030518304763707234,1.0,1.0,1.0
0.16792908316310218,1.000443275018114,0.0003207900460366608,1.0,1.0,1.0
0.16793644760588222,0.9995027658827775,0.00030497201888580794,1.0,1.0,1.0
0.1679881662984144,1.0013552446866796,0.00031939652406342395,1.0,1.0,1.0
0.16806199407959355,1.0010008473075995,0.00031801563394097653,1.0,1.0,1.0
0.16820153085375011,1.0007380670736337,0.0003197243242789707,1.0,1.0,1.0
0.1682239721856149,0.9997932080092222,0.00030498068274657976,1.0,1.0,1.0
0.1682901286929237,1.001481609579683,0.00031424148067695846,1.0,1.0,1.0
0.16836302870063946,1.0006070320981435,0.00030573576657809117,1.0,1.0,1.0
0.16856389478374467,0.9998277719607722,0.00030520175209582025,1.0,1.0,1.0
0.16869176892004134,1.0008402196557924,0.0003195259510518844,1.0,1.0,1.0
0.1687120140809668,1.0011536195860455,0.00030575009485205,1.0,1.0,1.0
0.1688716124734313,1.0005453835177103,0.0003164709374399441,1.0,1.0,1.0
0.16894625428405874,1.00159215534506,0.00031342665130021895,1.0,1.0,1.0
0.16900346678667688,1.000068896887739,0.0003055663875126995,1.0,1.0,1.0
0.16915712941633387,1.002646102931964,0.0003184967910226904,1.0,1.0,1.0
0.16925861390902242,0.9998103756293468,0.00030533418675187025,1.0,1.0,1.0
0.1692881408642961,1.0017485679954627,0.00031975268031072195,1.0,1.0,1.0
0.16950105860095732,0.998822024003421,0.0003049524035900614,1.0,1.0,1.0
0.16989839403761664,1.0012850498668013,0.0003194843620159707,1.0,1.0,1.0
0.1700526487606453,0.9989812078240315,0.0003049529066412586,1.0,1.0,1.0
0.1701495422631325,1.0013139011786438,0.00031963007252733695,1.0,1.0,1.0
0.1703121483699057,1.0016455669042943,0.00031395200392127264,1.0,1.0,1.0
0.17040612417696366,0.9993501745104221,0.00030515894006866043,1.0,1.0,1.0
0.17054045067300194,1.0005318717222695,0.0003057713832009191,1.0,1.0,1.0
0.17058153338317084,1.001176017938663,0.0003199059269145593,1.0,1.0,1.0
0.17086852226153582,1.0012196570830514,0.000317942826071859,1.0,1.0,1.0
0.17097634436036557,1.0018925006179453,0.0003135578323825895,1.0,1.0,1.0
0.1710323226360515,1.0006946877410658,0.0003191881213857214,1.0,1.0,1.0
0.17107438631990135,1.0003434431506288,0.00030528072342030137,1.0,1.0,1.0
0.1711212427498907,1.0016294932476755,0.0003183581271840692,1.0,1.0,1.0
0.1711587036210176,1.0009768473629181,0.0003212880077905464,1.0,1.0,1.0
0.17131718363498294,0.9995764880168976,0.0003049978393157345,1.0,1.0,1.0
0.17158147274057,0.9995305781751627,0.0003041529788593699,1.0,1.0,1.0
0.17160930185977374,1.0023414037564329,0.00031296994381897585,1.0,1.0,1.0
0.17163792788596766,1.0016502513659318,0.00032092929010818174,1.0,1.0,1.0
0.171804869014494,1.001418924349809,0.0003193312882519289,1.0,1.0,1.0
0.17188377395302723,0.9996490997068616,0.00030513680943239916,1.0,1.0,1.0
0.1720240890272322,1.0015288404253109,0.000313983019508938,1.0,1.0,1.0
0.17204180163022897,1.000501051869824,0.00030576525969710307,1.0,1.0,1.0
0.1724677006221782,1.0011617887346922,0.000319995098739517,1.0,1.0,1.0
0.1726419867865161,0.9994754921682166,0.00030554751373198293,1.0,1.0,1.0
0.17286235032815966,1.001940516720416,0.0003183889917563322,1.0,1.0,1.0
0.17288958868286386,0.9997318948244209,0.00030517831690273655,1.0,1.0,1.0
0.17295572416989557,1.0017054244077446,0.0003194331266144279,1.0,1.0,1.0
0.17300476499271156,1.001647126761402,0.00031394020530842973,1.0,1.0,1.0
0.1730256836748083,1.0006497130059853,0.0003210257779139378,1.0,1.0,1.0
0.17308180952220198,1.0014341676740355,0.00031838340578939074,1.0,1.0,1.0
0.1731339042802631,0.9999786704930147,0.0003048167402815126,1.0,1.0,1.0
0.1734041878182211,0.9989398021263256,0.00030455136827865905,1.0,1.0,1.0
0.17349811878429477,1.0001401363458682,0.00030546844937371753,1.0,1.0,1.0
0.17364406761145368,1.0023558741107785,0.00031316949372343006,1.0,1.0,1.0
0.173707332751718,1.000789329809863,0.0003191766468487767,1.0,1.0,1.0
0.17371625171455207,0.9999992806465055,0.00030502156533412803,1.0,1.0,1.0
0.1738773823303461,1.0011857168720966,0.0003058767032255625,1.0,1.0,1.0
0.17400025899107163,1.0022379780190378,0.00031804927034428037,1.0,1.0,1.0
0.17403388440952483,1.0013127545339415,0.0003194446545509335,1.0,1.0,1.0
0.17419160427880342,1.0004184860179997,0.00030565460176923843,1.0,1.0,1.0
0.17434944651861883,1.0017754500872718,0.0003148366317149706,1.0,1.0,1.0
0.17434989873299855,1.000943834798597,0.00031984099585318404,1.0,1.0,1.0
0.17445976159027055,0.9996019578551157,0.0003054958657396955,1.0,1.0,1.0
0.17470493981755908,0.9998694303901621,0.00030531378315042123,1.0,1.0,1.0
0.17485315685559755,1.0014039033073667,0.00031841068646946134,1.0,1.0,1.0
0.17495124978086096,0.9999010459269309,0.0003049748849116432,1.0,1.0,1.0
0.17503125898441496,1.0017446743144218,0.0003139890944384674,1.0,1.0,1.0
0.17503864854093365,1.0009272994750738,0.00031846063683515136,1.0,1.0,1.0
0.1752284102771,0.9997669872132495,0.00030469646430240265,1.0,1.0,1.0
0.1753451241197297,1.000979691123036,0.00030552880524929217,1.0,1.0,1.0
0.17555203175851375,0.9998013217736119,0.00030513474624281633,1.0,1.0,1.0
0.17560608632211938,1.0011502320119003,0.00031908396044213225,1.0,1.0,1.0
0.1756774362622764,1.00133976438172,0.00031338764220200424,1.0,1.0,1.0
0.17571076887702475,1.0011229656049079,0.0003057525499524244,1.0,1.0,1.0
0.17597017092748501,1.0015329401784705,0.0003196159914297262,1.0,1.0,1.0
0.1759729125654701,1.0014817813230141,0.0003182833053080813,1.0,1.0,1.0
0.17601459784077633,1.0002736467642768,0.00030562981189327453,1.0,1.0,1.0
0.17622873147487894,1.0005048759568036,0.00031989071415139723,1.0,1.0,1.0
0.176276707717534,0.9998913263475295,0.00030540315349886807,1.0,1.0,1.0
0.1763645124866926,1.0021884686975833,0.00031473312482314773,1.0,1.0,1.0
0.17652005143312977,0.999347269145003,0.00030515457413431705,1.0,1.0,1.0
0.1767495980157321,1.0011911672305749,0.000321039660508466,1.0,1.0,1.0
0.17676966516120274,0.9994534221814161,0.000304991744895968,1.0,1.0,1.0
0.17679049142104475,1.0013825521869677,0.0003193950183797414,1.0,1.0,1.0
0.17684045215671063,1.0017033071525576,0.0003180444011398275,1.0,1.0,1.0
0.1769915831314819,1.001788041423107,0.00031860222237299575,1.0,1.0,1.0
0.17705457785086764,0.9996307072404926,0.0003049347189009185,1.0,1.0,1.0
0.17705598752080576,1.0010534891891736,0.0003142152652166546,1.0,1.0,1.0
0.17718861840029376,1.0003604003577402,0.00030562671515655635,1.0,1.0,1.0
0.17739028847387317,0.9996423167610495,0.00030519446744291993,1.0,1.0,1.0
0.1775008806064875,1.0015563125439024,0.00031922299020606826,1.0,1.0,1.0
0.17754180734553415,1.0003517032847198,0.00030576825097059716,1.0,1.0,1.0
0.1777095591554243,1.0011923998090382,0.00031326898023437046,1.0,1.0,1.0
0.17783624448071578,0.9999647785194266,0.0003055719613107706,1.0,1.0,1.0
0.17790269597040265,1.000753975206929,0.0003192174909212445,1.0,1.0,1.0
0.17794185597310275,1.0018385349395962,0.0003182871767255774,1.0,1.0,1.0
0.17809298360060666,0.9998007460237683,0.00030522074507671683,1.0,1.0,1.0
0.1781036980277122,1.0007595395871967,0.00031973161162359955,1.0,1.0,1.0
0.1783772371531711,1.002882380027664,0.0003149623250415311,1.0,1.0,1.0
0.1786065482761785,1.000585910687831,0.00032094308791135226,1.0,1.0,1.0
0.17870214594888978,1.0015299287235047,0.00031943140344384307,1.0,1.0,1.0
0.17882458070661755,1.0012717978457382,0.0003177908777155877,1.0,1.0,1.0
0.17888270993131528,0.9996127411374076,0.0003049612598485649,1.0,1.0,1.0
0.17894071768513697,1.0009023271542279,0.0003196459085026022,1.0,1.0,1.0
0.17903023007775687,1.000969126459099,0.0003058707570479948,1.0,1.0,1.0
0.17907869809432952,1.001161204006738,0.00031411139978273947,1.0,1.0,1.0
0.17923143925446539,0.9999381827650057,0.000305087054430726,1.0,1.0,1.0
0.17937090255469457,1.0005922960400246,0.00030566543521187614,1.0,1.0,1.0
0.17939188776171022,1.0013749327165178,0.00032000959353752133,1.0,1.0,1.0
0.17964346556268396,1.0008103170876035,0.0003175347237256671,1.0,1.0,1.0
0.17965655241718537,0.9995759612698891,0.0003056230627913906,1.0,1.0,1.0
0.17974017394120168,1.0013821413589932,0.0003134805519200349,1.0,1.0,1.0
0.1798303401251502,1.0013541711237084,0.0003192917662027966,1.0,1.0,1.0
0.179907176502482,1.0010652888438478,0.0003182940965917385,1.0,1.0,1.0
0.17990861144485848,0.9993701130412289,0.00030530677019907306,1.0,1.0,1.0
0.1799754124770061,1.0002674988105953,0.00031975868969068614,1.0,1.0,1.0
0.18015147145320043,1.000218408588743,0.00030507257403041536,1.0,1.0,1.0
0.18037115429845696,1.0025742502452883,0.0003131042948296406,1.0,1.0,1.0
0.1803872449029882,1.0013625653245597,0.00031495295660665496,1.0,1.0,1.0
0.18041383736698435,0.9997930335792992,0.0003036546092320427,1.0,1.0,1.0
0.1806099039545188,1.0013513289464635,0.0003194235127773826,1.0,1.0,1.0
0.1807128241657665,0.9994401242109112,0.0003050940328209534,1.0,1.0,1.0
0.1808690983777126,1.0006208396878657,0.00030576306283909983,1.0,1.0,1.0
0.18088602186874425,1.0011387252826187,0.0003196433676873282,1.0,1.0,1.0
0.18107534318414764,0.9995562601994665,0.0003050647511107937,1.0,1.0,1.0
0.1811979091210958,1.0004618495310447,0.00030573195071873324,1.0,1.0,1.0
0.18127928349431954,1.0017745747794555,0.0003201056401152208,1.0,1.0,1.0
0.18147567140010779,0.999929106228911,0.00030543522045119767,1.0,1.0,1.0
0.18163832011684633,1.0029587415863594,0.00031836656718604135,1.0,1.0,1.0
0.1817241695873406,1.0000300677387037,0.00030527876672339097,1.0,1.0,1.0
0.1817550359820217,1.0005860645636053,0.00031928701005471224,1.0,1.0,1.0
0.1818435226028896,1.001329456528425,0.00032121257747938443,1.0,1.0,1.0
0.1818688263950179,1.001469336477809,0.00031843778729196776,1.0,1.0,1.0
0.18196797681159183,1.0000038341194692,0.00030483513897243175,1.0,1.0,1.0
0.18223604460592924,1.0000805449341332,0.00030456671266948575,1.0,1.0,1.0
0.18240630744350295,1.0013736003933376,0.00031313204117960387,1.0,1.0,1.0
0.1825135053471456,1.0012208169890626,0.0003194391433793318,1.0,1.0,1.0
0.18254534996827942,0.9994889990771568,0.0003051177634439439,1.0,1.0,1.0
0.18270561471709357,1.0006811005649412,0.0003056302668484562,1.0,1.0,1.0
0.1827820995398639,1.0011850546987635,0.0003178704022577868,1.0,1.0,1.0
0.18282760878631166,1.001398545409946,0.00031962875025872914,1.0,1.0,1.0
0.18302323930561215,1.0006714316268366,0.0003057772116349267,1.0,1.0,1.0
0.1831174851501558,1.0020670292835672,0.0003146362781460015,1.0,1.0,1.0
0.18316283417431123,1.0015408847791138,0.00032008234270445364,1.0,1.0,1.0
0.1835394061658917,0.9991420960870012,0.00030523353049078674,1.0,1.0,1.0
0.18363017861452136,1.0010518021385018,0.00031829678442358574,1.0,1.0,1.0
0.18367567250781747,1.0012615788198969,0.00031956548717904044,1.0,1.0,1.0
0.18370809617104555,1.0015505516128644,0.0003210776445697849,1.0,1.0,1.0
0.18378519024997786,1.0001733276961344,0.0003049582739548059,1.0,1.0,1.0
0.18379625639248331,1.001940403108159,0.0003139942996518033,1.0,1.0,1.0
0.18382690068388285,1.000391956598815,0.0003183963055861138,1.0,1.0,1.0
0.1840598443063186,0.9994708954229062,0.00030465058188769477,1.0,1.0,1.0
0.18416963683034737,1.0013364255077215,0.00030567813052408425,1.0,1.0,1.0
0.18441352676964584,1.001407794546214,0.0003193022635678249,1.0,1.0,1.0
0.18444024419596783,1.0017974788006239,0.0003134127351640822,1.0,1.0,1.0
0.184539619382889,1.0004047713621709,0.00030568725160068523,1.0,1.0,1.0
0.1847559206188123,1.0009794278359911,0.0003182091009929379,1.0,1.0,1.0
0.18476517930109537,1.0005268943619599,0.00031923204555963936,1.0,1.0,1.0
0.18484675514676496,1.000173350143487,0.0003056768550294868,1.0,1.0,1.0
0.18504272517893128,1.000840862027574,0.0003199455841990678,1.0,1.0,1.0
0.18511081812499697,0.9994410799672059,0.0003054285835241393,1.0,1.0,1.0
0.1851333475254222,1.0021141074040094,0.0003148366012812919,1.0,1.0,1.0
0.18535462556104676,1.0001534136664025,0.00030529249529011613,1.0,1.0,1.0
0.18559239025566399,1.001631611668696,0.0003193931792632396,1.0,1.0,1.0
0.1856032796393947,0.9999832279158436,0.00030500725972930413,1.0,1.0,1.0
0.18561854977525627,1.0019181388870557,0.00031817118416842683,1.0,1.0,1.0
0.18578108280692618,1.0016579887598092,0.00031857598296305815,1.0,1.0,1.0
0.18582148768511075,1.001792167573491,0.00031426342774222685,1.0,1.0,1.0
0.18588525915748733,0.999742108426875,0.00030502714727255876,1.0,1.0,1.0
0.18601474343813607,1.00073280309772,0.00030555273983283817,1.0,1.0,1.0
0.18630957955807048,1.0003409069927072,0.00031830547820455577,1.0,1.0,1.0
0.18637151202071323,1.0016638440804155,0.0003059034800718924,1.0,1.0,1.0
0.1864726994632644,1.0013760997160013,0.00031364358749677194,1.0,1.0,1.0
0.18666887630726592,1.000660924517545,0.0003056266318566821,1.0,1.0,1.0
0.18669899382665278,1.0015245110829103,0.0003194494233278353,1.0,1.0,1.0
0.18672604927910186,1.0012595608675154,0.0003182935449356238,1.0,1.0,1.0
0.18691900912739356,1.0020081051351093,0.00031996177844832984,1.0,1.0,1.0
0.1869272977990306,1.0002428601550486,0.0003053225602496749,1.0,1.0,1.0
0.18714690215919205,1.0017932539154686,0.0003146620714690426,1.0,1.0,1.0
0.1871699942018381,1.0004119043040076,0.00030520611805874256,1.0,1.0,1.0
0.18750533426613458,1.0011148946234445,0.00031947070507296993,1.0,1.0,1.0
0.1876037770960295,1.0010752687219993,0.00031784645821808147,1.0,1.0,1.0
0.18771272545097872,1.0001640349302083,0.00030489022782780007,1.0,1.0,1.0
0.18773147554196612,1.0012596788899553,0.0003197065012610065,1.0,1.0,1.0
0.1878450154795459,1.0015926515130882,0.00031438490522009004,1.0,1.0,1.0
0.18785640771463363,1.0003828348260253,0.00030572471000498856,1.0,1.0,1.0
0.1880570696941959,0.9998356611676138,0.00030519999729508026,1.0,1.0,1.0
0.18820114177142955,1.0010964692528463,0.0003057846502455786,1.0,1.0,1.0
0.18841807615689277,1.001553309848725,0.0003173480710330318,1.0,1.0,1.0
0.18848947112820724,1.0003822562738234,0.0003057265430083481,1.0,1.0,1.0
0.1885038257180014,1.0022162188867185,0.00031335886656770986,1.0,1.0,1.0
0.1886925715084402,1.0017111370356966,0.00031848929854571,1.0,1.0,1.0
0.18879160517488458,1.0006865164323884,0.00031969317613315566,1.0,1.0,1.0
0.1889858180722115,1.0001807005456074,0.0003050793331399052,1.0,1.0,1.0
0.18915777181286586,1.0016140043698771,0.0003150026630874999,1.0,1.0,1.0
0.1892463578340653,0.9999359387469454,0.00030387842016808185,1.0,1.0,1.0
0.18928260677901676,1.0011571829416168,0.0003210369915064046,1.0,1.0,1.0
0.18941423863989826,1.001553544626145,0.00031935309246735406,1.0,1.0,1.0
0.1895422608138233,1.0001980713478968,0.0003051694370691028,1.0,1.0,1.0
0.18967804758773354,1.0014407753904706,0.0003197232051576739,1.0,1.0,1.0
0.18969626232680525,1.001196346098942,0.0003058471676520355,1.0,1.0,1.0
0.18986631216207783,1.0017293263764195,0.00031442824298767973,1.0,1.0,1.0
0.19002891603534522,1.000473877704907,0.00030566275275305363,1.0,1.0,1.0
0.19009046266697283,1.000988605366144,0.00032001669141653476,1.0,1.0,1.0
0.19041394816319013,1.0019750729248555,0.00031813455412089286,1.0,1.0,1.0
0.19053336221386807,1.0016027037626014,0.0003138585971008328,1.0,1.0,1.0
0.19055392021537898,1.0013547226245754,0.000319485768771592,1.0,1.0,1.0
0.19065543828767773,1.0010183243660695,0.00031835856908715026,1.0,1.0,1.0
0.19066099074626663,1.0015045948727046,0.00032120223377582946,1.0,1.0,1.0
0.19080198796061154,1.000184567638558,0.0003051369507846355,1.0,1.0,1.0
0.19106807502282663,0.9997091221352612,0.0003044344103709259,1.0,1.0,1.0
0.19131939605983916,1.002180544490658,0.000319338520597039,1.0,1.0,1.0
0.19137388085647444,1.0004995889696608,0.0003050981369967746,1.0,1.0,1.0
0.19153344971709885,1.0006322023806176,0.0003057090628106653,1.0,1.0,1.0
0.1915635589777338,1.0024406438831261,0.0003168475181218323,1.0,1.0,1.0
0.19162091010203142,1.0007297130447048,0.00031949616136207513,1.0,1.0,1.0
0.19174633442321465,0.9998697576431462,0.0003051283277124291,1.0,1.0,1.0
0.19185469169804037,1.001018938609495,0.0003056900694330028,1.0,1.0,1.0
0.19188526852117604,1.001564846936358,0.00031466830625460305,1.0,1.0,1.0
0.19197523183706267,1.0011474105496385,0.0003199162239896504,1.0,1.0,1.0
0.19212751273514073,0.9992068843038168,0.0003053821347459835,1.0,1.0,1.0
0.19240684993854984,1.0012906075083872,0.00031866897575162287,1.0,1.0,1.0
0.19247585139697776,1.0011344819253625,0.00031941092530810017,1.0,1.0,1.0
0.19252681717134124,1.0003695333510874,0.0003209977442343057,1.0,1.0,1.0
0.1925611887677583,1.0015207238984791,0.0003138075913177971,1.0,1.0,1.0
0.1926147436415988,1.001238061776523,0.0003184307170461126,1.0,1.0,1.0
0.19261894905275767,1.0003795747965354,0.00030492298534302414,1.0,1.0,1.0
0.19289146954133685,1.000149885923953,0.00030462743084708253,1.0,1.0,1.0
0.19299370018038076,1.0004688108334603,0.00030539556614981976,1.0,1.0,1.0
0.1932027671813472,1.0018751803905,0.00031350677551707527,1.0,1.0,1.0
0.19320745843759823,1.0008407353820234,0.00030523136312788143,1.0,1.0,1.0
0.19322068858156172,1.0005862500742595,0.0003190965315623321,1.0,1.0,1.0
0.19336836324870887,1.0003877345065153,0.0003056797560596378,1.0,1.0,1.0
0.19355976332288094,1.0017105458705204,0.0003195095053000535,1.0,1.0,1.0
0.19367888390445387,1.000790371841276,0.0003056349431333041,1.0,1.0,1.0
0.1938564644493681,1.0009074426173865,0.00031983555289029033,1.0,1.0,1.0
0.19390191600935935,1.0022314811132458,0.0003148574707149796,1.0,1.0,1.0
0.19394484980540483,0.9994995891107075,0.0003053164606502211,1.0,1.0,1.0
0.19418921589419824,0.9997469761754109,0.0003052773374912967,1.0,1.0,1.0
0.1943894329589284,1.0004534936827834,0.00032080758899215555,1.0,1.0,1.0
0.1943940014192549,1.0018355438999105,0.0003194143055305585,1.0,1.0,1.0
0.19439628953696086,1.0017685630009476,0.0003181625014971762,1.0,1.0,1.0
0.1944367306734307,0.999273408405634,0.00030488127450421223,1.0,1.0,1.0
0.19457016910210712,1.0014682760718903,0.00031843262495199836,1.0,1.0,1.0
0.19458704898972456,1.0020827420177445,0.00031428166938918023,1.0,1.0,1.0
0.1947164262284673,0.9999445568379791,0.0003048852077477495,1.0,1.0,1.0
0.1948398757099028,1.0015041500906974,0.00030565157534077973,1.0,1.0,1.0
0.19504397212483582,0.9996479902087178,0.00030517136573688573,1.0,1.0,1.0
0.19520084657671077,1.0006496601583823,0.00030578123217488536,1.0,1.0,1.0
0.1952358183019136,1.0017372536967208,0.0003135473186548182,1.0,1.0,1.0
0.19549472679810265,1.0017817463224157,0.00031929023944125796,1.0,1.0,1.0
0.19550149539750805,0.999613251915686,0.00030559288144961863,1.0,1.0,1.0
0.195509849211831,1.001026783960361,0.0003182312983771275,1.0,1.0,1.0
0.19573379473101227,1.0010344186744962,0.0003197905537523344,1.0,1.0,1.0
0.195916289638852,1.0020252378912884,0.00031490994848803333,1.0,1.0,1.0
0.1960046553662096,0.9996378718751281,0.0003051991845392997,1.0,1.0,1.0
0.19624849976506198,1.0004942799523433,0.00032083104232839707,1.0,1.0,1.0
0.19625536176420155,0.9994837218965141,0.00030498674472970584,1.0,1.0,1.0
0.19630809760633383,1.0009494118435496,0.00031932561699505235,1.0,1.0,1.0
0.19638260820664755,1.0013276796746753,0.00031797689722394914,1.0,1.0,1.0
0.19652181679157366,1.0018429393860342,0.00031980658179312394,1.0,1.0,1.0
0.19654310490818716,0.999630729495508,0.00030504339879428754,1.0,1.0,1.0
0.19661096627503127,1.0013240427106906,0.0003142315542643882,1.0,1.0,1.0
0.1966822975190894,1.0008874458523687,0.00030574734734392216,1.0,1.0,1.0
0.1968832876777924,0.9997621385760154,0.0003052050816343274,1.0,1.0,1.0
0.19701150661194333,1.0010113645170013,0.0003193906710908778,1.0,1.0,1.0
0.19719235600051377,1.0013168847536857,0.00031655069263359997,1.0,1.0,1.0
0.19726730419838923,1.0016619629976722,0.00031351273704838343,1.0,1.0,1.0
0.19732253214698403,0.999728904870756,0.00030551685988136737,1.0,1.0,1.0
0.1974259246032659,1.0022296924232335,0.00031939294543297973,1.0,1.0,1.0
0.19747756767550584,1.0019830940332306,0.00031847975030890034,1.0,1.0,1.0
0.1975777738084048,1.000076322748527,0.0003053177898018939,1.0,1.0,1.0
0.19760769462098438,1.0015281463099406,0.00031985698653219527,1.0,1.0,1.0
0.19782021762301838,0.9995098300485704,0.0003050163722854035,1.0,1.0,1.0
0.1979281494871472,1.00149617015846,0.00031489434369007523,1.0,1.0,1.0
0.19837193983488532,0.9995764412165873,0.0003049945584468586,1.0,1.0,1.0
0.1984696534725856,1.0011730163665584,0.0003196222147697727,1.0,1.0,1.0
0.1986329659551096,1.0018133165522467,0.0003141992247578022,1.0,1.0,1.0
0.19872526697355397,0.9991704919760146,0.0003052146817793201,1.0,1.0,1.0
0.1988595815400629,1.0001396220743224,0.0003057021176302178,1.0,1.0,1.0
0.19890123557880202,1.000602387651816,0.00031990915386864455,1.0,1.0,1.0
0.19918923706891434,1.0019690614202217,0.0003179519159160631,1.0,1.0,1.0
0.19929737911819245,1.0015231534556477,0.0003134488619527003,1.0,1.0,1.0
0.1993523772128185,1.0009813218016532,0.00031924504487047627,1.0,1.0,1.0
0.19939326539540048,0.9993535839663027,0.00030527617676757095,1.0,1.0,1.0
0.19944178540036717,1.0012725732013454,0.0003182888261883443,1.0,1.0,1.0
0.19947808586618976,1.000841881595562,0.0003213074760047607,1.0,1.0,1.0
0.19963634749743164,0.9993963667582118,0.00030495917114419,1.0,1.0,1.0
0.19990055039352228,1.0000363514135713,0.0003042023662735951,1.0,1.0,1.0
0.19993039405701785,1.001211364623246,0.00031291316249989484,1.0,1.0,1.0
0.19995742435449415,1.0009315263137903,0.0003209140061146445,1.0,1.0,1.0
0.20012472674832793,1.0006641029513361,0.00031928797097063107,1.0,1.0,1.0
0.20020294764753999,1.0006509950358584,0.00030522449352974175,1.0,1.0,1.0
0.20034463893830434,1.001415785933657,0.0003138956988094481,1.0,1.0,1.0
0.20041378934492116,1.0009060742947633,0.0003195925620966204,1.0,1.0,1.0
0.20057032170842604,1.0001050941418557,0.000305064824932309,1.0,1.0,1.0
0.20065293847556376,1.0015209602788708,0.00031444460257451805,1.0,1.0,1.0
0.20096116927442154,1.0004746361833161,0.0003055567656433906,1.0,1.0,1.0
0.20118303577043406,1.0013414931379203,0.00031837051755391254,1.0,1.0,1.0
0.20120860442909816,0.9998674065346147,0.000305227602990303,1.0,1.0,1.0
0.2012756030401448,1.0012472972922428,0.00031945486309014714,1.0,1.0,1.0
0.201325783454525,1.0013846889398703,0.0003139440450488948,1.0,1.0,1.0
0.2013450339733538,1.0019438350057361,0.00032103519844585096,1.0,1.0,1.0
0.20140217840230434,1.000931508615144,0.00031832799602553937,1.0,1.0,1.0
0.2014529359191215,0.9996646552363321,0.0003049028731178648,1.0,1.0,1.0
0.2017231416476193,1.000412643334483,0.0003046522740615684,1.0,1.0,1.0
0.2018173099950218,1.0007049819004614,0.000305452485677355,1.0,1.0,1.0
0.201965148353084,1.0019840906375705,0.0003132352005720232,1.0,1.0,1.0
0.20202729293060884,1.0005678732187244,0.00031919027526844173,1.0,1.0,1.0
0.2020354480076776,0.9996609825045765,0.00030499122298151125,1.0,1.0,1.0
0.20219657983358275,1.001088474052515,0.0003057858284505604,1.0,1.0,1.0
0.20232077598741682,1.0017742377209602,0.0003180504673773552,1.0,1.0,1.0
0.20235406160978187,1.0010996825143232,0.0003194354605570158,1.0,1.0,1.0
0.20266966982367762,1.0006092112923577,0.0003197581653841121,1.0,1.0,1.0
0.20267022118560618,1.0016291588333006,0.0003148247369975632,1.0,1.0,1.0
0.20277879693003342,0.9996363618505386,0.0003055053790440459,1.0,1.0,1.0
0.2030238165636149,1.0003809343857393,0.00030533643185625916,1.0,1.0,1.0
0.20319504672997368,1.0018703055146128,0.00031940858944778233,1.0,1.0,1.0
0.2032704280334201,0.9996743458740719,0.000305008564178037,1.0,1.0,1.0
0.20335226002078954,1.0015573604399979,0.00031379377788582567,1.0,1.0,1.0
0.20335884365066192,1.00090565400321,0.000318417859289957,1.0,1.0,1.0
0.20354751899935764,1.0001409977523517,0.00030473900794694204,1.0,1.0,1.0
0.20366442714370692,1.0009863514210458,0.000305411700525957,1.0,1.0,1.0
0.2038712520821946,0.999921144320926,0.00030511652320021495,1.0,1.0,1.0
0.20392573285317894,1.0010377912991868,0.00031910219495805223,1.0,1.0,1.0
0.20399864317700622,1.00149780576737,0.00031331876894748916,1.0,1.0,1.0
0.20402980632437107,1.0002180560056737,0.0003056156978260088,1.0,1.0,1.0
0.2042932577276133,1.0016489800083794,0.0003183208983225623,1.0,1.0,1.0
0.20433381921324667,1.0007921934008654,0.000305653634681327,1.0,1.0,1.0
0.20454832975318027,1.0014826293388996,0.0003198909456407533,1.0,1.0,1.0
0.20459573595803704,1.000245661639273,0.0003052807203952045,1.0,1.0,1.0
0.20468540283924597,1.0017598855378054,0.00031456104643278897,1.0,1.0,1.0
0.20483892922794666,0.9995667963695513,0.0003052250909763802,1.0,1.0,1.0
0.20506902463125698,1.001531457085835,0.00032094297154508045,1.0,1.0,1.0
0.20508885298363566,0.999884834876757,0.00030493190025307514,1.0,1.0,1.0
0.2051610765998504,1.001542859456158,0.00031806124284581617,1.0,1.0,1.0
0.20531188101904263,1.0006672744891547,0.00031842870622311785,1.0,1.0,1.0
0.20537370435147295,0.9999245625436254,0.0003048112171619581,1.0,1.0,1.0
0.2055078952760141,1.0014763570289136,0.0003057171615014026,1.0,1.0,1.0
0.205709534048367,0.9997874196134812,0.00030513658587013264,1.0,1.0,1.0
0.2058206299052756,1.0008381728091267,0.000319237816966776,1.0,1.0,1.0
0.2058609632112507,1.0006714962363958,0.00030574327680110664,1.0,1.0,1.0
0.20603075235568546,1.0016173394429675,0.00031335608426541977,1.0,1.0,1.0
0.2061553140259491,0.999795067412668,0.00030552229622691303,1.0,1.0,1.0
0.2062227995965742,1.0009052713910618,0.00031924768053866794,1.0,1.0,1.0
0.20626216725243296,1.0015787046529427,0.00031824729824300616,1.0,1.0,1.0
0.20641200636541157,0.99954156025845,0.00030516377578589614,1.0,1.0,1.0
0.20642326275600453,1.0015581907828939,0.0003197003664672842,1.0,1.0,1.0
0.20669810362641527,1.0018858323759703,0.00031458499674480564,1.0,1.0,1.0
0.2069259448812204,1.000910955065162,0.00032097480840772674,1.0,1.0,1.0
0.20702205239932425,1.001195520799279,0.00031951281351456424,1.0,1.0,1.0
0.20714531212261988,1.001515014097931,0.00031783678864841784,1.0,1.0,1.0
0.20720171712616775,0.99935603783777,0.00030491546497477684,1.0,1.0,1.0
0.20726084083425178,1.000999664803919,0.00031955976863512264,1.0,1.0,1.0
0.20734934318662113,1.0008389748157585,0.0003058627929868195,1.0,1.0,1.0
0.20739952245609672,1.001338351509695,0.00031426696234296677,1.0,1.0,1.0
0.20755071154189864,0.9998610802141716,0.00030503579005686194,1.0,1.0,1.0
0.2076899007847146,1.0004267643746494,0.00030570350562100773,1.0,1.0,1.0
0.20771160156422752,1.0020232424135638,0.00031990024886049707,1.0,1.0,1.0
0.20796419005085198,1.0018196601313312,0.0003176243362110031,1.0,1.0,1.0
0.20797560987151087,1.000838495699042,0.00030559020587928184,1.0,1.0,1.0
0.20815040663150342,1.0009128292963754,0.00031933820429622676,1.0,1.0,1.0
0.20822759185043083,1.0010867195712971,0.0003183677893413963,1.0,1.0,1.0
0.20822776869209747,0.9996141475477192,0.00030527049433249487,1.0,1.0,1.0
0.20829494428045336,1.001554687174675,0.0003197653962440427,1.0,1.0,1.0
0.20847049490373593,0.9995396262912676,0.00030498851582379325,1.0,1.0,1.0
0.20869224988398116,1.002559090215689,0.0003128408294589743,1.0,1.0,1.0
0.20870822511555787,1.001210722983026,0.00031492425677801493,1.0,1.0,1.0
0.20873291047195153,1.0000641773296786,0.000303722124665168,1.0,1.0,1.0
0.2087800086496543,1.0005037619501775,0.0003209724149141624,1.0,1.0,1.0
0.2089296350211498,1.001654707006552,0.0003193775857881074,1.0,1.0,1.0
0.2090319906904483,0.9998148828773683,0.00030509115634254867,1.0,1.0,1.0
0.2091883262040426,1.0005883071469386,0.00030570713270664424,1.0,1.0,1.0
0.20920624747300565,1.0009120119492285,0.0003195651227559181,1.0,1.0,1.0
0.2093947819813593,0.99999340662208,0.0003051354811387874,1.0,1.0,1.0
0.2095170282098593,1.0003570618083315,0.0003057195985351009,1.0,1.0,1.0
0.20959882352647696,1.0009955543343492,0.00032010285749434664,1.0,1.0,1.0
0.20979457993146866,0.9995246314066294,0.0003055131735959383,1.0,1.0,1.0
0.20995901522984184,1.0014741870117243,0.0003182586641299828,1.0,1.0,1.0
0.21007506570133216,1.000664874313672,0.0003192233519376123,1.0,1.0,1.0
0.21009018290173387,1.001399383338365,0.00031410475737098385,1.0,1.0,1.0
0.21016288322763899,1.0011714358463193,0.0003212362383346973,1.0,1.0,1.0
0.21018920689208187,1.0015532266275873,0.0003184345739205967,1.0,1.0,1.0
0.21028700615127605,0.9995774910475175,0.0003047726084328764,1.0,1.0,1.0
0.21055499339325934,1.0002007743367933,0.00030460177150264047,1.0,1.0,1.0
0.2107147006740604,1.0022640974175585,0.0003143915848746232,1.0,1.0,1.0
0.2107273922188,1.001440516730798,0.0003129362692699567,1.0,1.0,1.0
0.21086453867809496,0.9998430904097271,0.0003050681764323944,1.0,1.0,1.0
0.21102468104550098,1.0017009447086667,0.00030581486633151267,1.0,1.0,1.0
0.21110262782039513,1.0021494322346862,0.0003179392613724274,1.0,1.0,1.0
0.2113422033401946,1.0010467846508284,0.0003057508484835325,1.0,1.0,1.0
0.21143840582580253,1.0023798293719504,0.0003147414605896712,1.0,1.0,1.0
0.21148247795235875,1.0016347080936019,0.0003200258817352831,1.0,1.0,1.0
0.21161265387195272,0.9994826536396032,0.00030556892879085535,1.0,1.0,1.0
0.21185828283128672,0.9996177929610988,0.00030527857251078696,1.0,1.0,1.0
0.2119507054530203,1.0016741957631448,0.00031834819401904165,1.0,1.0,1.0
0.2119956651274748,1.002057429059599,0.0003195781363572709,1.0,1.0,1.0
0.21202770267802862,1.0013615002858374,0.00032103548757170713,1.0,1.0,1.0
0.2121042271325564,1.0002069596431276,0.00030498346054182765,1.0,1.0,1.0
0.2121174018240488,1.0017075915990057,0.00031404261025227384,1.0,1.0,1.0
0.21214710740049725,1.0015010728746605,0.00031850486039607,1.0,1.0,1.0
0.21237880886525318,0.9997406356768709,0.00030477919710790376,1.0,1.0,1.0
0.21248881029293898,1.001215477545645,0.00030561173262786296,1.0,1.0,1.0
0.21269867875412274,1.000577261577273,0.00030518648481756965,1.0,1.0,1.0
0.21273332415984214,1.0009538990352982,0.0003192531877768237,1.0,1.0,1.0
0.21276131687026467,1.0023919302327537,0.00031351502986746174,1.0,1.0,1.0
0.2128588025262843,1.0017873093053944,0.0003056880491259168,1.0,1.0,1.0
0.21307627674244145,1.001769936160697,0.00031825029687860347,1.0,1.0,1.0
0.21308533197665724,1.0008649120157098,0.0003192194557494256,1.0,1.0,1.0
0.21316584261157345,1.000363323753014,0.0003056678625495062,1.0,1.0,1.0
0.21336233476156963,1.0012691131833846,0.0003199815248107553,1.0,1.0,1.0
0.21342998723122264,1.0001907880885967,0.0003054875941858426,1.0,1.0,1.0
0.21345424561253168,1.0016266846545716,0.00031482486684920576,1.0,1.0,1.0
0.21367364138791345,1.000256585475901,0.0003053159154507418,1.0,1.0,1.0
0.21388905980020922,1.000624248500045,0.00032102448055653114,1.0,1.0,1.0
0.21392218696064447,1.0000341967976158,0.00030502810515464453,1.0,1.0,1.0
0.21393918455467542,1.0012044278834453,0.00031807618022158503,1.0,1.0,1.0
0.21410139262405892,1.00186429506935,0.0003185334561060006,1.0,1.0,1.0
0.21414261488450137,1.0016526238703853,0.00031417694832492726,1.0,1.0,1.0
0.21420451821450115,1.0000239355228835,0.00030495064070664574,1.0,1.0,1.0
0.21433402870388818,1.0007187294073618,0.0003056142204735908,1.0,1.0,1.0
0.21462934048392412,1.000076982940815,0.0003183978611330653,1.0,1.0,1.0
0.21469053591494003,1.0002443128962282,0.0003058109149985189,1.0,1.0,1.0
0.214988088654394,1.0002038173482375,0.0003055320825612737,1.0,1.0,1.0
0.21504637151993222,1.002174064592736,0.0003182952556639908,1.0,1.0,1.0
0.21523858482723313,1.0020084006994818,0.00031999570401273835,1.0,1.0,1.0
0.21524632217727913,1.000034541631162,0.0003053042405114576,1.0,1.0,1.0
0.2154677766896853,1.0014538510425828,0.0003144451168931956,1.0,1.0,1.0
0.21548915087430487,0.9997035216171956,0.00030512024585464657,1.0,1.0,1.0
0.21582525331170643,1.0020718066867291,0.000319551556158627,1.0,1.0,1.0
0.21592451917098288,1.002182287073197,0.00031790177947241906,1.0,1.0,1.0
0.2160320033451626,0.9999292799809076,0.00030490462392556583,1.0,1.0,1.0
0.21605161062065292,1.0019529137332335,0.0003197171611772351,1.0,1.0,1.0
0.2161658464464402,1.001464601635838,0.0003143258868639532,1.0,1.0,1.0
0.21617566749768002,1.000343840538645,0.0003057331037616207,1.0,1.0,1.0
0.21637647162367557,0.999989930571383,0.00030521554794676767,1.0,1.0,1.0
0.21652028473948803,1.0004784509662512,0.0003058186222874608,1.0,1.0,1.0
0.21652155838458498,1.0015425878951387,0.0003197279883694506,1.0,1.0,1.0
0.21673881000317152,1.0016969298812632,0.0003173100956191019,1.0,1.0,1.0
0.2168086710516377,1.0004839158148076,0.0003056993980781764,1.0,1.0,1.0
0.2168247320337926,1.0014411000763244,0.0003134392682987796,1.0,1.0,1.0
0.21694800881425635,1.000951328595755,0.00031924735370985995,1.0,1.0,1.0
0.21701313674743972,1.001897792382938,0.00031852821859134874,1.0,1.0,1.0
0.2170622343042794,0.999690945579547,0.00030532660388332385,1.0,1.0,1.0
0.2171112862341147,1.0007821720506975,0.00031968842534084034,1.0,1.0,1.0
0.21730497854639452,1.000222492240524,0.0003050783136561498,1.0,1.0,1.0
0.2174787607482358,1.0011321095959465,0.00031489538260865124,1.0,1.0,1.0
0.21756542655242583,0.9997494298841993,0.0003038738712824432,1.0,1.0,1.0
0.2176021226091791,1.0013662526429576,0.00032113378923742024,1.0,1.0,1.0
0.2177341205757557,1.000834664571289,0.0003193294479222264,1.0,1.0,1.0
0.21786155890663395,0.9995186598526741,0.0003050873493499937,1.0,1.0,1.0
0.2179984237183561,1.0016037519631016,0.0003197145550820752,1.0,1.0,1.0
0.2180153593110674,1.0012177846402495,0.0003057917762440956,1.0,1.0,1.0
0.21818712297072196,1.001516741750667,0.0003144594200427809,1.0,1.0,1.0
0.2182195720367872,1.0003584196643136,0.0003051341135739198,1.0,1.0,1.0
0.2183480407712466,1.0006487299463565,0.0003056210277431929,1.0,1.0,1.0
0.2187347915638611,1.001831298914077,0.000318173625738012,1.0,1.0,1.0
0.2188542530504627,1.0022695237283656,0.00031390788240249286,1.0,1.0,1.0
0.21887396220711253,1.0018790165370348,0.00031945329810277617,1.0,1.0,1.0
0.2188777471890262,0.9994638340525236,0.0003053104590066425,1.0,1.0,1.0
0.21897596898841698,1.0009792162571898,0.00031831881270631706,1.0,1.0,1.0
0.2189805006166523,1.0012141653795903,0.00032113946767320834,1.0,1.0,1.0
0.21912115379956276,0.99977499360686,0.0003049179919539952,1.0,1.0,1.0
0.21938729609274787,1.0001815310680129,0.0003044447393764451,1.0,1.0,1.0
0.21948950312477233,1.0013095713698175,0.0003128556949748863,1.0,1.0,1.0
0.21963910293453637,1.0014799543821158,0.0003192736122366643,1.0,1.0,1.0
0.2196932006503971,1.0011560964193265,0.0003052385216358573,1.0,1.0,1.0
0.21988423651401945,1.001805036497569,0.00031689259449936834,1.0,1.0,1.0
0.21994111150428353,1.0014945770624128,0.0003194654196591452,1.0,1.0,1.0
0.22006551538845542,1.0000058950560908,0.00030515545717526026,1.0,1.0,1.0
0.22017379965387818,1.0002613934400457,0.0003056348067530691,1.0,1.0,1.0
0.22020619630615812,1.0014663957073267,0.0003146305915076925,1.0,1.0,1.0
0.22029474864538656,1.0013426825396796,0.0003199988025170916,1.0,1.0,1.0
0.22044641497396356,1.0002795505369717,0.0003054881922691367,1.0,1.0,1.0
0.22069302458828588,0.9996155348142002,0.000305205138693475,1.0,1.0,1.0
0.22072738678053838,1.001754003615133,0.00031863872448751555,1.0,1.0,1.0
0.22079599487577184,1.001536055548028,0.00031946781566261155,1.0,1.0,1.0
0.22084629509510023,1.0009120683453663,0.00032105003958256457,1.0,1.0,1.0
0.22088206282429823,1.0016336071113034,0.0003142080267800955,1.0,1.0,1.0
0.2209349619852503,1.0023704635469202,0.00031856008969988956,1.0,1.0,1.0
0.220938121819529,1.000068586822571,0.0003047971413813846,1.0,1.0,1.0
0.22121056733237765,0.9995540273645641,0.00030451997466364895,1.0,1.0,1.0
0.22131288235570423,1.0007141362446994,0.000305476627600855,1.0,1.0,1.0
0.22152384405065728,1.001764971563628,0.00031343101504217386,1.0,1.0,1.0
0.2215265242012947,1.0002133213572566,0.000305142549849905,1.0,1.0,1.0
0.22154035899188784,1.0004323419474417,0.0003190753248827436,1.0,1.0,1.0
0.22168741473319642,1.0002230046799234,0.0003053655764794035,1.0,1.0,1.0
0.2218590468094277,1.0016524882256321,0.00031811926955874675,1.0,1.0,1.0
0.2218799279380903,1.00072003457607,0.00031928163538474247,1.0,1.0,1.0
0.22199797620967843,0.9994726699250477,0.0003055301573357643,1.0,1.0,1.0
0.22217594672949303,1.0010896584327889,0.00031974255591999805,1.0,1.0,1.0
0.22226388256359542,1.0004913791122008,0.00030550071525413316,1.0,1.0,1.0
0.22250836999518242,1.0008513299997912,0.0003053046037849048,1.0,1.0,1.0
0.222708741307315,1.0002090130384533,0.00032095766958985743,1.0,1.0,1.0
0.22271383059472782,1.0016135132300803,0.00031939521748177764,1.0,1.0,1.0
0.2227169343198767,1.0017444019012276,0.0003181410741867506,1.0,1.0,1.0
0.22275563484845406,0.9997766699209738,0.0003049383741058844,1.0,1.0,1.0
0.22289049054629118,1.0004941369903102,0.0003184004679151016,1.0,1.0,1.0
0.2229080438949218,1.0026603560870742,0.0003142988048874849,1.0,1.0,1.0
0.22303554081969423,1.0000337667979498,0.0003048458810026479,1.0,1.0,1.0
0.2231590311016589,1.000482614971522,0.000305512960941639,1.0,1.0,1.0
0.22336320092932738,0.9999720686109315,0.00030517706656511205,1.0,1.0,1.0
0.22352001568293645,1.000863631735794,0.00030570260091637805,1.0,1.0,1.0
0.22355688226349102,1.0020122780423089,0.0003134285470762597,1.0,1.0,1.0
0.22382043489733405,1.0010242843556334,0.0003056281011655157,1.0,1.0,1.0
0.2238301827570126,1.0012776808899624,0.00031819548178934335,1.0,1.0,1.0
0.22405338172512757,1.0008869396264537,0.0003197925982121745,1.0,1.0,1.0
0.22408071526413664,1.0013580192407574,0.0003053448481771617,1.0,1.0,1.0
0.2243235339677483,0.9995317311886508,0.0003051374728038867,1.0,1.0,1.0
0.22456791605438298,1.0008796684105596,0.00032079684342986136,1.0,1.0,1.0
0.22457441461006056,1.0002705323443464,0.00030502846707486955,1.0,1.0,1.0
0.22462802859155317,1.0013752344972102,0.0003194071433960676,1.0,1.0,1.0
0.2247033605977009,1.001201851827913,0.0003179570059825504,1.0,1.0,1.0
0.22484210241680103,1.0009592126871176,0.0003197835985627819,1.0,1.0,1.0
0.22486223781226045,0.9997911952675769,0.00030486846368455974,1.0,1.0,1.0
0.22493194214132117,1.0014607173353909,0.0003142864364331398,1.0,1.0,1.0
0.2252024036909006,0.9995499378347462,0.0003051439954290513,1.0,1.0,1.0
0.22533124397108395,1.0015634075446636,0.0003195579702628546,1.0,1.0,1.0
0.22535045135018095,1.001007991473581,0.0003057080800278081,1.0,1.0,1.0
0.22551309952758913,1.0013675600802785,0.0003167242723651218,1.0,1.0,1.0
0.2255883541228041,1.0017149252850577,0.0003133321101661395,1.0,1.0,1.0
0.22564159733587985,1.000466385215759,0.0003056124734040813,1.0,1.0,1.0
0.225746015644404,1.0018848683303903,0.00031935636713653783,1.0,1.0,1.0
0.22589665636294853,1.0003206098901831,0.0003053725038263186,1.0,1.0,1.0
0.22592738665179013,1.000984095053761,0.00031978040318162386,1.0,1.0,1.0
0.22624900789305968,1.0012033242946348,0.00031488470696267566,1.0,1.0,1.0
0.22669109248374752,0.9995018202623058,0.00030495243455725063,1.0,1.0,1.0
0.22679004187564544,1.0012227711639323,0.00031964956684058643,1.0,1.0,1.0
0.22704454861911927,1.0001204746006305,0.00030522998895723995,1.0,1.0,1.0
0.2271787122357125,1.000957863549885,0.0003056819927828552,1.0,1.0,1.0
0.22722093745176153,1.0020251552972383,0.00031998921355806513,1.0,1.0,1.0
0.2275100904629923,1.0012573265498093,0.0003178957546234238,1.0,1.0,1.0
0.22761827511788013,1.000938847169036,0.0003136909954572909,1.0,1.0,1.0
0.22767243113413826,1.0010277064627313,0.0003192514491239401,1.0,1.0,1.0
0.22771228307777847,0.9999402359353193,0.00030525085637241793,1.0,1.0,1.0
0.2277621888086543,1.0015092461277533,0.0003182867437853314,1.0,1.0,1.0
0.2277976067081795,1.0021023646636587,0.00032136829440064296,1.0,1.0,1.0
0.22795523416630203,0.999733792763571,0.0003050284894781859,1.0,1.0,1.0
0.22821948957061977,1.0000950876097516,0.0003041626854229208,1.0,1.0,1.0
0.22825134733477492,1.0024290476218274,0.0003130603639565455,1.0,1.0,1.0
0.22827678223634962,1.0003969731806444,0.0003208754330126734,1.0,1.0,1.0
0.2284445841494005,1.0008842248686873,0.00031923727507004795,1.0,1.0,1.0
0.22852198295703374,1.0004813524348712,0.00030515636282925834,1.0,1.0,1.0
0.22866518884937648,1.0012942938942733,0.0003140932230492004,1.0,1.0,1.0
0.2286802414810154,1.0013021972481486,0.00030582614841652184,1.0,1.0,1.0
0.22873400268683497,1.0015824181021407,0.00031960843564968,1.0,1.0,1.0
0.22888963167025622,0.9995558547012018,0.00030493642239693455,1.0,1.0,1.0
0.22897373508569885,1.001388352897879,0.0003144109589935594,1.0,1.0,1.0
0.22910689573674858,1.0015001551448708,0.0003199174433503318,1.0,1.0,1.0
0.22928021301427748,1.0006469058274954,0.00030559775615830465,1.0,1.0,1.0
0.22950372087993287,1.0010827005565606,0.0003183539021906663,1.0,1.0,1.0
0.2295276200946148,1.0002155567467454,0.0003052811652151892,1.0,1.0,1.0
0.22959575844851088,1.0010700746750554,0.0003194613116282787,1.0,1.0,1.0
0.22964666299685277,1.0018666925241673,0.00031397976661778193,1.0,1.0,1.0
0.2296646611427775,1.0010515106587157,0.00032103301504789465,1.0,1.0,1.0
0.2297225472824067,1.0008314868084345,0.0003183891421460249,1.0,1.0,1.0
0.229771967628551,1.0003922034439503,0.0003048093082183373,1.0,1.0,1.0
0.2300422342250954,0.9996387621463946,0.00030463041083099196,1.0,1.0,1.0
0.2301367783993271,1.0010599105088827,0.00030556210998000384,1.0,1.0,1.0
0.23034697528061088,1.0014467453367226,0.0003192715253711625,1.0,1.0,1.0
0.2303546445327811,0.9993904940636843,0.00030501470223982607,1.0,1.0,1.0
0.23051591592354725,1.001336573339298,0.0003058843306817353,1.0,1.0,1.0
0.23064129298376201,1.0015459963393623,0.0003180679019913067,1.0,1.0,1.0
0.23067409989054966,1.0008190546745144,0.0003193820887092914,1.0,1.0,1.0
0.23082979904398826,1.0003676049022514,0.00030563081413650874,1.0,1.0,1.0
0.23098916338798858,1.0007296594767072,0.0003198491121218008,1.0,1.0,1.0
0.23099127304617895,1.0008081673420364,0.00031478741399201777,1.0,1.0,1.0
0.23109783227985758,1.000178000383987,0.00030552880794232714,1.0,1.0,1.0
0.23134283182579907,1.0000757261813242,0.0003052783696844186,1.0,1.0,1.0
0.23149432878962273,1.0012538469168795,0.00031842167703579846,1.0,1.0,1.0
0.2315148881677942,1.0011091286108131,0.0003193749276243822,1.0,1.0,1.0
0.2315894677799406,0.9997886734421481,0.0003049878624421817,1.0,1.0,1.0
0.23167326089581408,1.0020677950963326,0.00031412622100612423,1.0,1.0,1.0
0.23167917702441798,1.0021459598935434,0.0003185541534851786,1.0,1.0,1.0
0.2318664892558786,1.0022937285514477,0.00030496293838899556,1.0,1.0,1.0
0.2319838687644733,1.0011500398631588,0.0003055485507807693,1.0,1.0,1.0
0.23219033406121525,1.0004813449059506,0.0003051538997410743,1.0,1.0,1.0
0.23224551797090953,1.0009920012956042,0.0003189480037239071,1.0,1.0,1.0
0.23231971133359597,1.0022223851862837,0.00031341715326459906,1.0,1.0,1.0
0.23234912079385595,1.000282967006331,0.00030555118489079857,1.0,1.0,1.0
0.2326137411537701,1.000825462767018,0.0003182433352404848,1.0,1.0,1.0
0.23265276324084994,1.0002708574158439,0.00030553341819285884,1.0,1.0,1.0
0.23286778912205364,1.000916715253149,0.00031992036240291655,1.0,1.0,1.0
0.23291476420860135,1.0001857833690884,0.0003054023450469618,1.0,1.0,1.0
0.2331580842970027,0.9993080818927463,0.0003051618720532411,1.0,1.0,1.0
0.23338831232729262,1.000489047394421,0.0003208798404305165,1.0,1.0,1.0
0.23340790233027064,0.9991572127152462,0.00030489495468693487,1.0,1.0,1.0
0.2334303779061031,1.0017942393417898,0.00031944800479384025,1.0,1.0,1.0
0.23348170073039398,1.0017196947439262,0.0003180375412745171,1.0,1.0,1.0
0.23363203998711413,1.0013015495562254,0.0003184802112580708,1.0,1.0,1.0
0.2336926924671161,1.0001218483760959,0.000304937001027481,1.0,1.0,1.0
0.233697952312383,1.0020033293598016,0.0003141315719723012,1.0,1.0,1.0
0.2338273104359132,1.0005646005994386,0.00030561828685481005,1.0,1.0,1.0
0.23402877995556537,0.9994863197988271,0.0003050709673210133,1.0,1.0,1.0
0.23414037921415343,1.0012510439602906,0.00031919701011929365,1.0,1.0,1.0
0.234180257361146,1.0005012920923155,0.0003057336346773768,1.0,1.0,1.0
0.23435166835227683,1.0017245982984402,0.00031323973502583895,1.0,1.0,1.0
0.23447438325860048,1.0001697031933332,0.0003055775860311243,1.0,1.0,1.0
0.2345427639704667,1.0014570062388686,0.0003192831097619432,1.0,1.0,1.0
0.2345827553925801,1.0011585226840565,0.00031821435721748155,1.0,1.0,1.0
0.23473102896886644,0.9994720282225841,0.00030514703097433933,1.0,1.0,1.0
0.2347429660709679,1.0012947037646627,0.00031976697258425323,1.0,1.0,1.0
0.23497368300809285,1.000346773767868,0.00030496597007071574,1.0,1.0,1.0
0.23501897008957684,1.0015614583330297,0.0003145028273215607,1.0,1.0,1.0
0.23524547975026167,1.000548163896139,0.0003209225660280233,1.0,1.0,1.0
0.2353418202630735,1.001549064596344,0.0003194857705530607,1.0,1.0,1.0
0.2354657660324193,1.000719679183235,0.0003178339426641415,1.0,1.0,1.0
0.235521001716279,0.9996058002389286,0.00030491280045792494,1.0,1.0,1.0
0.23558124116688361,1.0011311382623276,0.00031966060809374754,1.0,1.0,1.0
0.23566873349912498,1.0008164105531772,0.00030586634894331285,1.0,1.0,1.0
0.23572048508187393,1.0013670911930133,0.0003142685433442938,1.0,1.0,1.0
0.2358701227487927,1.0002505932879509,0.00030511766339343837,1.0,1.0,1.0
0.23600917605705263,1.000300997853886,0.0003055956367056203,1.0,1.0,1.0
0.23628505312573367,1.0012678958337051,0.00031764100551179335,1.0,1.0,1.0
0.23629452872904722,1.00027921286634,0.0003055565938627971,1.0,1.0,1.0
0.2364706114220354,1.001119899511519,0.00031932343489314276,1.0,1.0,1.0
0.2365467873425473,0.999914897542627,0.00030525026643499935,1.0,1.0,1.0
0.23654800686558985,1.0013331311912859,0.000318330120665599,1.0,1.0,1.0
0.23661447577131867,1.0018817379523812,0.0003199093410521351,1.0,1.0,1.0
0.23678951842484253,1.0010625054199764,0.00030501749381532173,1.0,1.0,1.0
0.23701334529807472,1.0027947091579126,0.0003129883609890086,1.0,1.0,1.0
0.23702906674141389,1.001702662063642,0.00031494907032089984,1.0,1.0,1.0
0.2370519836978815,0.9999395206359616,0.0003037150515644875,1.0,1.0,1.0
0.23709937587952368,1.0007039887928597,0.0003210681746829915,1.0,1.0,1.0
0.23724950469463124,1.0007554459917871,0.00031934048904073915,1.0,1.0,1.0
0.2373512960135713,1.0003321734535338,0.00030514423403748517,1.0,1.0,1.0
0.23750769231455138,1.000314844205078,0.0003057520436828087,1.0,1.0,1.0
0.23752647274447725,1.0012854250535796,0.0003196210938062231,1.0,1.0,1.0
0.23771408249433534,1.000184359930356,0.0003051152386161349,1.0,1.0,1.0
0.23783628557271186,1.0008244448468484,0.0003057093486399555,1.0,1.0,1.0
0.2381137654950578,1.0000419340138318,0.00030545504043397246,1.0,1.0,1.0
0.23827971035291995,1.0021305015113473,0.0003182785755415861,1.0,1.0,1.0
0.23836206337037424,0.9994028834458802,0.0003052873594521727,1.0,1.0,1.0
0.238394956188543,1.000781343550691,0.0003193246932678836,1.0,1.0,1.0
0.2384110680911924,1.001919282142969,0.0003140264343731196,1.0,1.0,1.0
0.23850958705635605,1.0018970843041546,0.00031842824951357397,1.0,1.0,1.0
0.23860589701516233,0.9998856049825576,0.00030487015452783237,1.0,1.0,1.0
0.2388742194851261,0.9997776468140492,0.00030456866466204726,1.0,1.0,1.0
0.23903565508123847,1.0027809671706056,0.00031464171040060997,1.0,1.0,1.0
0.23904833806452608,1.0016209291699751,0.000313066287519726,1.0,1.0,1.0
0.23915331035212262,1.0013257172517864,0.0003193520368271961,1.0,1.0,1.0
0.23918386617634724,0.9998758136739726,0.00030517814414580903,1.0,1.0,1.0
0.23934402424478662,1.0007176021478008,0.00030567056466295134,1.0,1.0,1.0
0.23946784813655597,1.0018824790115881,0.0003196081552106241,1.0,1.0,1.0
0.23966144440706216,1.0005479374277955,0.00030577376307060677,1.0,1.0,1.0
0.23975932651153187,1.0022918228996611,0.00031448185166303906,1.0,1.0,1.0
0.2398021214178243,1.0018465916220483,0.00032002384350981805,1.0,1.0,1.0
0.23993183040013832,1.0001114043355714,0.0003056250174176756,1.0,1.0,1.0
0.24017743668017033,1.0003088644313385,0.00030532446539046563,1.0,1.0,1.0
0.24027137024292244,1.0019652816385276,0.00031839421980231134,1.0,1.0,1.0
0.24031565742443206,1.0015831278972966,0.0003195745137042071,1.0,1.0,1.0
0.24034716995291205,1.0005851382214523,0.0003210061937010418,1.0,1.0,1.0
0.24043826991076145,1.0023037015072906,0.0003142108270782126,1.0,1.0,1.0
0.24046745240129042,1.0014183635025151,0.0003184496881253957,1.0,1.0,1.0
0.24101789122221362,1.0000500817749547,0.0003051583434134006,1.0,1.0,1.0
0.24105298230782068,1.0023626171471534,0.0003194058733806651,1.0,1.0,1.0
0.24108225077633616,1.0019989799706503,0.0003133484889456046,1.0,1.0,1.0
0.2411781239437687,1.0002997326979,0.00030562359929711143,1.0,1.0,1.0
0.24139677147294947,1.0014711023594987,0.00031815746075406783,1.0,1.0,1.0
0.2414850686731711,1.00062767843629,0.00030569346194657073,1.0,1.0,1.0
0.24168180542474715,1.0019758755767292,0.0003199638497351546,1.0,1.0,1.0
0.24174887897245867,0.9997059053303783,0.0003053343431537211,1.0,1.0,1.0
0.24177528198382703,1.002091488472684,0.00031463562045319014,1.0,1.0,1.0
0.24199265728540809,1.000542509227562,0.00030529851627298483,1.0,1.0,1.0
0.24220835782242034,1.000269891310778,0.0003209486859006374,1.0,1.0,1.0
0.24223243987229637,1.001976005034167,0.0003194640820110478,1.0,1.0,1.0
0.2422598190114087,1.0017337370670278,0.00031811040524104285,1.0,1.0,1.0
0.24242156320909203,1.0018386096721197,0.00031856563460130747,1.0,1.0,1.0
0.24246360349717833,1.0014884104755626,0.00031414864133686696,1.0,1.0,1.0
0.24252363887637785,0.9996044374979919,0.0003048898546831835,1.0,1.0,1.0
0.24265317538294084,1.0006556425323323,0.0003056099508897559,1.0,1.0,1.0
0.24294910140974935,1.000637132645055,0.0003183509343092572,1.0,1.0,1.0
0.2430096980832559,1.0004430024545206,0.00030576597367462085,1.0,1.0,1.0
0.24311495661501858,1.0019126953782562,0.0003135495638052072,1.0,1.0,1.0
0.24330702347515398,1.0004564094359354,0.00030555865244703454,1.0,1.0,1.0
0.24333922462551527,1.0023630670692556,0.00031945202645501696,1.0,1.0,1.0
0.2433669709644306,1.0010948588953252,0.0003182418579029566,1.0,1.0,1.0
0.2435581605270727,1.0014897182937474,0.0003198119381943385,1.0,1.0,1.0
0.2435653463841163,1.0000108755341992,0.00030531346873720523,1.0,1.0,1.0
0.2437886509075753,1.0020641586866597,0.00031468638298165377,1.0,1.0,1.0
0.2438080303632546,1.000335827924383,0.00030520628600452256,1.0,1.0,1.0
0.24414503311510316,1.0016048769554866,0.0003194424439557055,1.0,1.0,1.0
0.24424498372967207,1.001456619176582,0.0003178259206472656,1.0,1.0,1.0
0.24435114275354408,0.9998774814456408,0.00030496949340581077,1.0,1.0,1.0
0.24437202290300775,1.001568936680572,0.0003197188437668016,1.0,1.0,1.0
0.24448695429430956,1.0013874005122485,0.00031428410055772986,1.0,1.0,1.0
0.24449478868393726,1.0001113247436975,0.00030573592884302085,1.0,1.0,1.0
0.24469573526897648,1.0000008543780619,0.0003052169010271921,1.0,1.0,1.0
0.24483942753610677,1.0003541800397795,0.0003057554715070838,1.0,1.0,1.0
0.24484142207816717,1.0020463635064052,0.0003197617654045454,1.0,1.0,1.0
0.24505968244624654,1.0009089986344482,0.00031736230013916045,1.0,1.0,1.0
0.24512773236821772,1.000090653049117,0.00030570140557795855,1.0,1.0,1.0
0.2451459153919071,1.0014102300656813,0.0003133172138186522,1.0,1.0,1.0
0.24526822586713593,1.0010935040510078,0.000319250095912091,1.0,1.0,1.0
0.2453334247928609,1.002211688714544,0.0003185385453235265,1.0,1.0,1.0
0.24538125408415112,0.9996718407376255,0.00030529765218838197,1.0,1.0,1.0
0.24543082869655564,1.0016043162759118,0.00031970728220558526,1.0,1.0,1.0
0.24562386190766006,0.9999851689145439,0.00030507602258265086,1.0,1.0,1.0
0.24579947184463435,1.0012201427449274,0.00031501690284575887,1.0,1.0,1.0
0.24588463400868932,1.0005769608112753,0.0003039674777700253,1.0,1.0,1.0
0.2459214992072134,1.0014548610126566,0.0003211213204139501,1.0,1.0,1.0
0.246054002501495,1.0013043836546451,0.00031931971344669466,1.0,1.0,1.0
0.24618058005796684,1.0000144868808143,0.00030512070061848346,1.0,1.0,1.0
0.2463186609395649,1.001620863080487,0.0003196838938947947,1.0,1.0,1.0
0.24633459488202902,1.0003942601116345,0.0003057372306671956,1.0,1.0,1.0
0.24650807205346226,1.002261048735501,0.0003143851233356044,1.0,1.0,1.0
0.2465387246049886,0.9996261473236092,0.0003050967449639696,1.0,1.0,1.0
0.2466670269103588,0.9994111174736263,0.0003055686938957501,1.0,1.0,1.0
0.24672984253356844,1.0012670221302187,0.00032002369648436514,1.0,1.0,1.0
0.24705535777094667,1.0026915548416584,0.00031819716580536633,1.0,1.0,1.0
0.24717528216115525,1.0024971788223562,0.00031386131518428413,1.0,1.0,1.0
0.2471940035433846,1.0016270512331555,0.00031939895324924504,1.0,1.0,1.0
0.24719676398399315,0.9997572064934491,0.0003053223426667854,1.0,1.0,1.0
0.24729622218293912,1.0013843655884382,0.00031830966585677224,1.0,1.0,1.0
0.2473000104870664,1.0011776312849212,0.0003211931879515062,1.0,1.0,1.0
0.24744018112241406,0.9998371994826658,0.00030496055726944306,1.0,1.0,1.0
0.2478104528529026,1.0013538269746074,0.00031287469443365916,1.0,1.0,1.0
0.2479590866700505,1.0010320903868233,0.00031932234921003153,1.0,1.0,1.0
0.2480123820996596,0.9996154572953878,0.0003050680123907513,1.0,1.0,1.0
0.24817187407859365,1.0003987676569006,0.00030566999133556616,1.0,1.0,1.0
0.2482046365340267,1.0018536429531888,0.0003170150462111548,1.0,1.0,1.0
0.2482611736643463,1.0011312902385303,0.0003194596104386924,1.0,1.0,1.0
0.24838483527315702,1.0003273774464914,0.00030504805016388616,1.0,1.0,1.0
0.24849290743827623,1.0003475134815476,0.0003056343266383867,1.0,1.0,1.0
0.2485271240911402,1.0018808398334353,0.00031469933211001775,1.0,1.0,1.0
0.24861454231449898,1.001336408007689,0.0003199839922126002,1.0,1.0,1.0
0.2490120400118201,0.9997034211347355,0.0003051966274673417,1.0,1.0,1.0
0.2490480618865476,1.0013732247395961,0.0003186199796543291,1.0,1.0,1.0
0.24911586082821202,1.0017801071745704,0.00031946509957481216,1.0,1.0,1.0
0.24916577301885923,1.000723323864376,0.0003209827130202627,1.0,1.0,1.0
0.24920307531628438,1.002194635525255,0.00031394784585614134,1.0,1.0,1.0
0.24925545719979425,1.0015889231170798,0.0003184969259531964,1.0,1.0,1.0
0.24925701752385976,0.9996169805667803,0.00030481566646204094,1.0,1.0,1.0
0.24952952667780437,0.9996982920333745,0.00030475700881842793,1.0,1.0,1.0
0.24984478200048077,1.0022129777709616,0.00031344912693924973,1.0,1.0,1.0
0.24984572871301225,1.0001853314412315,0.00030514672584446093,1.0,1.0,1.0
0.2498600290694526,1.0013762877560584,0.0003190982848097953,1.0,1.0,1.0
0.25000660448171175,1.0003400129175641,0.0003054215568245952,1.0,1.0,1.0
0.2501794139147222,1.0015617584695624,0.0003180668088960021,1.0,1.0,1.0
0.25020023082740295,1.0016772400205796,0.00031932497511334826,1.0,1.0,1.0
0.25031692974664566,1.0005992643873458,0.0003056701071859761,1.0,1.0,1.0
0.25049556727364575,1.0018981742384785,0.00031986277691500756,1.0,1.0,1.0
0.2505438656444312,1.0019349617773103,0.00031480431775776727,1.0,1.0,1.0
0.25058305392866487,0.9999799693865046,0.0003054488294932273,1.0,1.0,1.0
0.2508272469025883,0.9999918682487902,0.0003052479430571908,1.0,1.0,1.0
0.2510281879298475,1.001549552872316,0.00032092042727165175,1.0,1.0,1.0
0.2510339366310177,1.0008085554474078,0.0003193483729424785,1.0,1.0,1.0
0.25103771736680613,1.0015414280358905,0.0003180993137437053,1.0,1.0,1.0
0.2510748162472396,0.9999197338258365,0.0003049252695687331,1.0,1.0,1.0
0.25121067339367187,1.001931003365885,0.0003184273917681688,1.0,1.0,1.0
0.2512290384774296,1.0017560117625623,0.00031397361939528587,1.0,1.0,1.0
0.25135451698554334,1.0000325636284209,0.0003049205466703261,1.0,1.0,1.0
0.2514783247675325,1.0010516128052516,0.0003054842326977899,1.0,1.0,1.0
0.25183918461772237,1.0001366886214194,0.00030564442570843036,1.0,1.0,1.0
0.2518778073055792,1.0015512533217834,0.00031341032332644935,1.0,1.0,1.0
0.25213965143947803,0.9998760305962414,0.0003055488122313587,1.0,1.0,1.0
0.252150793485697,1.0013077059633528,0.0003181779906196758,1.0,1.0,1.0
0.25237296838645307,1.0012675421936608,0.0003198241242396346,1.0,1.0,1.0
0.25239960282041807,1.0006694676101928,0.0003053137669889064,1.0,1.0,1.0
0.25255805419920563,1.0023806114571796,0.0003147384338484839,1.0,1.0,1.0
0.2526426897628653,1.0000014011092344,0.00030518857618808533,1.0,1.0,1.0
0.252887332343704,1.0008467042820182,0.00032078997505556063,1.0,1.0,1.0
0.25289360616363865,0.9999334559073589,0.000304985206673105,1.0,1.0,1.0
0.25294795892131106,1.0017406239730409,0.00031940519702210917,1.0,1.0,1.0
0.25302383580526566,1.0017997024229206,0.0003179805868939577,1.0,1.0,1.0
0.2531623877193141,1.001834255704824,0.0003198359473694595,1.0,1.0,1.0
0.25318137086759407,0.9996771613366229,0.0003049223891042033,1.0,1.0,1.0
0.25325305659432473,1.002128847649445,0.0003142985034895016,1.0,1.0,1.0
0.25332083385518445,1.0003937395559404,0.000305681355488043,1.0,1.0,1.0
0.2535216584722093,1.000314749385072,0.0003052434153298471,1.0,1.0,1.0
0.2536509806949141,1.0008351361498085,0.0003193977952547625,1.0,1.0,1.0
0.2536694618526383,1.00035710784617,0.00030573509409528166,1.0,1.0,1.0
0.2538339813186852,1.0015858389871282,0.00031669107903624583,1.0,1.0,1.0
0.253909403724526,1.002284481391107,0.00031330625639039834,1.0,1.0,1.0
0.25396080113165453,1.0007330511467238,0.0003056192256584641,1.0,1.0,1.0
0.25406624494954144,1.001126667598021,0.0003193046396490481,1.0,1.0,1.0
0.25411844386106,1.0024611017426721,0.0003184810663616013,1.0,1.0,1.0
0.2542156775142814,1.0002289666701432,0.00030537573571693685,1.0,1.0,1.0
0.2542468011562278,1.001387316277883,0.0003198256599518066,1.0,1.0,1.0
0.2544581198666833,1.000163080222874,0.00030504520314866655,1.0,1.0,1.0
0.25456972704670733,1.0017662869062263,0.0003149693392298271,1.0,1.0,1.0
0.25501010677788827,0.9994532255330376,0.0003050459113833443,1.0,1.0,1.0
0.25511029102642624,1.001731518906841,0.00031963642372781985,1.0,1.0,1.0
0.2552750165831199,1.0023207211779748,0.00031440247644458607,1.0,1.0,1.0
0.25536396910342773,0.9999746117921274,0.0003051573876930331,1.0,1.0,1.0
0.25549784278007337,0.9997000805971858,0.0003056952162063426,1.0,1.0,1.0
0.25554063899193125,1.0009723257618581,0.00031987675215285755,1.0,1.0,1.0
0.2558306663508745,1.0022584330942903,0.0003179559157882305,1.0,1.0,1.0
0.25593944813972413,1.0019901988255973,0.0003138105668845368,1.0,1.0,1.0
0.2559924847428334,1.0011086467357233,0.00031922541898561245,1.0,1.0,1.0
0.25603143926616667,0.9997164929545929,0.00030524335604862804,1.0,1.0,1.0
0.25608245361006254,1.001781897360891,0.00031839416696500004,1.0,1.0,1.0
0.25611712721737945,1.0014418960510814,0.0003213506022231889,1.0,1.0,1.0
0.2562742595025611,1.0007448800427683,0.0003050784500181829,1.0,1.0,1.0
0.2565385674756726,0.9994803215378923,0.00030411395746124316,1.0,1.0,1.0
0.25657257796746613,1.0014784980775675,0.00031285932509993934,1.0,1.0,1.0
0.2565961397954766,1.0016903981092133,0.00032088370109001704,1.0,1.0,1.0
0.25676444156053435,1.001053500728884,0.00031923935382328965,1.0,1.0,1.0
0.2569857384276588,1.002857672074673,0.000314260829448203,1.0,1.0,1.0
0.2569994612501034,1.0005306678592574,0.0003056915421898477,1.0,1.0,1.0
0.257054215695959,1.0013455101987712,0.0003195876160919603,1.0,1.0,1.0
0.25720894195484334,0.999768918414719,0.0003050473102626345,1.0,1.0,1.0
0.25729466995985106,1.0018862118928522,0.00031449538724145795,1.0,1.0,1.0
0.25742670071022644,1.0014643630468845,0.0003200066484710651,1.0,1.0,1.0
0.25759925675416184,1.00007100656413,0.0003055272865882933,1.0,1.0,1.0
0.2578244056768284,1.0013168303536644,0.0003183809988144973,1.0,1.0,1.0
0.25784663576015987,1.0001855631557073,0.000305300303944689,1.0,1.0,1.0
0.2579157752701633,1.0016168047702174,0.0003194491646340927,1.0,1.0,1.0
0.25796768112589064,1.0018230503201988,0.0003139818394574026,1.0,1.0,1.0
0.2579841493826507,1.0010789047118456,0.00032101470699291354,1.0,1.0,1.0
0.2580429155070334,1.0014364149134127,0.0003183612854182147,1.0,1.0,1.0
0.25809099942875946,0.99990157928389,0.0003048035633209615,1.0,1.0,1.0
0.2584561081967536,1.0013008392105123,0.0003054939257219492,1.0,1.0,1.0
0.25860717106812015,1.0014342897351654,0.00031315660337087186,1.0,1.0,1.0
0.258666795904702,1.0011835189996996,0.0003192142131135818,1.0,1.0,1.0
0.25883497450729465,1.001340962344843,0.00030590487189174735,1.0,1.0,1.0
0.25896167105054246,1.0018625629699522,0.00031811884140210803,1.0,1.0,1.0
0.2589944147094343,1.001133554332827,0.0003193745570789103,1.0,1.0,1.0
0.25914889618960046,1.0005736444770519,0.0003056391603592485,1.0,1.0,1.0
0.2593087952364783,1.0006495660626098,0.000319846212359946,1.0,1.0,1.0
0.25931218597718697,1.001718712237818,0.00031489146504191766,1.0,1.0,1.0
0.2594168674683601,0.9994517014839525,0.0003054251679695823,1.0,1.0,1.0
0.25966170848110437,0.9995725673535956,0.00030523564885180426,1.0,1.0,1.0
0.25981512217282443,1.0017250120712122,0.00031838564025072036,1.0,1.0,1.0
0.25983500647650715,1.0007981660748961,0.0003193283697326975,1.0,1.0,1.0
0.2599083690103612,0.9996659020755245,0.0003049285061426666,1.0,1.0,1.0
0.2599996483596527,1.0012286713896748,0.00031847263555948187,1.0,1.0,1.0
0.26018573687741764,1.0010758584530475,0.0003048534444838254,1.0,1.0,1.0
0.2603030325361715,1.0009452565966845,0.0003055342910268384,1.0,1.0,1.0
0.2605096933951927,1.0001076683190628,0.000305130554039934,1.0,1.0,1.0
0.26056530245335807,1.0008016413712064,0.0003189737283349523,1.0,1.0,1.0
0.26064064088330774,1.002107925019032,0.00031339437105045413,1.0,1.0,1.0
0.26066829651529133,1.0012019982632512,0.00030569015915528943,1.0,1.0,1.0
0.26093436286411986,1.0014612214679297,0.00031821579523278484,1.0,1.0,1.0
0.2609718458652708,1.000131520124027,0.0003056108951873412,1.0,1.0,1.0
0.26118752536186207,1.0006543831506463,0.00031985432923073355,1.0,1.0,1.0
0.2612337924491044,0.9996607835115713,0.00030530938955340985,1.0,1.0,1.0
0.2613271828888841,1.0014887450257741,0.00031473896815788227,1.0,1.0,1.0
0.26147710075917985,0.9998778025556359,0.0003051966330238557,1.0,1.0,1.0
0.2617078768841168,1.0009441060630992,0.00032095870034984944,1.0,1.0,1.0
0.2617268131608057,1.000077307511417,0.0003049459205199636,1.0,1.0,1.0
0.26175032083098415,1.0026584764161306,0.00031947312560341604,1.0,1.0,1.0
0.2618023245382375,1.0015602647296342,0.0003180534660829451,1.0,1.0,1.0
0.26195247581600256,1.0007945870990262,0.0003184037937892912,1.0,1.0,1.0
0.2620119579174798,1.000152100104849,0.0003049584758345479,1.0,1.0,1.0
0.262146448402234,1.0007275107872786,0.00030566795316544374,1.0,1.0,1.0
0.26234802618552067,0.9995386827279825,0.00030515513952273737,1.0,1.0,1.0
0.2624599892808419,1.001572388012128,0.00031915822543532795,1.0,1.0,1.0
0.262499274317463,1.0002522662215403,0.00030572133974549076,1.0,1.0,1.0
0.2626727227943988,1.0013497786601333,0.0003134619667422418,1.0,1.0,1.0
0.2627933138944343,1.0008887899157448,0.0003055483746253857,1.0,1.0,1.0
0.26290320430064185,1.00139717561722,0.00031817571309197834,1.0,1.0,1.0
0.2630500515622032,1.0002826419673674,0.00030525008096486325,1.0,1.0,1.0
0.2630623915570709,1.0009818040059166,0.0003197001980637069,1.0,1.0,1.0
0.2632927022232536,1.0003036661187987,0.0003050640134734101,1.0,1.0,1.0
0.263339836240128,1.0017798821121562,0.0003146707861838833,1.0,1.0,1.0
0.2635647374358143,1.0011684481545218,0.0003209539569901303,1.0,1.0,1.0
0.26366186467500086,1.0018016487115953,0.0003194499245520907,1.0,1.0,1.0
0.2637863585390079,1.0025684501395362,0.00031800786710646745,1.0,1.0,1.0
0.2638401478709511,0.9995706199177862,0.0003049769486497349,1.0,1.0,1.0
0.2639015022674016,1.001877886247539,0.000319654367037739,1.0,1.0,1.0
0.263987984892168,1.00104898341455,0.000305908726232947,1.0,1.0,1.0
0.26404158631453356,1.001345969926265,0.00031420816889882625,1.0,1.0,1.0
0.26418925699408646,0.999795433294358,0.00030505402438699543,1.0,1.0,1.0
0.26432831257125144,1.0003422727332292,0.00030569891298146666,1.0,1.0,1.0
0.2643510278986696,1.0021553756127557,0.0003199861168365078,1.0,1.0,1.0
0.26460563837172657,1.0018711499537,0.0003176930746356206,1.0,1.0,1.0
0.2646137247801619,1.0000653000807804,0.000305576586856959,1.0,1.0,1.0
0.2647032932098412,1.0024423019005306,0.00031378287063129023,1.0,1.0,1.0
0.264790538696289,1.0005873058328147,0.00031924004172891946,1.0,1.0,1.0
0.2648656673861467,1.0005346226044753,0.0003052512838486832,1.0,1.0,1.0
0.26486828297134934,1.0014188863131581,0.00031836221190877654,1.0,1.0,1.0
0.2649338683426947,1.0007403886884023,0.00031975521624406895,1.0,1.0,1.0
0.26510854199636924,0.9996132810461186,0.0003049784686717053,1.0,1.0,1.0
0.2653344407222522,1.0024862359564675,0.0003128749616755354,1.0,1.0,1.0
0.26534976944778776,1.002091643347909,0.00031503383677558333,1.0,1.0,1.0
0.2653710570650105,1.0001987688565184,0.0003037926426287698,1.0,1.0,1.0
0.2654186041999651,1.0011924069669038,0.00032107010073959127,1.0,1.0,1.0
0.26556923544862343,1.00199689789061,0.00031944602695596755,1.0,1.0,1.0
0.2656704629315527,1.0002662609219453,0.00030519204700139087,1.0,1.0,1.0
0.26582678123148185,1.000520852870456,0.0003057642896488857,1.0,1.0,1.0
0.26584669770333846,1.0020052011347673,0.00031969569542913056,1.0,1.0,1.0
0.2660332446626512,0.9998498102046673,0.0003050629285503358,1.0,1.0,1.0
0.2661552657419861,1.0004686154572284,0.00030574336705633767,1.0,1.0,1.0
0.2662383184332384,1.001820319242179,0.00032010633730588864,1.0,1.0,1.0
0.26643281229041804,0.9996413257711236,0.00030545954541396297,1.0,1.0,1.0
0.26660040515329797,1.0011820103909093,0.00031828193901373175,1.0,1.0,1.0
0.2666812181066689,1.0003813613723898,0.00030535954405557343,1.0,1.0,1.0
0.2667151235365566,1.002026452680116,0.0003193736623366601,1.0,1.0,1.0
0.2667322303128934,1.0021364598298805,0.00031403668968483036,1.0,1.0,1.0
0.266802019934687,1.0023007168740978,0.00032127039797716107,1.0,1.0,1.0
0.26682996690803407,1.0019631760429082,0.00031848646311285827,1.0,1.0,1.0
0.2669250650726269,1.0001008976841685,0.0003051285543837653,1.0,1.0,1.0
0.2671933071414969,0.9998354264536606,0.00030452431752210396,1.0,1.0,1.0
0.2673564705588518,1.0025289718619077,0.00031440936715238817,1.0,1.0,1.0
0.26736956127527023,1.0016740130304302,0.00031325010620260075,1.0,1.0,1.0
0.26747300464180057,1.001431190157884,0.00031933649131054187,1.0,1.0,1.0
0.26750291669276294,0.9996510281109543,0.00030510961009891076,1.0,1.0,1.0
0.26766322851452173,1.0011125799507654,0.00030571883183336463,1.0,1.0,1.0
0.2677881752278637,1.0017187365302174,0.000319594701380776,1.0,1.0,1.0
0.2679805467056724,1.0000779084962745,0.0003057245995411963,1.0,1.0,1.0
0.2681217645505001,1.001760480624497,0.0003200767484844169,1.0,1.0,1.0
0.26825072956330587,1.0004744867906779,0.0003056366433134611,1.0,1.0,1.0
0.2684964519423261,1.0003135917339885,0.00030534010555961907,1.0,1.0,1.0
0.26859217361953114,1.0022099500057353,0.0003184052886237051,1.0,1.0,1.0
0.26863564938862794,1.0017668520402438,0.0003194464702870934,1.0,1.0,1.0
0.2686666372277955,1.0022624949153844,0.0003211588187799807,1.0,1.0,1.0
0.2687423010087855,0.9995268026521941,0.00030480693490554986,1.0,1.0,1.0
0.26878793567618686,1.0012781572372018,0.0003183915033236889,1.0,1.0,1.0
0.2690171542576536,1.0001342844659615,0.00030481257616050034,1.0,1.0,1.0
0.269127571707628,1.0006792425399906,0.00030559310530847835,1.0,1.0,1.0
0.26933710392233934,1.0001563884512987,0.0003051310130450735,1.0,1.0,1.0
0.2693729173166446,1.0016163336117885,0.00031935830430537273,1.0,1.0,1.0
0.26940332312793913,1.0019495110254837,0.00031346000744505753,1.0,1.0,1.0
0.269497167996235,1.000716326112264,0.0003056382987299421,1.0,1.0,1.0
0.2697174041548607,1.0011715420333438,0.00031818524592306134,1.0,1.0,1.0
0.26972563570421926,1.00198333606706,0.0003193759707536072,1.0,1.0,1.0
0.26980401720840064,1.0008112857941383,0.0003056315913830677,1.0,1.0,1.0
0.2700015529588029,1.0009845268397917,0.0003199758939370755,1.0,1.0,1.0
0.27006790932054514,1.000223558644708,0.000305433456618649,1.0,1.0,1.0
0.2700961797583261,1.0021020446336513,0.0003148106222872538,1.0,1.0,1.0
0.27031181178975316,1.0003338108193134,0.0003052667328645723,1.0,1.0,1.0
0.270527932392838,1.001066973564863,0.0003209719992782038,1.0,1.0,1.0
0.27055225612996026,1.0015626661261121,0.0003194139120518442,1.0,1.0,1.0
0.27056027902864344,0.9998757645757533,0.0003050124137895608,1.0,1.0,1.0
0.2705804531353522,1.0015789125717816,0.0003181396802706964,1.0,1.0,1.0
0.27074201098771766,1.0017774512185291,0.0003186157143549259,1.0,1.0,1.0
0.27078459194851234,1.002729231379865,0.00031409200580662203,1.0,1.0,1.0
0.2708426210926973,1.0001261722152428,0.0003049555576250318,1.0,1.0,1.0
0.27097259893287173,1.0005596829651453,0.00030561187894886525,1.0,1.0,1.0
0.27126886200278477,1.0017008024250051,0.0003183733715450394,1.0,1.0,1.0
0.2713289986769496,1.0004029070415144,0.0003057835525262388,1.0,1.0,1.0
0.27143587697805494,1.002470135336913,0.0003135426890472138,1.0,1.0,1.0
0.2716260970641713,1.000321159208276,0.0003054943094641054,1.0,1.0,1.0
0.2716592009491592,1.002181126291799,0.00031952982739531116,1.0,1.0,1.0
0.27168743147936425,1.0013958928725393,0.0003182681369802169,1.0,1.0,1.0
0.2718777355714508,1.001841828113871,0.00031991622401589384,1.0,1.0,1.0
0.271884509359154,1.0000631528488102,0.00030533485999990824,1.0,1.0,1.0
0.27210952511537556,1.0018453547006365,0.00031433233897158324,1.0,1.0,1.0
0.2721270485296543,0.9999556573866858,0.000305209640194587,1.0,1.0,1.0
0.2724650897793026,1.0011914354299154,0.0003194075546438907,1.0,1.0,1.0
0.27256558655236063,1.0002759070383804,0.0003176363116331412,1.0,1.0,1.0
0.27267014381720855,0.999988173319958,0.0003049491285434187,1.0,1.0,1.0
0.27269229594317324,1.0008312449313255,0.0003196612735554553,1.0,1.0,1.0
0.2728079233739571,1.0022719765045414,0.00031429436397668604,1.0,1.0,1.0
0.2728141870537115,1.001407818159119,0.0003057942491478249,1.0,1.0,1.0
0.27301486056956037,0.9998881749857205,0.0003051818511374245,1.0,1.0,1.0
0.2731585701814936,1.0002725921225117,0.000305819167377522,1.0,1.0,1.0
0.27316100858823233,1.0011189457669882,0.00031970564426666095,1.0,1.0,1.0
0.27338027704026047,1.0014481200219334,0.00031732963271814007,1.0,1.0,1.0
0.27344679337215894,0.999849546835226,0.0003056680473837855,1.0,1.0,1.0
0.2734669599918824,1.0016105190277158,0.00031344550746269337,1.0,1.0,1.0
0.2735881653936616,1.001057471532439,0.0003192558793948302,1.0,1.0,1.0
0.2736538507896853,1.0019958796028419,0.0003185003320122513,1.0,1.0,1.0
0.27370027386405127,1.000803953928091,0.00030541538847136094,1.0,1.0,1.0
0.27375023191680725,1.0002860714978965,0.00031961560973454924,1.0,1.0,1.0
0.27394288385562504,0.9997630610256304,0.0003050941852841003,1.0,1.0,1.0
0.27412032153782917,1.00158208535407,0.0003148105110968405,1.0,1.0,1.0
0.27420370299932983,1.0006019606606593,0.00030403376506483223,1.0,1.0,1.0
0.27424073720848696,1.0009411696460166,0.0003210585084137613,1.0,1.0,1.0
0.27437388379195227,1.000584947740985,0.00031931311964564435,1.0,1.0,1.0
0.2744997399674389,1.000114427679778,0.0003051583700658877,1.0,1.0,1.0
0.27463875924129866,1.0014991434496638,0.0003197391499946709,1.0,1.0,1.0
0.27465396873719783,1.000626663030896,0.00030576458994604013,1.0,1.0,1.0
0.27482915940022323,1.0019149646317316,0.0003144244972470902,1.0,1.0,1.0
0.2748581546088076,1.0001420869649786,0.0003051851752801997,1.0,1.0,1.0
0.27498628991025953,1.0004895226298538,0.00030550447902737046,1.0,1.0,1.0
0.2750493935373015,1.0014798441369894,0.00032004066975481195,1.0,1.0,1.0
0.2753760622420458,1.0010665064735123,0.00031811303062961746,1.0,1.0,1.0
0.2754964498686441,1.0018114519512158,0.0003138003258253105,1.0,1.0,1.0
0.2755140445670463,1.0011781322391888,0.00031945270197168555,1.0,1.0,1.0
0.2755157807789601,1.0000121827025916,0.0003053090397941209,1.0,1.0,1.0
0.27561661364150325,1.0008779390578466,0.0003183325052674444,1.0,1.0,1.0
0.2756195200246907,1.0005488386305608,0.00032112754370837177,1.0,1.0,1.0
0.27575920847550606,0.9994849741538668,0.00030491660374280544,1.0,1.0,1.0
0.27602532288597104,1.0004889212444499,0.0003045428397369767,1.0,1.0,1.0
0.27613167961327356,1.0019350964592102,0.0003128967012860447,1.0,1.0,1.0
0.2762789314961651,1.001573734640847,0.0003192886204473677,1.0,1.0,1.0
0.2763314251134261,1.0000159076199155,0.00030511373097684446,1.0,1.0,1.0
0.27649108610302164,1.000725089806534,0.0003056144799079095,1.0,1.0,1.0
0.2765251748180617,1.001935197874679,0.00031705020645476044,1.0,1.0,1.0
0.2765815126852402,1.0012756824954414,0.00031957942628890767,1.0,1.0,1.0
0.2767041554805587,1.0004014509702701,0.0003051224837561706,1.0,1.0,1.0
0.2768121535068815,0.9997167508816452,0.0003055462582861579,1.0,1.0,1.0
0.2768479129465504,1.0012953922258918,0.00031478448670622646,1.0,1.0,1.0
0.27693419675151176,1.0013695262911,0.0003199208188703874,1.0,1.0,1.0
0.27708463490924373,1.0017104662061527,0.00030559820622631193,1.0,1.0,1.0
0.27733105535466507,0.9995508357919627,0.00030522471372868964,1.0,1.0,1.0
0.2773688752767356,1.0013898048948369,0.0003186572272173233,1.0,1.0,1.0
0.2774358647421309,1.0017924524361854,0.00031947811933802437,1.0,1.0,1.0
0.27748525028715676,1.0008836981116882,0.00032096342404241317,1.0,1.0,1.0
0.27752408763684144,1.0019581600905065,0.0003138825563809328,1.0,1.0,1.0
0.27757581348477345,1.0019142122277562,0.0003185386001211114,1.0,1.0,1.0
0.27757605186525325,0.9998748816436166,0.00030480063907247813,1.0,1.0,1.0
0.27784862475118643,1.000822852219736,0.00030481367391666187,1.0,1.0,1.0
0.2779515232444396,1.0006400296340863,0.0003054552203882327,1.0,1.0,1.0
0.2781647948800696,0.999894313500981,0.0003051413384153779,1.0,1.0,1.0
0.2781659971338062,1.0012814188575005,0.0003133952543213885,1.0,1.0,1.0
0.2781799760280137,1.001623176129714,0.0003191531339149302,1.0,1.0,1.0
0.27832593283713436,1.0005365081492228,0.00030546524998962047,1.0,1.0,1.0
0.27850005788081944,1.0017738053893885,0.0003181270167449271,1.0,1.0,1.0
0.2785202558676474,1.0013898595605295,0.0003192935370765334,1.0,1.0,1.0
0.2786361604873093,0.9998466013993267,0.00030557225953283055,1.0,1.0,1.0
0.27881518718245957,1.0012377921909008,0.0003198226974045834,1.0,1.0,1.0
0.27886463223400426,1.00186671997441,0.0003148173376598994,1.0,1.0,1.0
0.2789019479388344,0.999761118062338,0.00030535999177833264,1.0,1.0,1.0
0.2791462623966936,1.0005497201661009,0.0003052957621421431,1.0,1.0,1.0
0.2793477728163509,1.0010890773326815,0.0003209268995196717,1.0,1.0,1.0
0.2793539037578938,1.0020250226418896,0.00031941905091260945,1.0,1.0,1.0
0.27935822323023984,1.0016560856692618,0.00031813925133928456,1.0,1.0,1.0
0.27939385914004333,0.9998666568314653,0.0003049360574247369,1.0,1.0,1.0
0.2795311327791694,1.000874220716927,0.00031839154931649513,1.0,1.0,1.0
0.27955003304985127,1.0020720802349468,0.0003142054360213808,1.0,1.0,1.0
0.27967377049628794,1.0003703344412007,0.0003049219023060205,1.0,1.0,1.0
0.279797618423288,0.999699545610685,0.00030545774019536087,1.0,1.0,1.0
0.2800016591736494,1.0006037832605443,0.00030518406397161605,1.0,1.0,1.0
0.2801583532398979,1.001009919126322,0.0003057469004883932,1.0,1.0,1.0
0.28045510930444095,1.0018275554259914,0.0003193688751958449,1.0,1.0,1.0
0.2804587292234828,1.0006635464730957,0.0003056329669167239,1.0,1.0,1.0
0.2804712649822818,1.0011080444245228,0.0003182208341098286,1.0,1.0,1.0
0.2806925547351966,1.0014434582887304,0.00031984234641039823,1.0,1.0,1.0
0.28071862897348865,1.0004759732501831,0.0003053222256304658,1.0,1.0,1.0
0.2808789361617343,1.0018430576008035,0.00031473876287233486,1.0,1.0,1.0
0.28096170695110345,1.0000386247260051,0.000305154812680324,1.0,1.0,1.0
0.28120674797759193,1.0003828514816997,0.0003207849914681652,1.0,1.0,1.0
0.28121252062447866,1.0000857646572547,0.00030501816898422646,1.0,1.0,1.0
0.28126788926114443,1.0014713601555938,0.00031943445918910547,1.0,1.0,1.0
0.2813444489642336,1.0016399601048516,0.0003179613674815,1.0,1.0,1.0
0.2814826726890658,1.0031533713404768,0.0003199075390216376,1.0,1.0,1.0
0.2816399627861017,1.0010446718730188,0.0003057721558101653,1.0,1.0,1.0
0.28184105217297883,1.0006022369252447,0.0003052350214349946,1.0,1.0,1.0
0.2819705788219551,1.0013918728104816,0.00031952154904479874,1.0,1.0,1.0
0.2819887493873239,1.0003375833582255,0.00030568101829203355,1.0,1.0,1.0
0.2821547242003817,1.0015911308628724,0.0003167486322927326,1.0,1.0,1.0
0.28227972757247244,1.0001011937067297,0.0003055586692600658,1.0,1.0,1.0
0.282385642048709,1.001234695516415,0.0003192266879497703,1.0,1.0,1.0
0.2825345599074467,0.9999656942905257,0.0003053024974882823,1.0,1.0,1.0
0.2825663542675443,1.0011426998778725,0.0003197899796396992,1.0,1.0,1.0
0.282777279050066,0.9996420135904062,0.00030496888612825186,1.0,1.0,1.0
0.2828905851299268,1.0015830189796977,0.0003149282475227471,1.0,1.0,1.0
0.2833293984268721,1.000199189491482,0.00030508157919760737,1.0,1.0,1.0
0.2834304012678075,1.0010987227791777,0.0003196643184876812,1.0,1.0,1.0
0.28348060347926207,1.001337932901803,0.0003058356468016284,1.0,1.0,1.0
0.2836831127067967,1.0002055247444603,0.0003052708303056835,1.0,1.0,1.0
0.283816834404945,1.000813775582186,0.00030571561097518556,1.0,1.0,1.0
0.2838602016227014,1.001362194150067,0.0003200159788587968,1.0,1.0,1.0
0.28415138019016695,1.00163486405303,0.00031793756589755783,1.0,1.0,1.0
0.2842604824135133,1.0009668647713583,0.00031356743487973016,1.0,1.0,1.0
0.28431239943203934,1.0012456198628514,0.00031925768763247395,1.0,1.0,1.0
0.28435031827106627,0.9998455768487883,0.0003053077169027107,1.0,1.0,1.0
0.2844028563729637,1.001621978162758,0.000318341050348808,1.0,1.0,1.0
0.2844366470912689,1.0006648892836127,0.00032125120846768695,1.0,1.0,1.0
0.2845934235263883,0.9997393939353378,0.00030497038658310906,1.0,1.0,1.0
0.2848577841186284,0.9997776934100964,0.00030410059397636166,1.0,1.0,1.0
0.28489366967058594,1.0014167423848728,0.0003127774368864034,1.0,1.0,1.0
0.28491549702184216,1.0004769912303013,0.00032087918659197835,1.0,1.0,1.0
0.28508429832629645,1.0013858872643018,0.000319265187737636,1.0,1.0,1.0
0.2851604699613972,0.9997451987005094,0.0003051263559505113,1.0,1.0,1.0
0.2853062873706591,1.0014334938216105,0.00031433724627190823,1.0,1.0,1.0
0.2853185420996738,1.000362959284446,0.0003057647790148969,1.0,1.0,1.0
0.28537442806978675,1.0016246122535906,0.0003196049517941783,1.0,1.0,1.0
0.2855282524713516,0.9996116536695091,0.00030505563907638495,1.0,1.0,1.0
0.28561574311818916,1.001904421701444,0.00031438458839438006,1.0,1.0,1.0
0.28574622849009756,1.0011327061925477,0.00031995721679175236,1.0,1.0,1.0
0.28614509047371683,1.0013023241187666,0.00031836730379341155,1.0,1.0,1.0
0.28616565141561523,1.00001740120285,0.0003052614377981016,1.0,1.0,1.0
0.2862356528496406,1.000955329831176,0.000319416503018227,1.0,1.0,1.0
0.2862888377004573,1.0019561157483041,0.0003139168629348154,1.0,1.0,1.0
0.2863034987130959,1.0013549012595537,0.0003209929884375165,1.0,1.0,1.0
0.2863634220158531,1.0010827857900286,0.00031838772301564925,1.0,1.0,1.0
0.28641003126932674,0.9998851903484698,0.0003048136045785252,1.0,1.0,1.0
0.28668041977334724,1.0000740006696573,0.00030457086247270447,1.0,1.0,1.0
0.2867752987620804,1.0010716090914165,0.00030557629002684206,1.0,1.0,1.0
0.28698647793200394,1.0011763685615656,0.0003192495049511365,1.0,1.0,1.0
0.28699303828881284,0.9997857426054645,0.00030505136871913094,1.0,1.0,1.0
0.2871541713651311,1.0007870164860027,0.000305812314587265,1.0,1.0,1.0
0.28728232567560497,1.0014825462266637,0.00031809497849509007,1.0,1.0,1.0
0.2873145906189052,1.001914633413298,0.0003192918843925768,1.0,1.0,1.0
0.2874679931637729,1.0005284568389587,0.000305658203005958,1.0,1.0,1.0
0.28762842676226796,1.0013238282253818,0.00031978555853069885,1.0,1.0,1.0
0.28763295999878835,1.0015085179952445,0.00031482711237694526,1.0,1.0,1.0
0.28773604108221207,0.9997477677973035,0.00030547350294854464,1.0,1.0,1.0
0.2879808624207385,1.0001264130078609,0.00030531585229226147,1.0,1.0,1.0
0.28815498586574506,1.0014897587070737,0.0003192957431293609,1.0,1.0,1.0
0.2882275475049596,1.000088044049661,0.00030500820165753264,1.0,1.0,1.0
0.2883151233936019,1.0018100515696589,0.0003140061371432261,1.0,1.0,1.0
0.28831984250130915,1.0014063128453077,0.0003184255810509051,1.0,1.0,1.0
0.288504846083697,1.0000263909943092,0.00030469436038248426,1.0,1.0,1.0
0.28862233491474854,1.0007282721589519,0.0003054217706652509,1.0,1.0,1.0
0.2888289144449345,1.0003252201903445,0.0003051323358330882,1.0,1.0,1.0
0.2888852251998344,1.0008487564872315,0.00031893063648260554,1.0,1.0,1.0
0.2889618474753446,1.001782492603102,0.0003132603735059472,1.0,1.0,1.0
0.28898733346852623,1.0007137193658941,0.00030570856398038563,1.0,1.0,1.0
0.289291066753691,1.0004174020361285,0.00030565287527389563,1.0,1.0,1.0
0.28950712300485293,1.001336232003606,0.0003198613009086734,1.0,1.0,1.0
0.2895528205383471,1.0009015115246718,0.00030539438501033564,1.0,1.0,1.0
0.2896480725960515,1.0011537423819052,0.0003145398825325825,1.0,1.0,1.0
0.28979611723147514,0.9997850324801483,0.00030519820798991524,1.0,1.0,1.0
0.2900273028542699,1.0008335899601124,0.0003209305935468784,1.0,1.0,1.0
0.29004586269905985,1.0000442449900802,0.0003049812933144642,1.0,1.0,1.0
0.2900702631003895,1.0013020804326305,0.0003194331173390217,1.0,1.0,1.0
0.2901229483360055,1.001372566188251,0.0003180134114497386,1.0,1.0,1.0
0.2902726341387023,1.0007448933214045,0.0003183603624500863,1.0,1.0,1.0
0.29033108496264504,1.0002727674228042,0.0003049884911946797,1.0,1.0,1.0
0.2903399163073139,1.0017074676559583,0.00031404164589110767,1.0,1.0,1.0
0.2904657246325826,1.0004217817767027,0.00030569305458941036,1.0,1.0,1.0
0.2906672725667363,0.9996201057483839,0.0003051754005448985,1.0,1.0,1.0
0.29077987620834733,1.001833523570236,0.0003191919233741842,1.0,1.0,1.0
0.2908184295378078,1.0003683840748232,0.00030564984002232434,1.0,1.0,1.0
0.29099377707517426,1.0020581494635317,0.00031334360839575467,1.0,1.0,1.0
0.29111252155243506,1.000285209466405,0.00030561047140070926,1.0,1.0,1.0
0.29118310788344104,1.0004885147651967,0.00031925043204696606,1.0,1.0,1.0
0.291223514611886,1.001542156932723,0.0003182587846703268,1.0,1.0,1.0
0.29136907416565805,1.000351589269087,0.0003052762749678029,1.0,1.0,1.0
0.29138195531726296,1.0008861338661992,0.00031969797131284306,1.0,1.0,1.0
0.2916115829223145,0.9998335131170909,0.00030499894913715717,1.0,1.0,1.0
0.2916607020679862,1.0019994585946579,0.0003144579593792596,1.0,1.0,1.0
0.2918841330727844,0.9995854838587827,0.00032074126874674245,1.0,1.0,1.0
0.29210681211603173,1.0016198022211362,0.0003180154685649379,1.0,1.0,1.0
0.2921591556204248,1.0003121302003632,0.0003049758039353308,1.0,1.0,1.0
0.29222162444843036,1.0018565974459575,0.00031971222426549446,1.0,1.0,1.0
0.2923070973556037,1.0007463420483607,0.0003058914568596088,1.0,1.0,1.0
0.29236241003091124,1.002242338741263,0.0003140707495177648,1.0,1.0,1.0
0.2925085300882415,1.0001343025489808,0.0003050651364457034,1.0,1.0,1.0
0.2926473103172498,1.0003446312205195,0.0003056126076229856,1.0,1.0,1.0
0.29267074073311505,1.0016717158859814,0.0003199021671891822,1.0,1.0,1.0
0.292926362204426,1.0008589997261215,0.00031764701287690153,1.0,1.0,1.0
0.292932781901726,1.0003226318678842,0.0003055947661772916,1.0,1.0,1.0
0.29302419404992897,1.002248624379206,0.0003138844661141758,1.0,1.0,1.0
0.29311060423455615,1.001305411882576,0.0003193776216485861,1.0,1.0,1.0
0.2931846859559073,1.0000911370259111,0.00030530687966282607,1.0,1.0,1.0
0.293253537784949,1.001971630316513,0.0003198908090569098,1.0,1.0,1.0
0.29342756555780625,0.9994632899645084,0.0003048804273149744,1.0,1.0,1.0
0.2936555359850832,1.0023832203157867,0.00031279349420881017,1.0,1.0,1.0
0.2936706104282578,1.0014937534175101,0.00031488264183886444,1.0,1.0,1.0
0.2936901305632773,0.9997083920191415,0.0003036523813116149,1.0,1.0,1.0
0.29373810971401326,1.0018838824023129,0.0003211625210983023,1.0,1.0,1.0
0.2938892427407609,1.0010494950894808,0.0003193820364160885,1.0,1.0,1.0
0.2939894915048171,0.999952523847812,0.00030515884328674705,1.0,1.0,1.0
0.2941460084124401,1.0007678949036956,0.00030586123290980114,1.0,1.0,1.0
0.29416706092622746,1.0010587402265618,0.00031968059324784996,1.0,1.0,1.0
0.29435254566982394,1.000120076548555,0.0003050357235312806,1.0,1.0,1.0
0.29455785749729557,1.0012950980436197,0.0003200629373546578,1.0,1.0,1.0
0.2947517204990504,0.9999168715760759,0.00030550681995845095,1.0,1.0,1.0
0.2949212382177038,1.0017129700808964,0.0003183118451255277,1.0,1.0,1.0
0.29500023425623567,0.9995943780620341,0.00030528707185125195,1.0,1.0,1.0
0.29503501370108154,1.001498792987048,0.0003193349476620964,1.0,1.0,1.0
0.2950532537764552,1.0018068257807127,0.0003140166395297491,1.0,1.0,1.0
0.2951213795812748,1.0010240472238185,0.0003211579066513076,1.0,1.0,1.0
0.29515048502372565,1.0009809763776045,0.00031844210565093803,1.0,1.0,1.0
0.2952440946039019,1.0001918354679795,0.00030484590266427973,1.0,1.0,1.0
0.29551225634230605,0.9999399869467056,0.00030456150597818823,1.0,1.0,1.0
0.2956771474497586,1.0023834134586052,0.0003146773652792605,1.0,1.0,1.0
0.29569064556652735,1.0012595896248202,0.0003130135394468113,1.0,1.0,1.0
0.29579283719544947,1.002019660717915,0.0003193516928864886,1.0,1.0,1.0
0.29582210604797865,1.0000458163960149,0.00030517337903014614,1.0,1.0,1.0
0.295982294197529,1.0010076963345382,0.00030580511956834663,1.0,1.0,1.0
0.2960642101006101,1.0017956942240367,0.0003179103351548842,1.0,1.0,1.0
0.29610836339968216,1.0023072223936373,0.00031955184818328674,1.0,1.0,1.0
0.2962996488530223,1.000303577549438,0.0003057507503499768,1.0,1.0,1.0
0.29644126909644797,1.001911589220739,0.0003201044979724821,1.0,1.0,1.0
0.29656976733332385,0.999973008338518,0.00030557215312860056,1.0,1.0,1.0
0.2968153286077211,0.9995487452424529,0.00030529956122464524,1.0,1.0,1.0
0.2969126998126441,1.0019044199780265,0.0003183957039562513,1.0,1.0,1.0
0.29706133809304447,1.0003748211766896,0.0003050313573077027,1.0,1.0,1.0
0.2971081414347907,1.001468900127484,0.0003184374514600804,1.0,1.0,1.0
0.29733611929060544,0.9998608203750153,0.00030485804172949456,1.0,1.0,1.0
0.2974467442021478,1.0010032257276105,0.0003056176907931958,1.0,1.0,1.0
0.2976563168745088,0.9997229061849948,0.00030514018335285,1.0,1.0,1.0
0.29769271341604053,1.0021429741604568,0.000319315308024424,1.0,1.0,1.0
0.2977245339049057,1.0021956054938046,0.00031343201043674765,1.0,1.0,1.0
0.29781635033290854,1.000022383372095,0.0003056576577313738,1.0,1.0,1.0
0.298037759310418,1.002724430583094,0.00031832082505854896,1.0,1.0,1.0
0.2980457870789195,1.0020965334708,0.00031935800194684427,1.0,1.0,1.0
0.29812310435053746,1.0005673173391394,0.00030569486390238525,1.0,1.0,1.0
0.2983211615632797,1.0006199825679172,0.0003199414603006112,1.0,1.0,1.0
0.29841693860325336,1.0017793405209687,0.00031475031687712164,1.0,1.0,1.0
0.2986306890904302,0.9996497832587666,0.0003051963379145876,1.0,1.0,1.0
0.2988473683563768,1.001638819937285,0.00032109864203802986,1.0,1.0,1.0
0.2988722106718029,1.0011407498687883,0.00031939771238813006,1.0,1.0,1.0
0.2988793252088726,1.000405117589226,0.000305044576730528,1.0,1.0,1.0
0.2989010869466995,1.0016576445233805,0.00031816512073594384,1.0,1.0,1.0
0.29906231951407847,1.0010494547561701,0.0003185011489530208,1.0,1.0,1.0
0.2991054414803571,1.0017182188102463,0.0003142403695147224,1.0,1.0,1.0
0.2991617420772741,0.9996490631198706,0.00030495286623205916,1.0,1.0,1.0
0.29929188355322367,1.0008713020885291,0.00030567897368755716,1.0,1.0,1.0
0.29958862196053815,1.0010831553047874,0.00031846523004014853,1.0,1.0,1.0
0.2996480219257762,1.0002933654153718,0.0003057134225406872,1.0,1.0,1.0
0.2997570745245941,1.0018477966611534,0.0003134984874858411,1.0,1.0,1.0
0.2999451703304601,1.0004648242174727,0.0003054790960802906,1.0,1.0,1.0
0.2999794541336058,1.0017229548696613,0.00031947211028910056,1.0,1.0,1.0
0.30000775276219827,1.0023919144365026,0.00031833527364921987,1.0,1.0,1.0
0.3001973106259186,1.0007033511869918,0.0003198700059126923,1.0,1.0,1.0
0.3002033949792917,0.9999717967828686,0.0003054044608448373,1.0,1.0,1.0
0.30043039901057256,1.0019769163428478,0.00031462202902206494,1.0,1.0,1.0
0.30044620520209264,0.9997404598327727,0.0003051473930550744,1.0,1.0,1.0
0.30078500753410253,1.0013483166039545,0.0003195144438242954,1.0,1.0,1.0
0.30098942223577296,1.0001212150500578,0.0003049475653134713,1.0,1.0,1.0
0.3011288924636908,1.001813159391577,0.00031430413048239757,1.0,1.0,1.0
0.30113344619138616,1.0008182177408231,0.00030577334596167127,1.0,1.0,1.0
0.30133426322510104,0.9994386110580701,0.00030519714164166807,1.0,1.0,1.0
0.30147771266550194,1.0004869410921742,0.000305764448938155,1.0,1.0,1.0
0.3014807330497149,1.0005479646011861,0.00031973193406939596,1.0,1.0,1.0
0.30170101024115326,1.0016728350801414,0.0003173697383835516,1.0,1.0,1.0
0.3017658543761286,1.000284468315024,0.00030563357432784215,1.0,1.0,1.0
0.30178800458177335,1.0011564721035564,0.000313452073556286,1.0,1.0,1.0
0.30190824288166596,1.0015216525016304,0.00031925196800064334,1.0,1.0,1.0
0.302019293643923,1.0000257204901648,0.00030534413114068944,1.0,1.0,1.0
0.3020699123205475,1.0003523167305264,0.0003196210106735158,1.0,1.0,1.0
0.3022620444104973,1.0005844691695922,0.0003051163443392631,1.0,1.0,1.0
0.30244130949503756,1.0005153066229806,0.00031479831265085657,1.0,1.0,1.0
0.3025226335141724,0.9997369329235323,0.00030386353722211345,1.0,1.0,1.0
0.30256025207054904,0.9996240706509375,0.0003208281500563896,1.0,1.0,1.0
0.30269376475970944,1.0011513878111264,0.0003193154873198116,1.0,1.0,1.0
0.30281890007859147,0.9999338168136934,0.00030509784709260266,1.0,1.0,1.0
0.30295913440383515,1.0022583048913747,0.00031977596592090403,1.0,1.0,1.0
0.3029730650760598,0.9998545366636508,0.0003057413642427451,1.0,1.0,1.0
0.3031499692407884,1.0020789268731134,0.00031456919395883776,1.0,1.0,1.0
0.30317744624773013,1.0000346144488033,0.00030508866145503177,1.0,1.0,1.0
0.30330541416211076,0.9996510841780677,0.000305613037290829,1.0,1.0,1.0
0.3033692214220025,1.0022661163864106,0.0003200743564465156,1.0,1.0,1.0
0.3036969049973308,1.0019677099402067,0.00031815794357838693,1.0,1.0,1.0
0.30381734004976657,1.0018207955904108,0.0003138950337423461,1.0,1.0,1.0
0.30383479756383736,1.0005678896535495,0.0003053460286047292,1.0,1.0,1.0
0.30393714338423194,1.0017468257263802,0.0003183873783719034,1.0,1.0,1.0
0.30393902892703295,1.0016086419564278,0.00032113511724040413,1.0,1.0,1.0
0.304078097282229,0.9995704174772709,0.00030478698204570455,1.0,1.0,1.0
0.3043445443895507,1.000054827490882,0.00030446254896156384,1.0,1.0,1.0
0.30445276776676655,1.0025156609419081,0.00031304740987228704,1.0,1.0,1.0
0.30459863740276205,1.0006750112442624,0.00031923472827979736,1.0,1.0,1.0
0.30465074555274896,0.999764518934511,0.0003050313457557946,1.0,1.0,1.0
0.3048102974820779,1.0004727769373067,0.0003057068111360055,1.0,1.0,1.0
0.30484571278947215,1.0017390488739961,0.00031709551812807754,1.0,1.0,1.0
0.3049017127967062,1.00151939919282,0.00031950966697387044,1.0,1.0,1.0
0.30502347591988155,1.0003490636714465,0.0003051281437936543,1.0,1.0,1.0
0.30513112238188,1.000284698865791,0.0003056390559859205,1.0,1.0,1.0
0.3051689790056322,1.0012400509636992,0.00031464995909169616,1.0,1.0,1.0
0.3052537125917638,1.0005243060212754,0.00031987701114909753,1.0,1.0,1.0
0.30540353681527677,1.000706059816859,0.0003055415064184839,1.0,1.0,1.0
0.30565007068742034,0.9995984564140735,0.00030521204876468626,1.0,1.0,1.0
0.3056894111506452,1.0010266009002389,0.00031861767888462597,1.0,1.0,1.0
0.30575586865604976,1.0019219920510942,0.00031949492526548985,1.0,1.0,1.0
0.3058045889687264,0.9997026995555723,0.0003209411577775825,1.0,1.0,1.0
0.3058450998061346,1.0016024892044046,0.0003138716491327593,1.0,1.0,1.0
0.30589616945714226,1.0010670771796564,0.0003184612784408884,1.0,1.0,1.0
0.30616786158265086,0.9999043679542445,0.0003047649764258866,1.0,1.0,1.0
0.306270843048452,1.0006591230576383,0.00030547361204681596,1.0,1.0,1.0
0.3064841384827446,1.0002538326223083,0.00030509405282106794,1.0,1.0,1.0
0.3064870735190768,1.0017123843780913,0.00031345612422731126,1.0,1.0,1.0
0.3064997843897572,1.0012051020278545,0.00031913837014818777,1.0,1.0,1.0
0.3066451222730393,1.0004527115378172,0.0003055351560225426,1.0,1.0,1.0
0.30682056261481705,1.0013285561881182,0.00031808291128601905,1.0,1.0,1.0
0.3068404195147849,1.0013942471985078,0.0003192606402429513,1.0,1.0,1.0
0.30695525229839404,1.0002819801535492,0.00030559430816900265,1.0,1.0,1.0
0.3071348070913018,1.0006459502325162,0.0003198044304999225,1.0,1.0,1.0
0.3071855374304491,1.0017902680003552,0.0003147122691124766,1.0,1.0,1.0
0.3072209805356749,0.9998560260520198,0.00030536694329002346,1.0,1.0,1.0
0.3074652779008886,0.9991315865638088,0.0003051313588575733,1.0,1.0,1.0
0.3076670801966941,1.0003974090069392,0.0003209470748394694,1.0,1.0,1.0
0.3076737319652949,1.00138441352103,0.0003193806402932854,1.0,1.0,1.0
0.3076788673677626,1.002288638623506,0.0003181709042065462,1.0,1.0,1.0
0.30771276354698784,0.9998564524671254,0.0003049523994941648,1.0,1.0,1.0
0.3078514532552674,1.0018074510780524,0.0003184368687922475,1.0,1.0,1.0
0.30787116590645525,1.0027621349895377,0.000314028413728819,1.0,1.0,1.0
0.307992885591716,1.0001696176804284,0.00030491229858248037,1.0,1.0,1.0
0.3081169117664615,1.0002236004923846,0.00030554091952235727,1.0,1.0,1.0
0.308320888613423,1.000098368477755,0.00030523207670484143,1.0,1.0,1.0
0.30847752185201216,1.0001831264178136,0.0003056808147323131,1.0,1.0,1.0
0.3085200730087081,1.0017992320810123,0.00031340922237851166,1.0,1.0,1.0
0.3087776684106984,0.9996366442010062,0.0003055488246390759,1.0,1.0,1.0
0.30879159755937735,1.0016323228397421,0.0003181880981134069,1.0,1.0,1.0
0.3090375163583303,1.0004421945702822,0.0003052307179050005,1.0,1.0,1.0
0.30919981780157,1.001412434109956,0.0003145310815254115,1.0,1.0,1.0
0.3092805856333314,0.999936089559305,0.000305153530146539,1.0,1.0,1.0
0.30952616362151275,1.0006103298666076,0.00032083481581442907,1.0,1.0,1.0
0.30953157379303775,1.0007083111228423,0.0003050376275265339,1.0,1.0,1.0
0.30958781926821644,1.0015536062181103,0.00031943263391779177,1.0,1.0,1.0
0.30966506180050146,1.0016524217716098,0.00031797376383072256,1.0,1.0,1.0
0.30981963757318454,1.0004705430755374,0.00030498108776989114,1.0,1.0,1.0
0.30989486892337936,1.0016301409949213,0.0003143307017502513,1.0,1.0,1.0
0.30995936922320766,1.0002044498049114,0.0003057233455561706,1.0,1.0,1.0
0.3101601688314872,0.9995526427290701,0.0003051762608357059,1.0,1.0,1.0
0.31029031490038506,1.0011752116199504,0.00031949266358486755,1.0,1.0,1.0
0.3105515025951924,1.0017198608181728,0.0003134044211206324,1.0,1.0,1.0
0.31059879243866817,0.9996379048370484,0.00030549268138092454,1.0,1.0,1.0
0.31070559351486793,1.001775965704925,0.0003193037461470825,1.0,1.0,1.0
0.31085371964550745,1.0006317613938913,0.00030534390574247144,1.0,1.0,1.0
0.3108860453302782,1.000745662098718,0.0003197685146813493,1.0,1.0,1.0
0.31109629955602713,0.9997432003871113,0.00030499747667586815,1.0,1.0,1.0
0.3112115811645566,1.00180850686309,0.00031494114064601166,1.0,1.0,1.0
0.31164855167071437,0.9998324536560727,0.0003050578002720359,1.0,1.0,1.0
0.3117507883800812,1.0010683397655904,0.0003196000795677211,1.0,1.0,1.0
0.3117999847463011,1.0004333664882308,0.00030584305292573354,1.0,1.0,1.0
0.31191678905954845,1.0022606345225606,0.0003143641081787453,1.0,1.0,1.0
0.3120023951590838,0.9993833524873333,0.00030516580984462505,1.0,1.0,1.0
0.31218004079158845,1.0010356536090952,0.0003199372336489577,1.0,1.0,1.0
0.3124722326161731,1.0014514017425755,0.0003178978010054612,1.0,1.0,1.0
0.31258137792915974,1.001218382857827,0.0003135846185423283,1.0,1.0,1.0
0.3126325909820622,1.0021323712052934,0.0003193418262001527,1.0,1.0,1.0
0.31266933587278345,0.9997742374058461,0.00030519479213953225,1.0,1.0,1.0
0.3127233977326682,1.001926919970418,0.0003183786974422688,1.0,1.0,1.0
0.3127561669651584,1.00046929938956,0.00032128360737979783,1.0,1.0,1.0
0.312912310346519,0.9998024929523812,0.0003050122214688946,1.0,1.0,1.0
0.3131768622959612,0.999660370333826,0.00030415260392830377,1.0,1.0,1.0
0.3132147613837901,1.0015193628529186,0.00031296641719222946,1.0,1.0,1.0
0.31323485393559736,0.9996336785869347,0.0003207645979577133,1.0,1.0,1.0
0.3134795058759323,0.9998591711412937,0.0003051259485246661,1.0,1.0,1.0
0.3136268363136452,1.001223039316653,0.0003142320715542576,1.0,1.0,1.0
0.3136378998100895,1.0007104162458351,0.00030571813071633545,1.0,1.0,1.0
0.3136946404436145,1.000853537425779,0.00031956217845197034,1.0,1.0,1.0
0.3138474247238605,0.9998905696340523,0.0003050645588976037,1.0,1.0,1.0
0.3139365390829383,1.001461431407957,0.0003145185348832722,1.0,1.0,1.0
0.3140658942112964,1.0011680426233733,0.0003199161502788876,1.0,1.0,1.0
0.31423734390108393,0.9997446308888397,0.00030558056098407653,1.0,1.0,1.0
0.31446591353461884,1.0015592746674857,0.00031835065227817246,1.0,1.0,1.0
0.3144846670811603,1.0001465259083184,0.000305345965765242,1.0,1.0,1.0
0.31455566869313145,1.001287194884438,0.00031943915007686703,1.0,1.0,1.0
0.3146229866403587,1.0003048286378684,0.00032096050719984204,1.0,1.0,1.0
0.31468365100838014,1.0010690797195536,0.0003183605242895578,1.0,1.0,1.0
0.3147290631804367,0.9998852066826146,0.0003048076923618181,1.0,1.0,1.0
0.3149995127844818,0.9996972510239152,0.0003045503221730869,1.0,1.0,1.0
0.3152494705027875,1.0023602634943263,0.0003132576181445054,1.0,1.0,1.0
0.31530643649742274,1.0013675871525165,0.000319181970230298,1.0,1.0,1.0
0.3153122354593165,0.9996360425032522,0.00030504472698407524,1.0,1.0,1.0
0.31547350648702377,1.0006918516742729,0.0003057331246709319,1.0,1.0,1.0
0.31563462760890104,1.0004366129620985,0.0003192042314047973,1.0,1.0,1.0
0.3157870901480351,1.0002845176263166,0.000305621010012862,1.0,1.0,1.0
0.31594805795529624,1.0008721503443283,0.00031978680759141623,1.0,1.0,1.0
0.3159538726171789,1.0016342371678844,0.0003148745826175674,1.0,1.0,1.0
0.31605493767389703,0.9999650684514978,0.0003055270311063983,1.0,1.0,1.0
0.31629987768289425,0.9997932771412443,0.0003052629604063274,1.0,1.0,1.0
0.3164562921706846,1.001925861370587,0.00031830066555034296,1.0,1.0,1.0
0.316474826325404,1.0007986018561108,0.0003193562742325092,1.0,1.0,1.0
0.3165465874935194,0.9995009882120672,0.00030493820370362476,1.0,1.0,1.0
0.3166362623713006,1.0023361016302443,0.0003141237690553727,1.0,1.0,1.0
0.3166401745943688,1.0011549534459598,0.00031846008341666383,1.0,1.0,1.0
0.31682395544123665,1.0007990951625445,0.00030482195439538747,1.0,1.0,1.0
0.31694149837383634,1.00130643465467,0.00030549282859803847,1.0,1.0,1.0
0.31714799706935537,0.9999708602483457,0.0003051175853915576,1.0,1.0,1.0
0.3172048704400936,1.0014320920376152,0.0003190050575525047,1.0,1.0,1.0
0.317282915299157,1.001711772838951,0.00031343815450144124,1.0,1.0,1.0
0.31757086910104704,1.001917440567312,0.00031959310107829625,1.0,1.0,1.0
0.31757518951624775,1.0014934491202365,0.00031831013230207536,1.0,1.0,1.0
0.3176100104586226,1.0003489636835297,0.0003056375271664382,1.0,1.0,1.0
0.31782658139559317,0.999868440451666,0.00031981209712512716,1.0,1.0,1.0
0.3178718484662397,1.0000825494172931,0.0003052611972991407,1.0,1.0,1.0
0.3179689622931292,1.001867807509287,0.0003147528263826172,1.0,1.0,1.0
0.31811513377434153,0.9998549087449929,0.0003051779048994133,1.0,1.0,1.0
0.3183465895721156,1.001021035745531,0.0003209309617514029,1.0,1.0,1.0
0.3183650509249105,0.9998235866134922,0.00030498081889374215,1.0,1.0,1.0
0.3183903436539879,1.0009108310013544,0.00031935961103814734,1.0,1.0,1.0
0.31844357149846303,1.0016501102621393,0.00031805461883971197,1.0,1.0,1.0
0.31865007356225306,0.9999393365354002,0.00030498710006260913,1.0,1.0,1.0
0.3186607595466384,1.001824674752435,0.0003141251939207156,1.0,1.0,1.0
0.31878513914710993,1.0008583508463234,0.00030573748209462257,1.0,1.0,1.0
0.319137723365003,1.0002403059263714,0.0003057432661900326,1.0,1.0,1.0
0.31931483119460324,1.0015646860472118,0.0003132299587219137,1.0,1.0,1.0
0.31943159062370796,1.0002070027789582,0.00030554728306206335,1.0,1.0,1.0
0.3195030712993514,1.001851895432393,0.000319282033920733,1.0,1.0,1.0
0.31954396318717215,1.0012950376819263,0.0003182490842058552,1.0,1.0,1.0
0.31968795817232376,1.000346429456275,0.00030526032093846397,1.0,1.0,1.0
0.3197016576641829,1.000829993574706,0.0003198410507689194,1.0,1.0,1.0
0.31993060220804637,0.9994380288795877,0.0003049585057609689,1.0,1.0,1.0
0.31998156756306884,1.0015974033352584,0.00031453263676592863,1.0,1.0,1.0
0.3202036672964539,1.0006501106761796,0.00032086368061953004,1.0,1.0,1.0
0.32030153705302666,1.001877719692873,0.00031948824800979444,1.0,1.0,1.0
0.3204275422513376,1.0023849134998106,0.0003180882998798642,1.0,1.0,1.0
0.32047830217845785,0.9996232019338863,0.00030491592096440413,1.0,1.0,1.0
0.32054202381297614,1.0010049578258486,0.00031964076244890614,1.0,1.0,1.0
0.32062634810327495,1.0006024917478489,0.0003058733985680548,1.0,1.0,1.0
0.32068337233399546,1.00201820016995,0.00031442878132968526,1.0,1.0,1.0
0.32082780342443584,0.9988907696116488,0.00030494131219174086,1.0,1.0,1.0
0.3209665849441876,0.9998582081793245,0.000305702070500124,1.0,1.0,1.0
0.3209904532549217,1.0003356954458027,0.0003198275748867461,1.0,1.0,1.0
0.3212472239986184,1.001319771117236,0.00031771254145449327,1.0,1.0,1.0
0.32134523331538034,1.0022192207565441,0.000313802185836317,1.0,1.0,1.0
0.3214308077343162,1.0008455355687778,0.00031933250979567293,1.0,1.0,1.0
0.3215038431224855,1.0004057373752686,0.00030531486773471546,1.0,1.0,1.0
0.32150924999510266,1.0021919182217318,0.0003184268453588527,1.0,1.0,1.0
0.3217465892503242,0.9997523711210424,0.00030492887041548556,1.0,1.0,1.0
0.32197663107648333,1.002160600874674,0.0003130064852899601,1.0,1.0,1.0
0.32199158967274855,1.0020066184484333,0.0003150898905717326,1.0,1.0,1.0
0.32200906558574616,0.999008242239489,0.00030381280949636467,1.0,1.0,1.0
0.3220574759757824,1.0009446400638544,0.000321098123681829,1.0,1.0,1.0
0.3222091114461705,1.0008159342439227,0.00031935807630817885,1.0,1.0,1.0
0.32230865883622073,1.0008101835033574,0.0003052423530784844,1.0,1.0,1.0
0.3224650966839704,1.0008115019655035,0.0003058130264245617,1.0,1.0,1.0
0.32248714664291356,1.001139571587173,0.0003197390219407032,1.0,1.0,1.0
0.32267198558633936,0.9995591383577395,0.00030496019016034153,1.0,1.0,1.0
0.3227038506762767,1.0023010859894923,0.00031491607683107654,1.0,1.0,1.0
0.3230707671431787,1.0001327953679224,0.00030553625400963724,1.0,1.0,1.0
0.32324179377590667,1.001798752906302,0.0003183389392859965,1.0,1.0,1.0
0.3233191117182628,0.9999425886706893,0.00030528653536567507,1.0,1.0,1.0
0.3233550418169955,1.0017884376466302,0.00031940638800798517,1.0,1.0,1.0
0.32337413847179164,1.0019938567115971,0.00031417268622666754,1.0,1.0,1.0
0.3234408778347131,1.0008818865240965,0.00032117517588387597,1.0,1.0,1.0
0.32347072563322854,1.0013385360383091,0.00031837691401502403,1.0,1.0,1.0
0.3235629856291382,1.000379908281015,0.0003051447212181416,1.0,1.0,1.0
0.3238314828677744,1.0001179807643341,0.00030462230690398215,1.0,1.0,1.0
0.32399796229206856,1.0019004477061348,0.0003146816344673789,1.0,1.0,1.0
0.3240115912509065,1.0019647843084254,0.0003131186974821375,1.0,1.0,1.0
0.3241414341916311,1.0003280648817696,0.00030506908307402947,1.0,1.0,1.0
0.3243014981546253,1.0007007573099846,0.00030564315372959126,1.0,1.0,1.0
0.3243847371004591,1.0018193863722045,0.00031789021037346174,1.0,1.0,1.0
0.32442841231925,1.0019033410374452,0.0003195413281262192,1.0,1.0,1.0
0.32461875083905056,1.000132625756733,0.00030568628716556417,1.0,1.0,1.0
0.32472208662247226,1.0026554975111082,0.0003148093532170263,1.0,1.0,1.0
0.32476105019063084,1.0016494795710198,0.0003199932191114764,1.0,1.0,1.0
0.3248889436900697,1.0000480516794967,0.00030557642243011254,1.0,1.0,1.0
0.32513448237591547,1.0000383278274727,0.00030528663848078267,1.0,1.0,1.0
0.3252333639571603,1.0010733757390007,0.00031837734398531674,1.0,1.0,1.0
0.32527563204638454,1.0012019984290494,0.00031942248197847626,1.0,1.0,1.0
0.3253055704767007,1.0011397380348603,0.0003211156188985869,1.0,1.0,1.0
0.32538023666126037,1.0003340629485205,0.00030500671358054765,1.0,1.0,1.0
0.32540128898311593,1.0022492083834285,0.00031393141881748486,1.0,1.0,1.0
0.3254284854574223,1.0012912892096193,0.00031857758577318827,1.0,1.0,1.0
0.3256553616784572,1.0003673751098894,0.0003048876797630594,1.0,1.0,1.0
0.325766055283367,1.0004003596161937,0.0003055505774530365,1.0,1.0,1.0
0.32597566862517624,1.0004948760957597,0.00030516915444620533,1.0,1.0,1.0
0.3260454674983686,1.0011529805869954,0.0003133152631227787,1.0,1.0,1.0
0.32613553266955364,1.0000651250150256,0.00030558217128994657,1.0,1.0,1.0
0.32635825307283994,1.001311220682953,0.0003182409780081243,1.0,1.0,1.0
0.32636593814100934,1.0023591857365437,0.00031936454080546496,1.0,1.0,1.0
0.32644232976673493,0.9997852321799565,0.00030551903629571646,1.0,1.0,1.0
0.32664063125835696,1.0017932790131485,0.0003199860586714786,1.0,1.0,1.0
0.32670596985536804,0.9997971711061312,0.00030541370288769633,1.0,1.0,1.0
0.3267378357323665,1.0021149260288982,0.0003147835138894755,1.0,1.0,1.0
0.32694970499798615,1.000791007386032,0.00030535565762596794,1.0,1.0,1.0
0.3271666654105161,1.0004360061178876,0.0003209910666247978,1.0,1.0,1.0
0.32719230348773465,1.001522402907093,0.0003194411886363868,1.0,1.0,1.0
0.3271983714597013,1.000147360455776,0.0003050029719909967,1.0,1.0,1.0
0.32722158183854333,1.0012490969397754,0.000318159255265056,1.0,1.0,1.0
0.3273824894537398,1.001727048336976,0.00031859164269153835,1.0,1.0,1.0
0.3274265680343582,1.0020962413796477,0.00031410521353287705,1.0,1.0,1.0
0.3274810018200469,1.0002510145806303,0.00030501748631738587,1.0,1.0,1.0
0.32761102926417607,1.000963914777576,0.0003056202701182872,1.0,1.0,1.0
0.3279083819182915,1.0019590877722333,0.0003185558603875989,1.0,1.0,1.0
0.32796718361004196,1.0005821129140762,0.0003058030433516767,1.0,1.0,1.0
0.32807813348442316,1.0021563699556215,0.00031329434007651674,1.0,1.0,1.0
0.3282642435967489,0.9999761991140605,0.0003054339346709126,1.0,1.0,1.0
0.32829956840865293,1.002173238249026,0.00031941272306299396,1.0,1.0,1.0
0.32832821264182144,1.0020589783028904,0.00031833874127678587,1.0,1.0,1.0
0.3285224191861005,1.0004426917794123,0.0003053869605662723,1.0,1.0,1.0
0.3287652234491816,1.0000495378145804,0.00030513832461824715,1.0,1.0,1.0
0.3291047860467131,1.0025459501926122,0.00031957583832298037,1.0,1.0,1.0
0.3293328410453711,1.0011649083377898,0.0003196392445049917,1.0,1.0,1.0
0.3294497226339317,1.0019063278680762,0.000314153431561174,1.0,1.0,1.0
0.3294527053290608,1.0005421580105063,0.00030574232217670406,1.0,1.0,1.0
0.32965352767712375,1.0002138039674273,0.0003052332983905368,1.0,1.0,1.0
0.3297968548268386,1.000148870904681,0.0003057381609897619,1.0,1.0,1.0
0.32980059578528653,1.0026290692990052,0.0003198438521364567,1.0,1.0,1.0
0.3300218817161493,1.0005524419207261,0.00031727286193731694,1.0,1.0,1.0
0.33008491520865846,1.000489646346031,0.0003056853107528109,1.0,1.0,1.0
0.3301090488590557,1.0017889401777806,0.0003132602658662702,1.0,1.0,1.0
0.330228458956384,1.0014654214295873,0.00031929615182466704,1.0,1.0,1.0
0.33029484072466175,1.0026871375342863,0.0003185698920147796,1.0,1.0,1.0
0.33033817473625504,0.9998387639611828,0.0003053172546001826,1.0,1.0,1.0
0.3303894538149166,1.000575363891935,0.00031961290973162737,1.0,1.0,1.0
0.33058092785242366,0.9999517579039652,0.00030510604611793806,1.0,1.0,1.0
0.33076201994605015,0.9998647898215091,0.00031471247338630176,1.0,1.0,1.0
0.3308418413234335,1.000325776153301,0.0003039352088469302,1.0,1.0,1.0
0.3308796280232116,1.0002101287594571,0.00032090917331261456,1.0,1.0,1.0
0.3310136454047665,1.0012000317523642,0.0003193311427797332,1.0,1.0,1.0
0.3311380603813632,0.9996251126583948,0.0003051244819549356,1.0,1.0,1.0
0.3312793706569721,1.0019189596250375,0.00031976771225110753,1.0,1.0,1.0
0.3312922996890393,1.0003405450331009,0.00030580076852634354,1.0,1.0,1.0
0.3314709180008357,1.0013753213830372,0.0003143835413301264,1.0,1.0,1.0
0.3314965996226533,0.9999298374853913,0.0003052079274159488,1.0,1.0,1.0
0.33162439980708314,0.9999386989192252,0.000305577070254713,1.0,1.0,1.0
0.331688771467725,1.0006134611879862,0.0003199934089483657,1.0,1.0,1.0
0.33201747023633743,1.0010775253940905,0.0003181544346646868,1.0,1.0,1.0
0.3321383688377679,1.0017357046412374,0.00031397680088100354,1.0,1.0,1.0
0.3321538142781435,0.999771780166928,0.0003053195690876695,1.0,1.0,1.0
0.33225739528799636,1.001466832738063,0.00031845100314003595,1.0,1.0,1.0
0.3322585378293468,1.001143163923387,0.00032121305805407006,1.0,1.0,1.0
0.332397263312771,0.9997886051407417,0.00030494872639876013,1.0,1.0,1.0
0.33266362742739375,1.000063395480518,0.00030450085151692417,1.0,1.0,1.0
0.332773855768997,1.001766008492284,0.00031302331685764304,1.0,1.0,1.0
0.3329184812507151,1.0007874447743568,0.00031923278322930424,1.0,1.0,1.0
0.3329699276474116,0.9999867350267042,0.00030502252555454087,1.0,1.0,1.0
0.3331295091737445,1.0004758691269047,0.0003056202636867521,1.0,1.0,1.0
0.3331662507608826,1.001599106705962,0.0003171725608816428,1.0,1.0,1.0
0.33322191290818637,1.0011208380182728,0.0003195894462132691,1.0,1.0,1.0
0.33334279661130495,1.0002457621943932,0.00030514385994346563,1.0,1.0,1.0
0.33345022968225635,1.0000917779528766,0.000305614986170287,1.0,1.0,1.0
0.33348990614522833,1.0016944508384313,0.0003146780359852506,1.0,1.0,1.0
0.333573504980194,1.0003821249578628,0.00031992908649393435,1.0,1.0,1.0
0.3337225773282171,1.0007157681524714,0.0003054683163141103,1.0,1.0,1.0
0.3339690861109261,0.9995506540251258,0.00030520081126406254,1.0,1.0,1.0
0.33401008529865805,1.0012843735235961,0.00031863136170964053,1.0,1.0,1.0
0.33407587191450716,1.0013905403966434,0.0003194200149261876,1.0,1.0,1.0
0.33412420452120273,1.0014001940526218,0.0003210111631875747,1.0,1.0,1.0
0.33421412073971624,1.0003060204580316,0.00030484706322746376,1.0,1.0,1.0
0.33421638651002183,1.0010543517630721,0.00031837457792201305,1.0,1.0,1.0
0.33448682138191543,1.0002911261412697,0.0003048095354841987,1.0,1.0,1.0
0.33459016285246435,1.0005747530161628,0.00030543873835194816,1.0,1.0,1.0
0.3348033436801643,1.0000949691860346,0.00030510464418903176,1.0,1.0,1.0
0.3348080111462064,1.0017944954226468,0.00031336713384938264,1.0,1.0,1.0
0.3348195920960393,1.0009349412517516,0.0003190529851508144,1.0,1.0,1.0
0.3349641731020654,0.9997652502115193,0.0003054053447033691,1.0,1.0,1.0
0.3351409287520255,1.0010613298329651,0.0003180544232641226,1.0,1.0,1.0
0.3352742055227793,1.000250009807908,0.00030563372786855057,1.0,1.0,1.0
0.3354544266673827,1.000947294354223,0.00031985459265681084,1.0,1.0,1.0
0.3355065805682216,1.0013604041173558,0.00031459625404194205,1.0,1.0,1.0
0.3355401515780727,1.0008399484855448,0.00030545749997755445,1.0,1.0,1.0
0.33578429348574446,1.000305173993649,0.0003052879951929856,1.0,1.0,1.0
0.3359865258511263,1.000970969958607,0.0003208982518490876,1.0,1.0,1.0
0.33599937257572066,1.0005147974288944,0.00031805291150528454,1.0,1.0,1.0
0.33603194523823277,1.0000173130937686,0.0003049396936427014,1.0,1.0,1.0
0.3361716348118904,1.0012632828258512,0.0003184293646141133,1.0,1.0,1.0
0.3361920215694738,1.0017654185371074,0.00031417393001248044,1.0,1.0,1.0
0.3363118622415868,0.9995779406504548,0.0003048188389348165,1.0,1.0,1.0
0.3364362047869349,0.9998496632260201,0.00030543265432070494,1.0,1.0,1.0
0.3366401183860148,1.0006872298465543,0.0003053453302814293,1.0,1.0,1.0
0.33679669015151603,1.0003477704156323,0.0003057062763103314,1.0,1.0,1.0
0.3368409977281033,1.001461304033958,0.00031342961920281966,1.0,1.0,1.0
0.3370955009760195,1.0022253530952225,0.00031942180330231927,1.0,1.0,1.0
0.3370967458619418,0.9997038795437371,0.0003055221933802828,1.0,1.0,1.0
0.3371122073300654,1.0013844856674066,0.00031825031913253817,1.0,1.0,1.0
0.3373315875450942,1.0001305114432855,0.00031969842641018867,1.0,1.0,1.0
0.33735668094686844,0.999972675570294,0.00030526269419046807,1.0,1.0,1.0
0.3375206994413986,1.0021169829457643,0.0003146788830525297,1.0,1.0,1.0
0.33759960291232005,0.9993788366027955,0.0003050701128717264,1.0,1.0,1.0
0.33784544034597275,1.0004253823920162,0.00032082068509067785,1.0,1.0,1.0
0.3378507656289571,1.0009176597886462,0.0003050710968286541,1.0,1.0,1.0
0.33790774863997797,1.001259287912508,0.000319343948096268,1.0,1.0,1.0
0.3379856746266938,1.001837095260562,0.0003179905908604664,1.0,1.0,1.0
0.338123380267362,1.0016317526257779,0.00031977637412146544,1.0,1.0,1.0
0.3381387711831394,0.9996664091091726,0.0003049271072818569,1.0,1.0,1.0
0.33821598290242605,1.00242393182678,0.00031433231290885417,1.0,1.0,1.0
0.338278636428214,1.0011351816670007,0.00030576375755125005,1.0,1.0,1.0
0.3384794244195177,1.0000287400925727,0.00030515992289602387,1.0,1.0,1.0
0.33861005096875374,1.000745482709296,0.00031955794934691113,1.0,1.0,1.0
0.3386269080108377,0.9999355622967748,0.00030568391571111144,1.0,1.0,1.0
0.33879607038880977,1.0012824375835476,0.00031681625556154164,1.0,1.0,1.0
0.3388725518742213,1.0016036732366802,0.0003135014708810381,1.0,1.0,1.0
0.33902554434574483,1.0007364316408556,0.00031928773263729314,1.0,1.0,1.0
0.3391727406354619,0.999717038448831,0.00030525229597880396,1.0,1.0,1.0
0.33920545918931566,1.0006124298414265,0.00031966841505607415,1.0,1.0,1.0
0.3394151815357418,0.9995370236556946,0.0003050375328288122,1.0,1.0,1.0
0.33953243826960744,1.0014292151120257,0.0003149617537640829,1.0,1.0,1.0
0.33996756652953763,1.0000905166212941,0.00030508980807779465,1.0,1.0,1.0
0.34007103656279014,1.0015626839454899,0.0003196375371853377,1.0,1.0,1.0
0.3401190888298231,1.0008112181855475,0.0003058699199398508,1.0,1.0,1.0
0.34023774426337994,1.0017295727406126,0.00031401230531219617,1.0,1.0,1.0
0.3403218164501709,1.0008198290483088,0.00030529772868555206,1.0,1.0,1.0
0.34045523311232273,1.000796536471706,0.0003057139325982164,1.0,1.0,1.0
0.3404997413737476,1.0005765863511522,0.0003198746753169431,1.0,1.0,1.0
0.3407928078586693,1.0008795649994657,0.00031790393065282067,1.0,1.0,1.0
0.34090241203151805,1.0015698405299078,0.0003136986707165323,1.0,1.0,1.0
0.3409526436226855,1.0015843704877676,0.0003193551725476604,1.0,1.0,1.0
0.34098821479702224,0.9998555136210435,0.00030521980857003923,1.0,1.0,1.0
0.3410756865062865,1.0016218808898858,0.00032126493145171066,1.0,1.0,1.0
0.3412313358541894,0.9994648590265243,0.0003049410386036107,1.0,1.0,1.0
0.34149580200755736,0.9998208172757559,0.0003042193668510717,1.0,1.0,1.0
0.34153571433885377,1.000911016347457,0.00031271008421522416,1.0,1.0,1.0
0.3415542108392913,1.0013766544977043,0.0003208333918226155,1.0,1.0,1.0
0.3417238722828415,1.0009546245576388,0.0003192755454880703,1.0,1.0,1.0
0.3417986806293243,0.9995054847527737,0.00030517127602685434,1.0,1.0,1.0
0.3419472463270665,1.0012311596760295,0.00031442691288540814,1.0,1.0,1.0
0.34195711893377734,1.0010834237426538,0.00030577901837765546,1.0,1.0,1.0
0.3420148524846667,1.0016613183810787,0.00031956675282703,1.0,1.0,1.0
0.3421668744018689,0.9993542944797242,0.00030496903284839207,1.0,1.0,1.0
0.34225747331170453,1.0017110523754835,0.00031455143526454266,1.0,1.0,1.0
0.34238555961991324,1.0007124452545058,0.00031996907661603646,1.0,1.0,1.0
0.3425563873182682,0.9998331325508955,0.00030555017443060345,1.0,1.0,1.0
0.34278645876663916,1.0011204912581135,0.0003184252885639182,1.0,1.0,1.0
0.34280368273661566,1.0003985331838747,0.00030525953299169315,1.0,1.0,1.0
0.3428758231435012,1.0016790165494989,0.0003194279011098039,1.0,1.0,1.0
0.34293073456508694,1.001275198923527,0.0003140420381164261,1.0,1.0,1.0
0.3429426125089492,0.9998444770253659,0.00032097012969434143,1.0,1.0,1.0
0.343004018264935,1.0012296280039934,0.0003183690795954967,1.0,1.0,1.0
0.3430480951823256,1.0005602193856808,0.00030486619142910834,1.0,1.0,1.0
0.34331860593675856,0.9997510319551892,0.0003046148241225065,1.0,1.0,1.0
0.3434140953503686,1.0006369561640338,0.00030548040546498235,1.0,1.0,1.0
0.34357041216358386,1.001018017901063,0.00031319478668261823,1.0,1.0,1.0
0.343626256153442,1.0010332614085813,0.0003191848198580081,1.0,1.0,1.0
0.34363129428504635,0.9998458607429355,0.0003050646982015169,1.0,1.0,1.0
0.343792564425371,1.0008228397357006,0.00030586167680226434,1.0,1.0,1.0
0.3439232188025727,1.0011837511257067,0.0003181030761663753,1.0,1.0,1.0
0.3439549417823855,1.001618083789339,0.0003193542483243971,1.0,1.0,1.0
0.344106048212808,0.9994035230659097,0.0003056341877788893,1.0,1.0,1.0
0.3442676888356857,1.0006000751606658,0.00031980787904752,1.0,1.0,1.0
0.3442749234995901,1.0018708831858125,0.0003148294234999568,1.0,1.0,1.0
0.3443739725396995,1.0006113696346783,0.0003055693012053362,1.0,1.0,1.0
0.3446187544188888,0.9997866852190398,0.00030529314066761514,1.0,1.0,1.0
0.3447769459890111,1.0016172233389857,0.00031838224865262174,1.0,1.0,1.0
0.34479480474654167,1.0009228955650034,0.0003193688405737006,1.0,1.0,1.0
0.3448654889659224,1.0004315106198007,0.00030502762310075527,1.0,1.0,1.0
0.3449572624395927,1.001217943211139,0.0003140808133716145,1.0,1.0,1.0
0.3449605066773387,1.0005895472118598,0.0003184487651471145,1.0,1.0,1.0
0.34514306495003666,1.0000200702737723,0.00030468114309978366,1.0,1.0,1.0
0.3452609386937411,1.0003215267570966,0.0003055254343783974,1.0,1.0,1.0
0.3454673571293938,1.0001367841046545,0.00030514851446110353,1.0,1.0,1.0
0.3455246539544419,0.9997386026951125,0.0003189575249057402,1.0,1.0,1.0
0.34560384437491276,1.001492741077109,0.00031338231960678387,1.0,1.0,1.0
0.34589581025851146,1.0014329464844045,0.00031825675239180126,1.0,1.0,1.0
0.34592909243764325,1.000906708709414,0.000305628334829089,1.0,1.0,1.0
0.34614617807048376,1.000575407555711,0.0003198819408644592,1.0,1.0,1.0
0.34619073795866484,0.9997641175496073,0.0003052815493227598,1.0,1.0,1.0
0.34628971308081447,1.002143428967882,0.00031476153236918264,1.0,1.0,1.0
0.3464341502466084,0.9996761360274921,0.0003051535280658884,1.0,1.0,1.0
0.34666601489686855,1.000526960799472,0.00032094588000782496,1.0,1.0,1.0
0.3466839620478481,0.9997894313055109,0.0003049880809839113,1.0,1.0,1.0
0.3467101470139937,1.0011875322455543,0.00031933687868067475,1.0,1.0,1.0
0.34676419466092057,1.0009823323441795,0.0003180135000851156,1.0,1.0,1.0
0.3469133655962935,1.0010350227409777,0.00031843905147048706,1.0,1.0,1.0
0.3469693395571767,1.0004259815367482,0.0003050243484355785,1.0,1.0,1.0
0.3469818798081228,1.001866226403117,0.0003142270574876744,1.0,1.0,1.0
0.34710427614533046,1.00031777253815,0.0003057203646171974,1.0,1.0,1.0
0.3473059046620506,1.0002119385530175,0.00030524106097803,1.0,1.0,1.0
0.34741923332504143,1.0012101482174283,0.0003192101581542032,1.0,1.0,1.0
0.34745673967591983,1.0001407139453944,0.0003057041327354831,1.0,1.0,1.0
0.34763588530394784,1.0016088609349163,0.00031344260949942466,1.0,1.0,1.0
0.34775052077552004,0.9999245579509902,0.00030564391038330984,1.0,1.0,1.0
0.3478231733019612,1.0012550426251117,0.0003193373353572576,1.0,1.0,1.0
0.34786455004662287,1.0014970703102077,0.00031823819524262235,1.0,1.0,1.0
0.34800711920112803,1.0002503277072659,0.0003052744196121761,1.0,1.0,1.0
0.34802108218218564,1.00052125403984,0.0003197709351985109,1.0,1.0,1.0
0.34824976010068553,0.9993780294459175,0.0003049789537596945,1.0,1.0,1.0
0.34830243306823405,1.001120003147131,0.0003147397030840464,1.0,1.0,1.0
0.3485229240139347,0.9995700251427628,0.0003207792823617394,1.0,1.0,1.0
0.3486215804968822,1.0014394170564913,0.0003194449471132479,1.0,1.0,1.0
0.3487975875248708,0.9999595209962311,0.0003049950531386868,1.0,1.0,1.0
0.3488622839454081,1.001532904741323,0.0003196203151446282,1.0,1.0,1.0
0.34894573744770696,1.0004107109338771,0.0003058358635337626,1.0,1.0,1.0
0.3490044729212691,1.001961151274332,0.00031434767379628285,1.0,1.0,1.0
0.3491470769925513,0.999458811010144,0.00030494549566391555,1.0,1.0,1.0
0.3493101654540567,1.0008720665297879,0.00031990637375003527,1.0,1.0,1.0
0.3495678085992253,1.0018708554399147,0.0003177485590365123,1.0,1.0,1.0
0.34957075740686605,0.9996528796684689,0.00030559547991821544,1.0,1.0,1.0
0.3496664110263623,1.0012987694666096,0.0003137150259468967,1.0,1.0,1.0
0.34975073404048374,1.0013305750939718,0.0003193285193724648,1.0,1.0,1.0
0.34982286160149556,1.0003565903965834,0.00030530087026345765,1.0,1.0,1.0
0.34982966372957947,1.0010013364853085,0.00031831626790286853,1.0,1.0,1.0
0.34989246022362863,1.0000422156864717,0.000319802303350812,1.0,1.0,1.0
0.35006561294287053,0.9997918407976197,0.00030495894542273167,1.0,1.0,1.0
0.3502977261779676,1.0017654760094512,0.00031297199647223757,1.0,1.0,1.0
0.35031229173372935,1.001284199139172,0.0003150943859804441,1.0,1.0,1.0
0.35032827791269483,1.0008346074394914,0.000303874952035099,1.0,1.0,1.0
0.35037670365088047,1.0008706286569027,0.0003210215890593096,1.0,1.0,1.0
0.3505289795061799,1.001439549810477,0.00031928445025965625,1.0,1.0,1.0
0.3506279649560611,1.0006554478669365,0.0003052846275005814,1.0,1.0,1.0
0.3507844618264073,1.0004891157828224,0.0003057512192044262,1.0,1.0,1.0
0.35080737063370293,1.001586130538819,0.00031962402277019574,1.0,1.0,1.0
0.3509912871581946,0.9999930608138919,0.0003050126330226367,1.0,1.0,1.0
0.35102465341758915,1.0022455975771922,0.0003147425027390283,1.0,1.0,1.0
0.3511972118711242,1.0017443344663752,0.00032006799613074164,1.0,1.0,1.0
0.3513899523739781,0.9993621392566326,0.0003054719377059904,1.0,1.0,1.0
0.35156248760820574,1.0013516639517261,0.0003183800088228136,1.0,1.0,1.0
0.351638127867858,1.000235050976817,0.00030529271844113214,1.0,1.0,1.0
0.3516752082070269,1.0011387175554174,0.0003193342821947179,1.0,1.0,1.0
0.35169516161266046,1.0019623256049581,0.00031400286055397635,1.0,1.0,1.0
0.35176051436224043,0.9999722186340164,0.0003210664044357453,1.0,1.0,1.0
0.3517911045168205,1.0009220456480552,0.000318387493919786,1.0,1.0,1.0
0.3518821539185524,1.000336484020602,0.0003049742526326013,1.0,1.0,1.0
0.3521505709477424,0.9999666631881454,0.0003045769822584437,1.0,1.0,1.0
0.35231877712429593,1.0016245789791982,0.0003141118800936224,1.0,1.0,1.0
0.3523326753808167,1.001715731900277,0.00031315265296342587,1.0,1.0,1.0
0.3524325006994218,1.0009709711324188,0.0003193239692652773,1.0,1.0,1.0
0.352460485353447,1.000055938327207,0.0003050971452188716,1.0,1.0,1.0
0.35262084069844946,1.0002355014392066,0.0003056046891893963,1.0,1.0,1.0
0.3527051248581188,1.0008763558747222,0.00031780065467062384,1.0,1.0,1.0
0.3527487384424859,1.001292863266241,0.0003195490309810147,1.0,1.0,1.0
0.3529378528149607,0.9999048028448928,0.0003057511679340501,1.0,1.0,1.0
0.35304300634012264,1.0017897134722553,0.0003146810986840556,1.0,1.0,1.0
0.3532078427019769,0.9999697600141891,0.00030557679220428546,1.0,1.0,1.0
0.35345349763809963,0.9995634220823133,0.00030519930612917266,1.0,1.0,1.0
0.3535540277789835,1.0016878730511987,0.0003183779308149601,1.0,1.0,1.0
0.3535956227197943,1.0009365329642916,0.0003194379179090202,1.0,1.0,1.0
0.3536250367834839,1.0006320303314546,0.00032097769378984514,1.0,1.0,1.0
0.3536994124532953,0.9995785103008828,0.0003049407999122629,1.0,1.0,1.0
0.3537222951825818,1.0022800398178542,0.00031418079749596266,1.0,1.0,1.0
0.35374882884475767,1.001651471199932,0.0003184360598698654,1.0,1.0,1.0
0.3539744656208086,1.0005270776898199,0.000304923404377579,1.0,1.0,1.0
0.35408536572927574,1.0007691706300743,0.000305610446167981,1.0,1.0,1.0
0.3542947434242478,1.0000395029213611,0.00030511927107595277,1.0,1.0,1.0
0.3543321660499714,1.0016091210203903,0.0003192673448374825,1.0,1.0,1.0
0.3543665395272777,1.0015228712138178,0.0003134145710226777,1.0,1.0,1.0
0.3546788847866793,1.0016972202152212,0.0003182824752294409,1.0,1.0,1.0
0.3546860888803991,1.0009003478296967,0.0003193521924971649,1.0,1.0,1.0
0.35476141657608196,0.9999830818886978,0.0003055945961583495,1.0,1.0,1.0
0.3549602392275517,1.0011648673893272,0.0003199416168468847,1.0,1.0,1.0
0.3550249998706647,1.0004152881533037,0.0003054979564065631,1.0,1.0,1.0
0.35526858238944214,0.999741145871732,0.0003053071928802566,1.0,1.0,1.0
0.35548610041607276,1.0007518376637115,0.0003210401707773197,1.0,1.0,1.0
0.3555121187773125,1.0018775998954124,0.00031947563402986355,1.0,1.0,1.0
0.3555174178214884,0.9996244899664609,0.0003050084495440563,1.0,1.0,1.0
0.3557029359415935,1.0020057161492508,0.00031858683386035564,1.0,1.0,1.0
0.3557475560016492,1.001777834123634,0.0003143359796669339,1.0,1.0,1.0
0.3559304521687352,1.0002748385958418,0.0003056310869449024,1.0,1.0,1.0
0.35622814122058344,1.0007374900206594,0.00031852816105992283,1.0,1.0,1.0
0.3562864837196855,1.0000796815679294,0.00030576226059055077,1.0,1.0,1.0
0.35658331669162635,1.0016700441725068,0.00030561854500619557,1.0,1.0,1.0
0.3566195437642108,1.0011096415238134,0.00031940665050277014,1.0,1.0,1.0
0.3566488107955479,1.0014850861037428,0.0003183392797526255,1.0,1.0,1.0
0.35683645943399256,1.0015363159268449,0.00031989131153604196,1.0,1.0,1.0
0.35684130464488817,1.0006271154683017,0.0003053742838852076,1.0,1.0,1.0
0.3570720075587772,1.0012360366751143,0.00031471690123305226,1.0,1.0,1.0
0.35708410309948135,0.9997910827180471,0.0003051226178382449,1.0,1.0,1.0
0.3574248417428407,1.0011658172037141,0.00031948500215960983,1.0,1.0,1.0
0.357627563796882,0.9997330386291844,0.00030499925844439395,1.0,1.0,1.0
0.3576531131174647,1.000840330942769,0.00031961878996262887,1.0,1.0,1.0
0.3577708296750721,1.001920802865453,0.0003143610656765456,1.0,1.0,1.0
0.35777196413394563,1.0008145425796242,0.00030578169389474085,1.0,1.0,1.0
0.35797265370376863,1.0003422638129071,0.00030527047307193076,1.0,1.0,1.0
0.3581159969780856,1.0003841346492244,0.0003056854057400482,1.0,1.0,1.0
0.35834261426157354,1.00033019278884,0.0003172738535869487,1.0,1.0,1.0
0.35840397605124963,1.0001214109275198,0.0003057035501643262,1.0,1.0,1.0
0.358430093136338,1.0009540101842094,0.00031322246071485433,1.0,1.0,1.0
0.358548397202199,1.002045901388823,0.00031929445131740453,1.0,1.0,1.0
0.3586151271465212,1.0022992904188637,0.0003185778619101058,1.0,1.0,1.0
0.3588999499617671,1.000232053450504,0.0003050982965046616,1.0,1.0,1.0
0.3590828686610763,1.0000036776479515,0.0003147330163750696,1.0,1.0,1.0
0.3591988650563849,0.9999878812183117,0.0003208569057714533,1.0,1.0,1.0
0.35933352571706223,1.00126792982725,0.0003194318579433845,1.0,1.0,1.0
0.3594572208958766,1.0006132573302575,0.0003051921378975099,1.0,1.0,1.0
0.3596116728887466,1.0007534784415113,0.0003058659853663118,1.0,1.0,1.0
0.35981589183643337,0.9999455660064663,0.00030515117968828897,1.0,1.0,1.0
0.35994366233302344,0.999759443871177,0.00030565423546256187,1.0,1.0,1.0
0.360008460100147,1.0007487038405019,0.00032001922690007365,1.0,1.0,1.0
0.3602232667070382,0.9983835383692963,0.00030514346118240863,1.0,1.0,1.0
0.3603381740620506,1.0014167188564385,0.00031818131535722895,1.0,1.0,1.0
0.36045953588978463,1.001696004152085,0.0003138738957207455,1.0,1.0,1.0
0.36047283107311046,0.9999265194865044,0.0003053511772952693,1.0,1.0,1.0
0.36057804639889923,1.0007693210893278,0.0003211230445774179,1.0,1.0,1.0
0.36071615228084397,1.0007889333444049,0.0003049681850398315,1.0,1.0,1.0
0.3609825720197364,1.0000992889688494,0.000304503429307019,1.0,1.0,1.0
0.3610949436098809,1.0020900509630344,0.00031318154013507506,1.0,1.0,1.0
0.3612384637055186,1.001108128803014,0.00031924225754385806,1.0,1.0,1.0
0.36128897130657833,1.0004708628584873,0.00030512356515832864,1.0,1.0,1.0
0.3614485816333115,0.999564911360479,0.00030572156510683465,1.0,1.0,1.0
0.3615421123642051,1.001508615625023,0.00031962578026119184,1.0,1.0,1.0
0.3616621176153103,1.0003147026478891,0.0003052464161459549,1.0,1.0,1.0
0.3617694754281331,1.000112424099336,0.00030560879262698387,1.0,1.0,1.0
0.3618931587617453,1.0007847323022903,0.0003199125694718209,1.0,1.0,1.0
0.36204175643791814,0.9998775359780038,0.00030533936462452346,1.0,1.0,1.0
0.3622881014437098,1.0008095674436484,0.00030532125934928884,1.0,1.0,1.0
0.36233075911388823,1.0005725416910887,0.0003185304820205338,1.0,1.0,1.0
0.3623958748603542,1.0004695488432676,0.00031942075999291897,1.0,1.0,1.0
0.3624436811441001,0.9995270876961779,0.0003209113395679315,1.0,1.0,1.0
0.36248712348924883,1.0017945770481527,0.0003140138690598112,1.0,1.0,1.0
0.362533155323149,0.9999336073584556,0.00030493706839599836,1.0,1.0,1.0
0.362536741826915,1.0004493223686894,0.0003183991152724913,1.0,1.0,1.0
0.3628059199191398,1.0006972276290294,0.00030492771287839626,1.0,1.0,1.0
0.36290948233380504,1.0000757679695664,0.0003055154791964482,1.0,1.0,1.0
0.3631225490894394,0.9997141604629978,0.0003050648835478415,1.0,1.0,1.0
0.3631290872087831,1.0014636403910941,0.0003135268001574945,1.0,1.0,1.0
0.3631392608929218,1.0005086671754115,0.00031908512565404623,1.0,1.0,1.0
0.36328336221527024,1.0007288468163809,0.0003055272369608332,1.0,1.0,1.0
0.3634615717500367,1.0007381611459767,0.0003180616390548064,1.0,1.0,1.0
0.3634807455081841,1.0014896909093096,0.0003194823600457819,1.0,1.0,1.0
0.36359343577939285,1.0000331485439855,0.00030563128476837566,1.0,1.0,1.0
0.36377404593082474,1.001103974699071,0.0003198687093357749,1.0,1.0,1.0
0.36385904542686376,1.000635405617018,0.0003054509647072577,1.0,1.0,1.0
0.36410330897984977,0.9999421240107527,0.000305277120974214,1.0,1.0,1.0
0.36430597117276875,1.000107187007548,0.00032097370746481964,1.0,1.0,1.0
0.3643138028696029,1.0018259048412879,0.0003194653227224957,1.0,1.0,1.0
0.36432015434196785,1.0003630868564262,0.00031799373519747276,1.0,1.0,1.0
0.36435098841337776,0.999875972464019,0.0003049302624456933,1.0,1.0,1.0
0.3644920932293019,1.0006607674190091,0.00031843176618888945,1.0,1.0,1.0
0.3645130154965095,1.0012278124476557,0.0003139818779668739,1.0,1.0,1.0
0.36463097765971497,0.999696840206762,0.0003048726589801551,1.0,1.0,1.0
0.36475549747461855,1.0008970809245448,0.00030561817693062387,1.0,1.0,1.0
0.36495920972316753,1.0007979712707469,0.00030528956683387,1.0,1.0,1.0
0.3651157196928523,1.000079314428878,0.00030574005988527164,1.0,1.0,1.0
0.36516206087286207,1.0011903556254482,0.00031340357072841615,1.0,1.0,1.0
0.3654156271806386,1.0017077982081972,0.00031938658320823275,1.0,1.0,1.0
0.36541596192003567,0.9997137999519491,0.0003055656188214253,1.0,1.0,1.0
0.36543267784848865,1.0014181836127474,0.0003182753303837199,1.0,1.0,1.0
0.3656513115124369,1.0004673219974816,0.0003197154525925794,1.0,1.0,1.0
0.365675706938589,1.0003676165218087,0.000305274443407517,1.0,1.0,1.0
0.3658417193452479,1.0013026814962396,0.00031477406353732073,1.0,1.0,1.0
0.36591862018124743,0.9998542681617966,0.00030516400328977125,1.0,1.0,1.0
0.3661649939312497,0.999864145573793,0.00032073512356100756,1.0,1.0,1.0
0.3661696804124972,0.9998226619611787,0.0003050176632097102,1.0,1.0,1.0
0.36622753941493613,1.000535087721838,0.0003193701704493384,1.0,1.0,1.0
0.3663062868175899,1.0008902613731587,0.0003179644993566362,1.0,1.0,1.0
0.366443525682314,1.001498122934043,0.0003197786874032847,1.0,1.0,1.0
0.36645790497465214,1.0005334968337833,0.00030484775170141543,1.0,1.0,1.0
0.3665369579519009,1.0024936288206474,0.000314474965319208,1.0,1.0,1.0
0.36659776503640273,1.0003845561890394,0.0003057336791285298,1.0,1.0,1.0
0.36679881883628696,1.0001506440861134,0.0003052059900319307,1.0,1.0,1.0
0.3669299249986011,1.0008136494095115,0.0003195331577455542,1.0,1.0,1.0
0.366946056303334,0.9998872754086104,0.00030566499937333797,1.0,1.0,1.0
0.3671168123024202,1.0014032798258246,0.0003168533818221662,1.0,1.0,1.0
0.3671936009818193,1.0013033624542695,0.00031308783614328984,1.0,1.0,1.0
0.36749162301856586,1.000296904419763,0.0003053727011112995,1.0,1.0,1.0
0.36773434079984213,0.9993654951353189,0.0003049852919012589,1.0,1.0,1.0
0.3678531567879588,1.0015361646692589,0.00031514502373505826,1.0,1.0,1.0
0.36828685877350154,1.0004604100841745,0.00030510629502266795,1.0,1.0,1.0
0.36839114583608534,1.0006209268744297,0.0003195712702078409,1.0,1.0,1.0
0.3684383311874342,0.9997203751950567,0.0003057734972405886,1.0,1.0,1.0
0.3685586994772976,1.0016198427063685,0.0003141417056943995,1.0,1.0,1.0
0.3686410993764184,0.9996970857918572,0.00030527079254977083,1.0,1.0,1.0
0.3687742244145227,1.000125052230132,0.00030570272599757427,1.0,1.0,1.0
0.3691135210525758,1.001411164470534,0.00031793127256648444,1.0,1.0,1.0
0.3692235844180587,1.0010800511410582,0.0003134761107227299,1.0,1.0,1.0
0.3692725573438196,1.0009532693977157,0.000319345045088679,1.0,1.0,1.0
0.36930737098541044,1.0003545749000113,0.00030531791405522213,1.0,1.0,1.0
0.3693640633608197,1.0012769441921867,0.00031832724306551593,1.0,1.0,1.0
0.3693953443315934,1.001502213794636,0.00032137281975261724,1.0,1.0,1.0
0.3695504999990078,1.0001476019749216,0.0003050692083442181,1.0,1.0,1.0
0.36981501903375147,1.0003027880085087,0.00030419437993237406,1.0,1.0,1.0
0.3698734288335572,0.9995709780417215,0.00032085693422755513,1.0,1.0,1.0
0.3700438666773209,1.0016210346916592,0.00031931887890938946,1.0,1.0,1.0
0.3701179941307373,1.0001025855060077,0.0003051019327903419,1.0,1.0,1.0
0.3702679332214558,1.0008582479193517,0.00031461267663842414,1.0,1.0,1.0
0.37027619913800436,0.9999534022914005,0.0003056693028629574,1.0,1.0,1.0
0.3703349252936192,1.0011778707030417,0.00031960140841098063,1.0,1.0,1.0
0.37048618573516023,1.0004115880295537,0.0003051182102712905,1.0,1.0,1.0
0.3705784072278604,1.0018925757220263,0.0003143210236702539,1.0,1.0,1.0
0.3707052247058016,1.001215722776902,0.0003200343961528633,1.0,1.0,1.0
0.3708752921386349,0.9999175432642218,0.00030553701578699827,1.0,1.0,1.0
0.37110714259544864,1.0008207179097022,0.0003182944033149643,1.0,1.0,1.0
0.3711226984021607,1.0000834639515428,0.000305286650369582,1.0,1.0,1.0
0.3711956997549066,1.000443568227719,0.0003193619582200818,1.0,1.0,1.0
0.37125189065561415,1.0012607202675794,0.00031417036130526463,1.0,1.0,1.0
0.37126196087132257,1.0001920531136206,0.0003210432099469929,1.0,1.0,1.0
0.3713242466120761,1.000810456437254,0.0003184202263105694,1.0,1.0,1.0
0.3713669886681146,1.000288968787708,0.0003048098863212133,1.0,1.0,1.0
0.37163769923017753,1.0000243991729776,0.00030462820495170506,1.0,1.0,1.0
0.37173328527029526,1.0005915921594768,0.00030554341749277974,1.0,1.0,1.0
0.37189163100788303,1.0017664218806166,0.00031336322094155454,1.0,1.0,1.0
0.3719460754867896,1.0001072273218719,0.00031918474299307817,1.0,1.0,1.0
0.3719506305060918,1.0000191196124668,0.0003051122026804589,1.0,1.0,1.0
0.3721117606378641,1.0009920276529354,0.0003058808170777163,1.0,1.0,1.0
0.37224387245954915,1.0009706344713618,0.00031806855122524326,1.0,1.0,1.0
0.37227511672378455,1.0008849860151652,0.000319211296484848,1.0,1.0,1.0
0.3724251448743985,1.000031935223853,0.0003056148647777215,1.0,1.0,1.0
0.3725873193934035,1.0010930483625415,0.00031985212098818364,1.0,1.0,1.0
0.3725956968758055,1.001318973773126,0.00031484929245258956,1.0,1.0,1.0
0.37269286879859465,1.000489390149797,0.00030553063297100095,1.0,1.0,1.0
0.3729379082778337,1.0005200319203555,0.00030529472703776203,1.0,1.0,1.0
0.3730975994846446,1.0009705165557252,0.00031819759372699226,1.0,1.0,1.0
0.3731845291057425,0.999865429454405,0.00030502085550759367,1.0,1.0,1.0
0.37327812391109205,1.0013936987274425,0.00031399841639178413,1.0,1.0,1.0
0.37328083812501234,1.0012141372774077,0.00031848443310445476,1.0,1.0,1.0
0.37346217464039455,1.0001285083602924,0.00030467100799770776,1.0,1.0,1.0
0.3735802401042463,1.0007751931734705,0.00030556029844676873,1.0,1.0,1.0
0.3737865789051966,0.9997514133229902,0.0003050733124490507,1.0,1.0,1.0
0.3738444371461185,1.000250051255083,0.00031897455085120116,1.0,1.0,1.0
0.37392491204746214,1.0009867574829128,0.0003133526387435526,1.0,1.0,1.0
0.3739448588580103,0.9996411814940054,0.0003055868530674155,1.0,1.0,1.0
0.37421629208128593,1.0006677221975855,0.0003182767426464053,1.0,1.0,1.0
0.37424817456792425,1.0001094819730698,0.00030557799347485226,1.0,1.0,1.0
0.37446591333213064,1.0004896968993664,0.00031984188482207,1.0,1.0,1.0
0.37450990447325694,0.9996925132040178,0.0003053494911714905,1.0,1.0,1.0
0.37461074073938505,1.0011445752626946,0.00031472003578648504,1.0,1.0,1.0
0.37498557849571057,1.0004482542336082,0.000320842942478735,1.0,1.0,1.0
0.37503008832540274,1.0003045985453796,0.000319344198546153,1.0,1.0,1.0
0.37508481716791664,1.0008511777925868,0.0003179581970158497,1.0,1.0,1.0
0.37523366122501045,1.0005553342015403,0.00031840062632901213,1.0,1.0,1.0
0.37528846710654307,1.001368947181009,0.0003049970424528346,1.0,1.0,1.0
0.3753028611602005,1.0009902939481063,0.00031415113181625256,1.0,1.0,1.0
0.37542355173027886,1.0000943907223063,0.00030564216604962247,1.0,1.0,1.0
0.37562501318262775,1.0009923130495766,0.0003052677927283447,1.0,1.0,1.0
0.3757391189617749,1.0004938823500689,0.00031924486355938746,1.0,1.0,1.0
0.3757758944122145,0.9999259199000532,0.0003056898965425171,1.0,1.0,1.0
0.37595693910068384,1.001475853569609,0.00031342140585758255,1.0,1.0,1.0
0.37614341326607814,1.001321776063496,0.0003193576940994334,1.0,1.0,1.0
0.37632614164323286,1.0000445376361913,0.00030533538679570826,1.0,1.0,1.0
0.37634064497430586,1.0005871134055264,0.0003197029197939575,1.0,1.0,1.0
0.3765686408804072,0.9998465861113652,0.0003050221220921096,1.0,1.0,1.0
0.37662315965391713,1.0011614326754559,0.00031502414241152914,1.0,1.0,1.0
0.3769413464143838,1.0012211999848737,0.0003194631494708901,1.0,1.0,1.0
0.37706858639879215,1.000521741448222,0.0003180282381926353,1.0,1.0,1.0
0.3771167344459059,1.0002024594221128,0.0003050422804209056,1.0,1.0,1.0
0.37718254375516835,1.0012147244123575,0.0003196458860127294,1.0,1.0,1.0
0.37726484926577086,1.000228182210834,0.00030585853758558634,1.0,1.0,1.0
0.37732543458905354,1.0014867244806342,0.00031398201491306083,1.0,1.0,1.0
0.37746635089342817,0.9995054457801394,0.0003049759951166222,1.0,1.0,1.0
0.37760485683307365,0.999804471984395,0.0003056879356941078,1.0,1.0,1.0
0.3776297387337024,1.0008785797134028,0.0003198247244776012,1.0,1.0,1.0
0.3778885314739284,1.001314349173101,0.0003177816451589668,1.0,1.0,1.0
0.37788995296384087,1.0001643225532306,0.00030562131684278715,1.0,1.0,1.0
0.3779874501405498,1.0018231881755022,0.00031386225688571635,1.0,1.0,1.0
0.37807079861066484,1.0004368067289704,0.00031937023254039165,1.0,1.0,1.0
0.3781417414938346,1.0000716237499268,0.0003052106764137102,1.0,1.0,1.0
0.378149938544567,1.0009315296521,0.0003183434139318272,1.0,1.0,1.0
0.3782121286877498,1.000273480480554,0.0003197387845166859,1.0,1.0,1.0
0.378384636705988,0.9996954419258537,0.00030496128100026757,1.0,1.0,1.0
0.3786188211181052,1.0025912666402585,0.0003129232905884777,1.0,1.0,1.0
0.37863313206881344,1.0011226450577266,0.0003148886952174804,1.0,1.0,1.0
0.3786473517941431,1.0003072890168994,0.0003039485463010241,1.0,1.0,1.0
0.3786960696000392,1.0002939344260722,0.0003210579262155958,1.0,1.0,1.0
0.378848847556128,1.0009437784565445,0.0003192467508752388,1.0,1.0,1.0
0.37894699413436683,1.0001407444038926,0.00030521386471231215,1.0,1.0,1.0
0.3791036883619938,1.0004949379896861,0.0003057652986999725,1.0,1.0,1.0
0.37912745538230297,1.0012824170597379,0.00031967922063946965,1.0,1.0,1.0
0.37931045045593237,1.0001498058361287,0.0003050502315164203,1.0,1.0,1.0
0.37934573301970786,1.0020419234207476,0.00031474487955840055,1.0,1.0,1.0
0.3795170268379877,1.0011038218404018,0.00032009766403455557,1.0,1.0,1.0
0.3797088602599388,1.0000290366974611,0.00030554243470578483,1.0,1.0,1.0
0.37988304251094007,1.000531586152107,0.0003182680987602593,1.0,1.0,1.0
0.3799572825335531,1.000201437063111,0.00030532443425090384,1.0,1.0,1.0
0.3799952356674794,1.0010606176976264,0.00031940215383061035,1.0,1.0,1.0
0.38001632334023583,1.0023662266083988,0.00031412120174547856,1.0,1.0,1.0
0.3800798733735178,1.000043245673316,0.0003211217537349548,1.0,1.0,1.0
0.3802011836615691,1.0001121635292372,0.0003048387495683367,1.0,1.0,1.0
0.3804696591789707,0.9999627031443683,0.0003045422669494102,1.0,1.0,1.0
0.3806395919666059,1.0018572563328874,0.00031418763300701145,1.0,1.0,1.0
0.380653897946174,1.0014492754672777,0.00031307014459961194,1.0,1.0,1.0
0.38075233229508854,1.0010544228339302,0.000319277793632189,1.0,1.0,1.0
0.38077884377332794,1.0004460023935662,0.00030513604135963334,1.0,1.0,1.0
0.3809399057360565,1.0003676489863238,0.0003056361119779581,1.0,1.0,1.0
0.38102578979928126,1.001143500024242,0.00031776481118508276,1.0,1.0,1.0
0.3810689253134427,1.0016742283694007,0.0003194885215372847,1.0,1.0,1.0
0.3812569544782889,1.0008526331174559,0.00030581028042069654,1.0,1.0,1.0
0.3813637871382838,1.0018143766102083,0.0003148187234925424,1.0,1.0,1.0
0.3814001956104107,1.000145326110502,0.00031991802276992904,1.0,1.0,1.0
0.38152688031064486,1.0009572874151123,0.00030568016916207054,1.0,1.0,1.0
0.3817723743034662,0.9998522126980883,0.0003052212440196308,1.0,1.0,1.0
0.38187469159071696,1.0007199013923518,0.0003183534602010771,1.0,1.0,1.0
0.38191547480650456,1.0011278315648695,0.0003193884475747361,1.0,1.0,1.0
0.38194436383804486,1.0004641353650736,0.0003209716089409535,1.0,1.0,1.0
0.38201844977959354,1.000220462723923,0.0003049848615030165,1.0,1.0,1.0
0.382043162462562,1.0010786197725665,0.0003137215239170702,1.0,1.0,1.0
0.3820693108187925,1.0010143397890003,0.00031845747938421675,1.0,1.0,1.0
0.38229343112772085,1.0002253778343815,0.0003048493577258225,1.0,1.0,1.0
0.3824046761751845,1.0009014227206612,0.0003056546605741459,1.0,1.0,1.0
0.38261395701175616,1.0002444420606176,0.00030510812208792555,1.0,1.0,1.0
0.3826520997680234,1.0011601366933185,0.0003192696609518345,1.0,1.0,1.0
0.3826877499916348,1.00102929758815,0.00031338271481881933,1.0,1.0,1.0
0.38277389652603233,1.000438243621679,0.00030561692553580043,1.0,1.0,1.0
0.383006239297103,1.0015371344502648,0.00031937773452425465,1.0,1.0,1.0
0.38308036463735107,0.9996203973752519,0.0003055839135480551,1.0,1.0,1.0
0.3832799854607458,1.0005180464931411,0.00031995638707224983,1.0,1.0,1.0
0.38334389129926194,1.0000034861663896,0.0003054196618457276,1.0,1.0,1.0
0.38337962965781713,1.0011164222987619,0.000314596182780869,1.0,1.0,1.0
0.3835877368836975,0.9992203127593079,0.0003051658563534132,1.0,1.0,1.0
0.3838056740083289,1.0010838630405985,0.00032100838666871046,1.0,1.0,1.0
0.3838320723510691,1.0006345888113581,0.00031939765745260637,1.0,1.0,1.0
0.38383646430423823,0.9998633651708291,0.00030499105413053004,1.0,1.0,1.0
0.38386298675716546,1.0020388712836106,0.00031824670912395465,1.0,1.0,1.0
0.38402324382255415,1.0008148147839626,0.00031851105089050204,1.0,1.0,1.0
0.3840684050393719,1.0022294038666761,0.0003141121857565747,1.0,1.0,1.0
0.38411910602940225,1.0003623408419884,0.0003050178168415349,1.0,1.0,1.0
0.3842497361437154,1.0004784061638847,0.00030555602159627264,1.0,1.0,1.0
0.3845477619361475,1.0009896619627174,0.0003187198231823821,1.0,1.0,1.0
0.38460564491992955,1.0008034025284978,0.0003058157838557407,1.0,1.0,1.0
0.38472011199046996,1.0015398259392274,0.0003135463531695578,1.0,1.0,1.0
0.3849023896352435,0.99989711479315,0.0003054718297376009,1.0,1.0,1.0
0.3849397959805856,1.0006627019878092,0.00031941916186163384,1.0,1.0,1.0
0.38496913110020614,1.0007889073093519,0.00031827238303973066,1.0,1.0,1.0
0.38516046729725417,1.0004038587152178,0.0003052911036616627,1.0,1.0,1.0
0.3853930190725947,1.001559682947778,0.00031427846269351276,1.0,1.0,1.0
0.38540325993326974,0.9998896279068491,0.0003051351140033178,1.0,1.0,1.0
0.3857447585295546,1.0007141329336444,0.00031948182986387086,1.0,1.0,1.0
0.385946704183425,0.9994581611855781,0.00030497211710136895,1.0,1.0,1.0
0.3859733848567828,1.0020346522356691,0.0003196869679538344,1.0,1.0,1.0
0.3860912226262485,1.0004743277658372,0.0003058045714657911,1.0,1.0,1.0
0.3860917981093337,1.0012599377307452,0.00031443417371959225,1.0,1.0,1.0
0.38629205716608794,1.0005955414101793,0.0003053119718354095,1.0,1.0,1.0
0.3864351388167222,1.0002581597898446,0.0003057868980582576,1.0,1.0,1.0
0.3864399044879292,1.0009450182378605,0.00031972462675015055,1.0,1.0,1.0
0.3866632082202841,1.0008945109860914,0.00031727725276414623,1.0,1.0,1.0
0.38672289813573,0.9999540178921051,0.0003056087230299552,1.0,1.0,1.0
0.3867511370808412,1.0013825774267937,0.0003133116718430271,1.0,1.0,1.0
0.3868684740448174,0.9998191405777329,0.00031915437944168926,1.0,1.0,1.0
0.38693555217525955,1.0018059948597668,0.0003185059358182575,1.0,1.0,1.0
0.38697635256002627,1.0005187398880255,0.00030538727025749873,1.0,1.0,1.0
0.38702839690597557,0.999808741625065,0.00031968667860994923,1.0,1.0,1.0
0.38721897208117184,1.0002308667532704,0.00030506987737762557,1.0,1.0,1.0
0.38740371738618506,0.9997559880653305,0.00031469212485774213,1.0,1.0,1.0
0.38747984155492077,1.0005446511737217,0.0003039489190360669,1.0,1.0,1.0
0.38751824035358595,1.0004777027697211,0.00032100175028881953,1.0,1.0,1.0
0.38765340571671913,1.0009346864673685,0.0003193820144162058,1.0,1.0,1.0
0.38777624301525293,1.00032307486283,0.0003051308588170257,1.0,1.0,1.0
0.3879197035882811,1.0025806397417563,0.00031973091849572994,1.0,1.0,1.0
0.3879309068563259,1.0001282644311598,0.0003057843054519423,1.0,1.0,1.0
0.3881353228788953,1.0006018032509971,0.0003052544443658409,1.0,1.0,1.0
0.38826278610085296,1.000884324544174,0.0003055784572077215,1.0,1.0,1.0
0.38832828701677613,1.0013730577293416,0.0003200488043501065,1.0,1.0,1.0
0.3886588772524604,1.0010511543070595,0.0003182212433763692,1.0,1.0,1.0
0.3887804257582985,1.0018488145857085,0.00031396118619525466,1.0,1.0,1.0
0.388791709190599,1.000140640846135,0.00030537742479946797,1.0,1.0,1.0
0.38879420542465937,1.0015047310764331,0.00031945957054185055,1.0,1.0,1.0
0.3888975546558413,1.0016752934869129,0.00032121211104769174,1.0,1.0,1.0
0.3888981759563279,1.001294908312157,0.0003184223255391356,1.0,1.0,1.0
0.3890351798457061,0.9996842035336291,0.000304927461496742,1.0,1.0,1.0
0.38930179391655884,0.9999158813144804,0.0003044611605027308,1.0,1.0,1.0
0.3894160314406805,1.0016580360645906,0.00031312982629463253,1.0,1.0,1.0
0.389558168321372,1.000351389057703,0.0003192014551687199,1.0,1.0,1.0
0.38960829239130135,1.0000251264557771,0.0003050536834520487,1.0,1.0,1.0
0.38976793128648524,0.9999475736153162,0.0003056348456248763,1.0,1.0,1.0
0.38980732508017013,1.00081850475808,0.00031708421804854854,1.0,1.0,1.0
0.3898623115075992,1.001674983941918,0.0003195655956492192,1.0,1.0,1.0
0.3899814388714731,1.000269710051636,0.00030508993162397055,1.0,1.0,1.0
0.3900884438191099,1.0007063282193522,0.000305799279123647,1.0,1.0,1.0
0.3901316211721557,1.000732841950989,0.00031450744115628485,1.0,1.0,1.0
0.3902126736338971,1.0003546439150788,0.00031993185863327345,1.0,1.0,1.0
0.39036079661806866,0.999949068639029,0.00030542501239358953,1.0,1.0,1.0
0.3906071167865548,0.999891204324373,0.0003052944944624175,1.0,1.0,1.0
0.3906515712133043,0.9998041942582929,0.0003184628892943816,1.0,1.0,1.0
0.39071573888669775,1.0003104218317047,0.0003194272344222578,1.0,1.0,1.0
0.3907630188576263,0.9996412282409431,0.00032096436432113183,1.0,1.0,1.0
0.3908082737712988,1.0011361479767307,0.00031383349778809114,1.0,1.0,1.0
0.39085218994688375,0.9995717323232892,0.00030487935052797934,1.0,1.0,1.0
0.3908572354280011,1.0004954882867294,0.0003184667266209241,1.0,1.0,1.0
0.3911251572044421,0.9998152379296484,0.0003047533595277596,1.0,1.0,1.0
0.3912289404018452,1.0001104067769568,0.0003055124245361593,1.0,1.0,1.0
0.39144175478099896,1.0001771728115318,0.0003050886925841336,1.0,1.0,1.0
0.39145030185806906,1.0012099881495018,0.00031338015872527965,1.0,1.0,1.0
0.39145920656068256,1.0006886848575136,0.0003191580464403868,1.0,1.0,1.0
0.3916026895925029,0.9994273206981136,0.0003054948329035914,1.0,1.0,1.0
0.39178207551596245,1.0009468132938528,0.0003180722715365362,1.0,1.0,1.0
0.39180090818723556,1.0012425129684446,0.00031931160296586335,1.0,1.0,1.0
0.3919125272778672,1.0004649501088747,0.0003056572138297423,1.0,1.0,1.0
0.3920936648715667,1.000126292793399,0.0003198540581237658,1.0,1.0,1.0
0.3921482510735501,1.0009860418645804,0.0003144819834736488,1.0,1.0,1.0
0.3921780778623827,1.000591269039047,0.00030552238211563543,1.0,1.0,1.0
0.392422324564734,1.0008068423719054,0.0003053787181349039,1.0,1.0,1.0
0.3926254165045009,0.9997719445051898,0.0003208975835674314,1.0,1.0,1.0
0.39263363010891794,1.000382512740126,0.0003194095152059088,1.0,1.0,1.0
0.39264079783410466,1.0007019276174693,0.00031806996627382336,1.0,1.0,1.0
0.39266989307242284,1.0003359205141356,0.00030500838343982807,1.0,1.0,1.0
0.39281241273732803,1.0009198666909636,0.0003184461797814046,1.0,1.0,1.0
0.3928338706754886,1.000795215472977,0.00031416476878607963,1.0,1.0,1.0
0.39295009325934416,0.999967531656725,0.0003049702337715819,1.0,1.0,1.0
0.39307492876920946,1.0002413216853272,0.00030556711835878764,1.0,1.0,1.0
0.3932785785765418,1.0010247458648145,0.00030534411289338906,1.0,1.0,1.0
0.3934350262664452,1.000000936105505,0.00030571917012968863,1.0,1.0,1.0
0.39348326262449795,1.001371655221253,0.0003134534718757811,1.0,1.0,1.0
0.3937349007744899,1.0001595646782269,0.00030555008743589763,1.0,1.0,1.0
0.39373561415315805,1.0011233138260893,0.00031937232812077497,1.0,1.0,1.0
0.3937531483770016,1.0013662679107171,0.00031824282896310253,1.0,1.0,1.0
0.3939708965703801,1.0004607197812403,0.0003198713693948558,1.0,1.0,1.0
0.39399473275886976,1.000186292974954,0.0003053093655908321,1.0,1.0,1.0
0.39416246174290137,1.0015894988512057,0.00031455310615030607,1.0,1.0,1.0
0.39423763754092533,1.0000525586075746,0.0003051597611410297,1.0,1.0,1.0
0.3944844086071271,1.0001907219994646,0.0003208335319637667,1.0,1.0,1.0
0.39448873388357697,1.0002224694949722,0.0003049307347721976,1.0,1.0,1.0
0.39454760673810085,1.000542277181835,0.0003193783518322407,1.0,1.0,1.0
0.3946268989983821,1.0008279348306313,0.0003178795024190423,1.0,1.0,1.0
0.39476380937136923,1.0008832556218759,0.0003197253124895209,1.0,1.0,1.0
0.3947770389677885,0.9996560084782703,0.00030493254035545304,1.0,1.0,1.0
0.39511793631157843,1.0002663276040877,0.0003052080875150451,1.0,1.0,1.0
0.3952495215121701,1.0013068148147939,0.0003194466085721851,1.0,1.0,1.0
0.39526520458576897,0.9997695496030116,0.00030567110539081433,1.0,1.0,1.0
0.39543755421603777,1.0009715521036262,0.0003168570627548257,1.0,1.0,1.0
0.3955146499381552,1.0010522021667867,0.00031344438335372796,1.0,1.0,1.0
0.39566586081969035,1.0014938755110656,0.0003193507744085662,1.0,1.0,1.0
0.39581078252467705,0.9997354158005174,0.00030532532352654383,1.0,1.0,1.0
0.3958445628304048,0.999474567156973,0.00031969767514925294,1.0,1.0,1.0
0.3960533614671249,1.0003899623956627,0.00030507859205122404,1.0,1.0,1.0
0.3961741524998885,1.0012820034075798,0.0003148590342325455,1.0,1.0,1.0
0.39660601259214445,1.0000194832589933,0.00030516769471832715,1.0,1.0,1.0
0.3967113937061839,1.001322702244952,0.00031961687692151863,1.0,1.0,1.0
0.3967577121317447,1.000500402664487,0.0003058182076774438,1.0,1.0,1.0
0.39687965436852224,1.0016005907813363,0.00031428883437534456,1.0,1.0,1.0
0.39696024403860974,1.0007828152684872,0.00030527301677491154,1.0,1.0,1.0
0.39709349257751114,0.999739775084116,0.00030563474636549474,1.0,1.0,1.0
0.3971391412372327,1.000168092660393,0.0003198840400224039,1.0,1.0,1.0
0.3974342339237822,1.000774454034324,0.0003179037256319888,1.0,1.0,1.0
0.3975446182078066,1.0022984661408991,0.0003135682753896808,1.0,1.0,1.0
0.3975927476030563,1.0012720687574685,0.0003192969124131482,1.0,1.0,1.0
0.3976263884257776,1.000178631835796,0.00030522442020335837,1.0,1.0,1.0
0.3976846034297381,1.0007261313969922,0.00031830229483439113,1.0,1.0,1.0
0.39771472464062185,0.9998703569438651,0.0003209190870878638,1.0,1.0,1.0
0.3978693870309087,1.00013322739496,0.0003050289263731874,1.0,1.0,1.0
0.39813409761438834,1.0006794370904881,0.00030429288260762556,1.0,1.0,1.0
0.39817803586793143,1.000981118810065,0.0003127379212396014,1.0,1.0,1.0
0.39819292337602974,0.9995229991713818,0.00032082196032220305,1.0,1.0,1.0
0.3983635835454038,1.000670650777567,0.00031934196462231383,1.0,1.0,1.0
0.39843716928743333,0.9995929046486624,0.00030509748917133175,1.0,1.0,1.0
0.39858848087368415,1.0004986156513773,0.0003146445988626586,1.0,1.0,1.0
0.3985955562030199,0.9998157469374767,0.00030566937244974114,1.0,1.0,1.0
0.3986552749734642,1.000671329924427,0.0003195504701843616,1.0,1.0,1.0
0.39880535879439094,1.00012870226725,0.00030507260755731943,1.0,1.0,1.0
0.39889934114401626,1.0007965404126629,0.0003143568886149114,1.0,1.0,1.0
0.39891974631041194,0.9998044674867299,0.0003056827967093848,1.0,1.0,1.0
0.39902488945892856,1.0017248179513356,0.00032003805025672714,1.0,1.0,1.0
0.3991944739811686,1.0000461133114258,0.00030548625804379775,1.0,1.0,1.0
0.39942782609148253,1.000706318096934,0.00031832966736404294,1.0,1.0,1.0
0.3994415753902274,1.000001774650387,0.00030526661886518403,1.0,1.0,1.0
0.39951571463031144,1.0008013429878442,0.00031939939878734597,1.0,1.0,1.0
0.3995727693912059,1.0007482463548212,0.0003140216721249769,1.0,1.0,1.0
0.3995814478305135,1.0004356049545722,0.00032104623145356315,1.0,1.0,1.0
0.3996447518301238,1.0002632352474399,0.00031832686169727247,1.0,1.0,1.0
0.39968615937772256,1.0007337395480937,0.00030489543709600757,1.0,1.0,1.0
0.3999567926749137,1.0004294945012524,0.000304622321763793,1.0,1.0,1.0
0.4000526134643678,1.0006484986293407,0.00030556443061561037,1.0,1.0,1.0
0.40021271094278,1.0007091163464,0.00031319466085886794,1.0,1.0,1.0
0.400265894487319,1.0008930207081403,0.00031924877313695805,1.0,1.0,1.0
0.40026982836229763,1.0001796257935704,0.00030509405080908454,1.0,1.0,1.0
0.40043109543702826,0.9998181766585177,0.0003055706409586867,1.0,1.0,1.0
0.40056438751973644,1.0005891870153358,0.0003180760039080044,1.0,1.0,1.0
0.40059515274569435,1.0008703772080074,0.0003192722919306427,1.0,1.0,1.0
0.40074437996130996,0.9996727573466148,0.00030569092521024203,1.0,1.0,1.0
0.4009070882151491,1.0000524903660042,0.0003198027128764923,1.0,1.0,1.0
0.4009166088488172,1.000168689557708,0.0003148206919728028,1.0,1.0,1.0
0.40101204226118625,1.0000327279364174,0.0003055584736099528,1.0,1.0,1.0
0.40125692362067866,0.9991914661841302,0.0003052170709378133,1.0,1.0,1.0
0.4014182529701955,1.0016266313009718,0.00031829153295620744,1.0,1.0,1.0
0.4014348995301589,1.0000227481729023,0.0003193042293125019,1.0,1.0,1.0
0.40150370797346113,1.000303766170868,0.0003050581240462967,1.0,1.0,1.0
0.40159926225348386,1.0011946640039697,0.00031384307645233823,1.0,1.0,1.0
0.4016011692399104,1.0006914194254073,0.00031845108053127997,1.0,1.0,1.0
0.4017812844617765,1.0001447714993097,0.000304703825190073,1.0,1.0,1.0
0.40189940291796233,0.9998183751720395,0.00030549200858069804,1.0,1.0,1.0
0.40210566225567845,1.0004960907161125,0.0003052027856863814,1.0,1.0,1.0
0.4021642203277054,1.000328539645623,0.0003188582399484272,1.0,1.0,1.0
0.40224611815545863,1.0000850323021395,0.00031326962538745664,1.0,1.0,1.0
0.40226403343996253,1.0000871991011857,0.00030574417985568123,1.0,1.0,1.0
0.40253663497448144,1.0012689896587765,0.0003182406882461547,1.0,1.0,1.0
0.4025672563855949,1.0003051952982671,0.0003056469990623186,1.0,1.0,1.0
0.4027853707648603,1.0017096465333437,0.00032004292065804756,1.0,1.0,1.0
0.40282893223979954,0.9998759599968202,0.00030524707239934143,1.0,1.0,1.0
0.4029316294683909,0.9998559396695267,0.0003143578110547839,1.0,1.0,1.0
0.4030721833524922,1.0000340815585442,0.00030520962115512,1.0,1.0,1.0
0.4033048645782742,1.0000122864890815,0.00032097139326486786,1.0,1.0,1.0
0.40335016790082534,1.00060201127405,0.0003193569902819125,1.0,1.0,1.0
0.40340530108819905,1.00070970407942,0.0003179855206407794,1.0,1.0,1.0
0.40355381825692405,1.000197138517615,0.0003183602740887235,1.0,1.0,1.0
0.40360745627089045,1.0000449578814072,0.00030489481329898713,1.0,1.0,1.0
0.4037428270026169,1.0001337767726697,0.00030564896860402527,1.0,1.0,1.0
0.40394426062266575,1.000248861023843,0.00030522919913572924,1.0,1.0,1.0
0.40405886601178054,1.0006613619876759,0.00031925439162872385,1.0,1.0,1.0
0.4040950489972488,1.0002624794694106,0.0003057676120121466,1.0,1.0,1.0
0.40427785430062535,1.0012832411517925,0.00031300376004471056,1.0,1.0,1.0
0.404388796859422,0.9995965736947041,0.000305580333080465,1.0,1.0,1.0
0.40446337570381274,1.0010946428882308,0.00031929843603982776,1.0,1.0,1.0
0.4045053066743094,1.0007555417478604,0.00031823384541854345,1.0,1.0,1.0
0.4046450254885201,1.0002387858787714,0.0003052687402472759,1.0,1.0,1.0
0.4046602077563364,1.0000869391891918,0.0003197604021356941,1.0,1.0,1.0
0.4048876602468283,0.9998534395638564,0.0003050611151634053,1.0,1.0,1.0
0.40494416310040293,1.0005829437475777,0.0003145620676542568,1.0,1.0,1.0
0.40516171366428466,0.9993846343941947,0.0003205998556915232,1.0,1.0,1.0
0.4052612506160642,1.001314200039783,0.00031946708668387046,1.0,1.0,1.0
0.4053893158887121,1.0011381509654687,0.0003179384505839624,1.0,1.0,1.0
0.4054357429718607,0.9999372403468327,0.000304976751435488,1.0,1.0,1.0
0.40550266463533546,1.0005486225678415,0.00031969990396463877,1.0,1.0,1.0
0.40558409969071363,1.000738460814971,0.00030587633128278024,1.0,1.0,1.0
0.4056462576499591,1.0012859971372539,0.0003142948001038131,1.0,1.0,1.0
0.4057856250363443,0.9997631170625537,0.000305052952145237,1.0,1.0,1.0
0.40592385378241147,1.0005137935376798,0.0003056916243255844,1.0,1.0,1.0
0.405949588551465,1.0002553813840116,0.00031984747588117166,1.0,1.0,1.0
0.40620887117600546,0.9995848214586303,0.00030555387818550513,1.0,1.0,1.0
0.40620925401586305,1.0009790005621664,0.0003177135615150322,1.0,1.0,1.0
0.4063083503251672,1.0010137206650795,0.0003138305404221614,1.0,1.0,1.0
0.40639100114235305,1.000779723946463,0.00031932965422512967,1.0,1.0,1.0
0.40646089856963386,1.00023677723591,0.0003053684347298597,1.0,1.0,1.0
0.4064704902203573,1.0011890784150892,0.0003183379565871654,1.0,1.0,1.0
0.406531658242443,0.9999755240140284,0.00031972866263507536,1.0,1.0,1.0
0.40670366047922357,0.9999413649829705,0.00030492394959643807,1.0,1.0,1.0
0.4069399160481586,1.001352417358893,0.0003128215679807071,1.0,1.0,1.0
0.4069541109906112,1.0010736832321434,0.0003148662639131856,1.0,1.0,1.0
0.4069662871896753,1.0002117569752578,0.0003039518516444311,1.0,1.0,1.0
0.40701557381322573,1.0007453694081465,0.0003210487828577978,1.0,1.0,1.0
0.4071687149707657,1.000999304301044,0.00031928954707863397,1.0,1.0,1.0
0.4072661620708118,1.0000493963907073,0.0003051482481915769,1.0,1.0,1.0
0.4074229145849415,1.000546370070775,0.0003057948599482851,1.0,1.0,1.0
0.40744781731442004,1.000438575695359,0.0003196729863350938,1.0,1.0,1.0
0.40783656462136264,0.999759847933585,0.0003200398031524085,1.0,1.0,1.0
0.4080279065813386,1.000202740475602,0.0003055543877360273,1.0,1.0,1.0
0.40827629859236936,1.0002663731562347,0.00030529994718155154,1.0,1.0,1.0
0.40831512421853233,1.0003982332153825,0.00031936794705841886,1.0,1.0,1.0
0.4083993706487945,0.9995549182124451,0.00032111206759374177,1.0,1.0,1.0
0.40843186130584286,1.0009542749566869,0.0003183898183429249,1.0,1.0,1.0
0.40852007484815545,1.0000766414937725,0.00030488667220017213,1.0,1.0,1.0
0.40878860894446234,1.000348135134631,0.00030461722248499936,1.0,1.0,1.0
0.4089604061635299,1.001296033088142,0.00031423496598858837,1.0,1.0,1.0
0.40897498190465376,1.0009020935200517,0.00031315654179258967,1.0,1.0,1.0
0.4090720246485944,1.0011810694778116,0.00031931697445901206,1.0,1.0,1.0
0.40909803401592626,1.0004432410372277,0.0003051767118599568,1.0,1.0,1.0
0.40925910904778107,1.0004300473538124,0.00030568152778228747,1.0,1.0,1.0
0.4093463158310442,1.0004725515341955,0.0003176871628999839,1.0,1.0,1.0
0.40938911219450347,1.0007453655234793,0.00031939926542028796,1.0,1.0,1.0
0.4095759175447995,1.0002836062894178,0.0003057450659155364,1.0,1.0,1.0
0.40968484511994774,1.0014051807735682,0.00031460627518877144,1.0,1.0,1.0
0.4097199757364933,1.0009196576028347,0.00031995093094654777,1.0,1.0,1.0
0.4098459177579912,1.000639863451975,0.00030561565377838464,1.0,1.0,1.0
0.4100913895555607,1.000676518959307,0.00030538801841327446,1.0,1.0,1.0
0.4101953547671542,1.0008131087232612,0.00031835083447569494,1.0,1.0,1.0
0.4102356034414072,1.001032752009038,0.00031938077487816784,1.0,1.0,1.0
0.41026396809624543,1.0000265985625294,0.000321010557908899,1.0,1.0,1.0
0.4103373485898487,0.999986608363144,0.0003049606469169093,1.0,1.0,1.0
0.4103643067646985,1.001171278158931,0.00031411364937336425,1.0,1.0,1.0
0.4103895152866244,1.000293253132502,0.0003184654873746053,1.0,1.0,1.0
0.41072398628833184,1.0006281575085332,0.00030562418850073493,1.0,1.0,1.0
0.4109333094481258,1.000384361903252,0.00030529050713075053,1.0,1.0,1.0
0.41097175597985824,1.0002576291962377,0.00031917648869197465,1.0,1.0,1.0
0.4110086830909738,1.0003323514771294,0.0003134099352873769,1.0,1.0,1.0
0.4110930782173057,1.0006062370803879,0.0003056420758175692,1.0,1.0,1.0
0.41131973176848646,1.0007520017788682,0.0003181874153041962,1.0,1.0,1.0
0.4113262507842421,1.000858614782755,0.00031927226559833147,1.0,1.0,1.0
0.41139958973087687,1.0000479198039307,0.00030571755560074445,1.0,1.0,1.0
0.41159945418775123,1.0010608839705328,0.0003199819740213435,1.0,1.0,1.0
0.4116630599113762,1.0005899729488033,0.0003054613477017887,1.0,1.0,1.0
0.41190675287194267,1.0000040520690623,0.0003052838760252856,1.0,1.0,1.0
0.4121249700943963,0.9993779639032611,0.0003209247391878171,1.0,1.0,1.0
0.41215188700535066,1.000376882281313,0.0003193469580869651,1.0,1.0,1.0
0.4121555108676489,0.9999671036261163,0.0003050181094223058,1.0,1.0,1.0
0.41218348068093746,1.0009254241058794,0.0003181836151720887,1.0,1.0,1.0
0.41234341247144357,1.0008541996280598,0.000318541121975149,1.0,1.0,1.0
0.4123893925226234,1.000442125632814,0.00031394625477150154,1.0,1.0,1.0
0.41243836629649877,1.0010473009562906,0.000305078923850453,1.0,1.0,1.0
0.4125690198060852,0.9999019007921894,0.00030556416032561664,1.0,1.0,1.0
0.4128676591999181,1.000631448698239,0.00031871609230550637,1.0,1.0,1.0
0.41292466736203437,1.0000187082891474,0.0003058051634810328,1.0,1.0,1.0
0.41304130906305225,1.0016050365563884,0.0003136083207515909,1.0,1.0,1.0
0.41322160100421,1.0000358997651932,0.0003055423215954266,1.0,1.0,1.0
0.4132597706907575,1.0019193222729357,0.00031942028693648434,1.0,1.0,1.0
0.41328959001175747,1.0001956924625486,0.0003182757801205597,1.0,1.0,1.0
0.4134754683645667,1.0002453649484238,0.00031979421162723097,1.0,1.0,1.0
0.4134794913427413,1.0002046759540169,0.0003053809282172643,1.0,1.0,1.0
0.41371389232240574,1.001209365336903,0.0003144220112199061,1.0,1.0,1.0
0.41372227818035867,1.0002509816440674,0.0003051926973491359,1.0,1.0,1.0
0.41426598331798914,0.9999174281233651,0.00030512867360337013,1.0,1.0,1.0
0.4142935176867013,0.9997552162964595,0.0003195255465926767,1.0,1.0,1.0
0.41441048111852297,0.99998758882909,0.0003057572552113156,1.0,1.0,1.0
0.4144126276341886,1.0008202325041817,0.0003144102991691433,1.0,1.0,1.0
0.41461132234417164,1.0007998330404717,0.0003053119230900265,1.0,1.0,1.0
0.4147542806452975,1.0004071474623417,0.00030578645480037163,1.0,1.0,1.0
0.4147596276586114,1.0007694887373015,0.0003198142435728754,1.0,1.0,1.0
0.41498394013040496,0.9998248018812461,0.00031724433214836784,1.0,1.0,1.0
0.415042097242349,1.0000538293517782,0.0003056256883464586,1.0,1.0,1.0
0.41507204243863605,1.0014079281905817,0.000313432139855051,1.0,1.0,1.0
0.4151885502420498,0.9997909854220807,0.0003191087210741875,1.0,1.0,1.0
0.4152952335817588,1.0002701526111941,0.0003053987976300399,1.0,1.0,1.0
0.41534807602903356,1.0003574663652373,0.00031961585257895447,1.0,1.0,1.0
0.4155379942005766,0.9999052633049978,0.00030514181662523617,1.0,1.0,1.0
0.4157247043853971,0.9994695576794681,0.00031462960938381557,1.0,1.0,1.0
0.4157990497373021,1.0001374568488517,0.00030389590769792143,1.0,1.0,1.0
0.41583775425763747,1.0002285965152549,0.00032083744491325053,1.0,1.0,1.0
0.415973285060943,1.0012358235855745,0.0003193722562332269,1.0,1.0,1.0
0.41609554256018555,1.0000282649569372,0.00030515743742341034,1.0,1.0,1.0
0.41624007747012115,1.0005894662192734,0.0003196328702290808,1.0,1.0,1.0
0.41625000253972644,1.0000670396449909,0.0003058018754162567,1.0,1.0,1.0
0.4164337620120513,1.0006077152124029,0.00031435377528183007,1.0,1.0,1.0
0.4164544769798795,1.0004438017838069,0.0003051348374454004,1.0,1.0,1.0
0.41658177111051486,0.9997730871377913,0.0003056230159421057,1.0,1.0,1.0
0.4166478360944268,0.9997161121282169,0.00031998754916279183,1.0,1.0,1.0
0.41686150471312544,0.9992591255632468,0.0003052646646475024,1.0,1.0,1.0
0.4169795804428702,1.0003233894258448,0.0003181033958030002,1.0,1.0,1.0
0.4171014540622604,1.001258618058507,0.0003139858533628209,1.0,1.0,1.0
0.41711424482475934,1.0004696347127662,0.00031937529794711744,1.0,1.0,1.0
0.4172170625900833,1.0001797683258329,0.00032114920146852894,1.0,1.0,1.0
0.4172185658114955,1.0006122294605326,0.000318405018103562,1.0,1.0,1.0
0.41735434608801825,0.9997194104289906,0.0003049614927892587,1.0,1.0,1.0
0.4176208773678809,1.0003849776044806,0.00030452115425713976,1.0,1.0,1.0
0.41773711912021794,1.0011565766595862,0.000313072360494641,1.0,1.0,1.0
0.4178780115339862,1.0001169706258553,0.0003192654989946053,1.0,1.0,1.0
0.41792747509100536,1.0001446655073603,0.00030512737189312863,1.0,1.0,1.0
0.41808714201008,1.0001114245502742,0.00030563805151332237,1.0,1.0,1.0
0.41818251032830744,1.001313957339471,0.0003196052659653695,1.0,1.0,1.0
0.4183007604502791,1.000529945631211,0.00030515369117268236,1.0,1.0,1.0
0.4184075506354361,1.000302942849668,0.0003056501229594376,1.0,1.0,1.0
0.41845268626315857,1.001106956074715,0.0003146959341989479,1.0,1.0,1.0
0.4185323264574379,1.0005778203562123,0.00031982082641933917,1.0,1.0,1.0
0.4186796983728698,0.9997508871639331,0.00030542508313347434,1.0,1.0,1.0
0.4189261321293998,0.9999058352957986,0.0003053038313416187,1.0,1.0,1.0
0.41897210610905233,0.9998715635759051,0.00031851068554693214,1.0,1.0,1.0
0.41903588009655834,1.0006480371417499,0.00031946291502816057,1.0,1.0,1.0
0.41908263344200236,1.0007218147219148,0.00032099259585727274,1.0,1.0,1.0
0.4191291466984097,1.0005041278948592,0.00031382960498361096,1.0,1.0,1.0
0.41917122468157686,0.9998008154952991,0.0003048513284980781,1.0,1.0,1.0
0.419177590109598,1.0010550075509392,0.0003184601781708782,1.0,1.0,1.0
0.4194442560441871,1.0006429547801445,0.00030497281880735713,1.0,1.0,1.0
0.41954812064099656,1.0001069539646628,0.0003055152883129696,1.0,1.0,1.0
0.4197609606641777,1.00010556003562,0.00030512380272843095,1.0,1.0,1.0
0.4197712391625057,1.0010693770111365,0.0003135009259093758,1.0,1.0,1.0
0.4197788747021036,1.0006120068415354,0.00031907357150644786,1.0,1.0,1.0
0.4199217397862469,1.0001414774053534,0.0003054283648000666,1.0,1.0,1.0
0.42010244068508484,0.999648490362508,0.0003179588314777861,1.0,1.0,1.0
0.4201209316241119,1.0010892262755557,0.0003192386109886355,1.0,1.0,1.0
0.4202314800081126,0.9999616545659022,0.00030563247050295866,1.0,1.0,1.0
0.4204132834795473,1.0002460359198844,0.00031986607096489523,1.0,1.0,1.0
0.420469155301916,1.0005702375563827,0.00031456868513206587,1.0,1.0,1.0
0.42049711014661284,1.0005680253230576,0.0003054366645363217,1.0,1.0,1.0
0.42074134006892905,0.9997498399703041,0.00030527409719250287,1.0,1.0,1.0
0.4209448611908613,1.0006944179790276,0.0003209920688769389,1.0,1.0,1.0
0.42095359561224654,0.9999672963337659,0.00031934050938872,1.0,1.0,1.0
0.42096130207398375,1.0002953400469454,0.00031806882731212133,1.0,1.0,1.0
0.4209890749955889,0.9998823043534828,0.0003049918089510004,1.0,1.0,1.0
0.421132731599954,1.0007000093596679,0.0003184086662783997,1.0,1.0,1.0
0.42115500288671015,1.0008135880418616,0.00031406773420471716,1.0,1.0,1.0
0.42139408254749355,0.9999748292340674,0.0003055592907173397,1.0,1.0,1.0
0.4215978089844725,1.0010206252677007,0.00030534027803903475,1.0,1.0,1.0
0.4217540553136985,1.000289814536284,0.0003057781301803442,1.0,1.0,1.0
0.42180418702120015,1.000349328553039,0.0003131936038280853,1.0,1.0,1.0
0.4220539779130945,0.9997985976480769,0.0003055745393596205,1.0,1.0,1.0
0.42205587831927005,1.0006132421621134,0.0003193153904626588,1.0,1.0,1.0
0.4220734796633252,1.000188041575548,0.00031821109420289103,1.0,1.0,1.0
0.42229034269877275,1.0007359291654936,0.0003198271193394315,1.0,1.0,1.0
0.4223137585892687,0.9998925857303309,0.00030522919915182677,1.0,1.0,1.0
0.4224833427272685,1.000648064334476,0.00031481384749650494,1.0,1.0,1.0
0.4225566548199424,1.0000895768116118,0.0003051776622980225,1.0,1.0,1.0
0.4228036843634868,0.9995777620314839,0.0003208492160497627,1.0,1.0,1.0
0.4228079260421964,1.000036293285502,0.00030498545037021705,1.0,1.0,1.0
0.42286753513170083,1.0005796031741907,0.0003193675695422317,1.0,1.0,1.0
0.4229476491406814,1.000284878727781,0.00031794325148152625,1.0,1.0,1.0
0.42308395414093525,1.0006411439542688,0.000319697159295747,1.0,1.0,1.0
0.42309617311218517,1.0008924098509817,0.0003049729273916232,1.0,1.0,1.0
0.42317876882883354,1.0006705664115663,0.00031424908376193386,1.0,1.0,1.0
0.423236437065043,0.9997772173819706,0.0003056931099920047,1.0,1.0,1.0
0.4234371926256699,1.0003131975520554,0.0003052111193655212,1.0,1.0,1.0
0.4235692566124385,1.0004225489302703,0.0003194509273221745,1.0,1.0,1.0
0.42358435255559357,0.9999602564354193,0.0003057025848409612,1.0,1.0,1.0
0.42375829547417965,1.0006578447158136,0.0003168512775227057,1.0,1.0,1.0
0.42383583731985297,1.0009655873549688,0.0003133874331490303,1.0,1.0,1.0
0.4239858110051671,1.0003634188215769,0.00031930671785833625,1.0,1.0,1.0
0.42412980343397066,0.9999814065217915,0.0003053472558020725,1.0,1.0,1.0
0.4241641139954595,0.9997997264264199,0.00031971696416779286,1.0,1.0,1.0
0.424372243608218,1.000118434171437,0.00030504651276793207,1.0,1.0,1.0
0.4244950089595534,1.0005321589247738,0.0003149614428936882,1.0,1.0,1.0
0.42492502805600907,1.0004385706397685,0.00030505511597784586,1.0,1.0,1.0
0.42503177951759596,1.0008222433925291,0.000319575432926751,1.0,1.0,1.0
0.42507681556989496,0.9994964026405933,0.00030573538909758863,1.0,1.0,1.0
0.42520060892696776,1.0004948697438203,0.00031411314587710833,1.0,1.0,1.0
0.4252795275396011,1.0012796929242809,0.0003053227422747937,1.0,1.0,1.0
0.425412483557011,0.9998675580979283,0.00030568226746197265,1.0,1.0,1.0
0.42545884085134844,1.0011192391896853,0.0003199508362177453,1.0,1.0,1.0
0.4257549467849131,1.000039040715709,0.0003178771846636408,1.0,1.0,1.0
0.4258655130780671,1.0011115971376148,0.0003135223262046446,1.0,1.0,1.0
0.42591279927559356,1.0004505137810473,0.0003193096099613187,1.0,1.0,1.0
0.42594526735001637,0.999393569985301,0.00030528250278501277,1.0,1.0,1.0
0.4260050048917918,1.000270369184,0.0003183260222361275,1.0,1.0,1.0
0.4260342432136497,1.000631376231478,0.0003209733602586894,1.0,1.0,1.0
0.42618841268986785,1.0001119389440922,0.0003050311707381002,1.0,1.0,1.0
0.4264530377192841,0.9999628333926492,0.0003042816107868136,1.0,1.0,1.0
0.4264989885003019,1.0009951614311674,0.0003127381890949602,1.0,1.0,1.0
0.4265122793216847,1.0000252604837392,0.00032087279801935805,1.0,1.0,1.0
0.4266834386976939,1.00133884469237,0.00031941671087861665,1.0,1.0,1.0
0.42675620604904907,0.9998394268188879,0.0003051361657284025,1.0,1.0,1.0
0.42690888991901943,0.9999193382953163,0.0003147738434693708,1.0,1.0,1.0
0.4269754860464303,1.0008272022853082,0.0003195418044353778,1.0,1.0,1.0
0.42712480928923924,1.0007694581053876,0.00030505944438079306,1.0,1.0,1.0
0.427220274727393,1.0003395479946087,0.0003144609034452385,1.0,1.0,1.0
0.427344415302656,0.9998591755964436,0.00031993706745910054,1.0,1.0,1.0
0.42751337864018524,1.0002181689621192,0.00030565337639548365,1.0,1.0,1.0
0.427748509597599,1.0009413758855834,0.00031836433692815374,1.0,1.0,1.0
0.4277607296525616,1.0004833025565092,0.0003053269038375607,1.0,1.0,1.0
0.4278937865521648,1.0008048711695372,0.0003141301727487212,1.0,1.0,1.0
0.42790107273100375,0.9998063542557311,0.00032101368326656365,1.0,1.0,1.0
0.4279651181185926,1.0007651046910502,0.0003183882467988744,1.0,1.0,1.0
0.4280051915812919,0.9997664757402391,0.0003047636562752819,1.0,1.0,1.0
0.4282757476740926,1.000648817088791,0.00030460926017386716,1.0,1.0,1.0
0.42837207992241133,0.9994229467828356,0.00030538554539912927,1.0,1.0,1.0
0.4285337908675926,1.0008965529327345,0.0003132391170855719,1.0,1.0,1.0
0.4285857131752664,1.0001696359766317,0.00031925107661185894,1.0,1.0,1.0
0.4287501527300037,1.0009436088891208,0.0003055446084139735,1.0,1.0,1.0
0.428884763650359,1.0004629382846226,0.00031805277865623854,1.0,1.0,1.0
0.42891532703163193,1.0009213873110565,0.00031927877693124556,1.0,1.0,1.0
0.42906333754206116,1.0003182339018533,0.00030570882596981074,1.0,1.0,1.0
0.42922657953067755,1.0004405892481463,0.0003199156486687569,1.0,1.0,1.0
0.42923765908584244,1.000421958249256,0.00031479036183704455,1.0,1.0,1.0
0.4293310771269887,1.000573079211727,0.0003055334795634495,1.0,1.0,1.0
0.42957580027598397,0.999561913508778,0.00030527697197558085,1.0,1.0,1.0
0.42973890582044305,0.9998257883826421,0.00031813133075980624,1.0,1.0,1.0
0.4297547387091356,1.0002256577314959,0.00031930041536312764,1.0,1.0,1.0
0.429822748284721,1.0000533923857045,0.0003050012556532853,1.0,1.0,1.0
0.42992026198900035,1.0011046108953563,0.000313931868300204,1.0,1.0,1.0
0.42992150036488397,1.0000735757449624,0.0003183803150170975,1.0,1.0,1.0
0.4301002558780169,0.9994718041499427,0.0003046465965827049,1.0,1.0,1.0
0.43021884226979523,1.0002605503385533,0.00030553172849216617,1.0,1.0,1.0
0.4304248844449603,1.000737313264848,0.00030518262610072945,1.0,1.0,1.0
0.430483863954521,0.9997608867014629,0.00031887579661323635,1.0,1.0,1.0
0.43056704689843706,1.000498822975595,0.00031331499690303536,1.0,1.0,1.0
0.4305833466287652,1.000331048832301,0.0003056773032638767,1.0,1.0,1.0
0.43085711615186995,0.9998170893822456,0.0003181570968545596,1.0,1.0,1.0
0.4308863380419439,0.9993633875605387,0.00030548663689450127,1.0,1.0,1.0
0.431147821409553,1.0000933435815063,0.00030536753479962637,1.0,1.0,1.0
0.4312523796106831,1.0006665008813156,0.0003146051758594607,1.0,1.0,1.0
0.4313911999760194,1.0000519020366379,0.0003052516854348775,1.0,1.0,1.0
0.4316242889248656,1.0008784322221735,0.00032106081651392897,1.0,1.0,1.0
0.43166996997005924,1.0004874019584016,0.0003193132399772708,1.0,1.0,1.0
0.4317260618793739,1.001572883076654,0.0003181107295496272,1.0,1.0,1.0
0.4318741135528512,1.0002326065139944,0.00031840625548746216,1.0,1.0,1.0
0.4319267227901378,1.0002849851441042,0.00030498340150713563,1.0,1.0,1.0
0.4319448233702339,1.0009945927860786,0.0003142680957815286,1.0,1.0,1.0
0.43206210195228323,0.9993901927205585,0.00030565564891249367,1.0,1.0,1.0
0.43226364682084295,0.9999756568808389,0.00030524972390453766,1.0,1.0,1.0
0.43237847414232533,1.0005965708353466,0.0003192703757163983,1.0,1.0,1.0
0.432414203259583,0.99946206627197,0.000305761659271409,1.0,1.0,1.0
0.43259904652272496,1.0001436856649695,0.000313137966294113,1.0,1.0,1.0
0.4327078652853231,0.9994699685925006,0.00030556256383905666,1.0,1.0,1.0
0.43278347642574033,1.000850927588735,0.0003192953999000853,1.0,1.0,1.0
0.43282589256568826,1.0008556500496277,0.00031824314908031315,1.0,1.0,1.0
0.4329799084998456,0.9999842328571509,0.00031978395005956457,1.0,1.0,1.0
0.43320681830081753,0.9999588934317636,0.0003049842818175125,1.0,1.0,1.0
0.4332650279601822,1.0003415985874409,0.0003145508905359342,1.0,1.0,1.0
0.4335812930918337,1.0005098204025962,0.00031941405421628463,1.0,1.0,1.0
0.43375502889307427,1.0001277885585929,0.0003050017333034119,1.0,1.0,1.0
0.4338230623964989,1.0004219798975964,0.0003196574709188118,1.0,1.0,1.0
0.4339034880670738,0.9998299351455271,0.0003057878052014284,1.0,1.0,1.0
0.43396721899505053,1.0010412324332294,0.0003142845189414065,1.0,1.0,1.0
0.43410489933052077,1.0001671186704855,0.00030509302098764027,1.0,1.0,1.0
0.4342431279253276,0.999779996136754,0.00030565712609937983,1.0,1.0,1.0
0.43426929978252815,1.000791442742678,0.0003199454291058374,1.0,1.0,1.0
0.43452792782360916,1.0001344019206018,0.00030559175855852624,1.0,1.0,1.0
0.43453011484196935,1.0005440966579677,0.0003177752681971313,1.0,1.0,1.0
0.4346293891166617,1.0003941036811907,0.0003138633964161572,1.0,1.0,1.0
0.4347109264804345,1.0002176088971113,0.00031932742194695215,1.0,1.0,1.0
0.43477991697807283,1.0000228842988161,0.0003053238924780895,1.0,1.0,1.0
0.4348510488776469,1.0005573880506742,0.0003197796776406071,1.0,1.0,1.0
0.4350228229702111,0.9997958652834787,0.0003050052723447662,1.0,1.0,1.0
0.4352749506803093,0.9997663172131033,0.00031482076585439135,1.0,1.0,1.0
0.43528549992004173,1.0001145996782517,0.0003039412105469611,1.0,1.0,1.0
0.43533480052022355,1.0001271538812064,0.00032100175945924,1.0,1.0,1.0
0.43548858206270324,1.000205801889929,0.0003192055742598838,1.0,1.0,1.0
0.4355854688360523,1.0004770961475926,0.0003052083903402639,1.0,1.0,1.0
0.4357421408078892,1.0003019742139323,0.0003058596893210699,1.0,1.0,1.0
0.43576804033712335,1.001305917842318,0.00031969256542831366,1.0,1.0,1.0
0.4359491935578035,1.0001440715134746,0.0003050716213629006,1.0,1.0,1.0
0.43615624067885506,1.0005801793661864,0.0003200648687386528,1.0,1.0,1.0
0.43634709148946627,0.9999281037480791,0.0003055244787044977,1.0,1.0,1.0
0.43652456748156965,1.000463181581011,0.0003183075521680418,1.0,1.0,1.0
0.43659517606448617,0.9996399639101339,0.00030520929096001696,1.0,1.0,1.0
0.43663515072098846,1.000136388718439,0.0003193293144781429,1.0,1.0,1.0
0.43665823021844474,1.0002337072589462,0.00031410475566047874,1.0,1.0,1.0
0.43671900620825,1.0000026229966927,0.00032104869634323925,1.0,1.0,1.0
0.43675223922136297,0.9997549609117932,0.00031832859742152956,1.0,1.0,1.0
0.43683924334933977,0.9998216691187827,0.000304876381803531,1.0,1.0,1.0
0.43710783605479264,0.9996960047708433,0.0003045858158944541,1.0,1.0,1.0
0.43728135894716047,1.0006267412076866,0.00031428797013198354,1.0,1.0,1.0
0.4372959271150769,1.000775786313015,0.00031311310328733285,1.0,1.0,1.0
0.43739199387297845,1.0008462254985835,0.0003192924453111229,1.0,1.0,1.0
0.43741736301672063,1.000452470244263,0.00030518801769494996,1.0,1.0,1.0
0.4375784509462335,0.9995535482630222,0.0003055833824030049,1.0,1.0,1.0
0.43766684121742117,1.0002283317506546,0.0003176099737309602,1.0,1.0,1.0
0.4377091598333749,1.001008120691245,0.00031951591933807017,1.0,1.0,1.0
0.43789515747212704,1.0005453091278649,0.00030574699227471896,1.0,1.0,1.0
0.43800576386951917,1.0006008809804345,0.0003145728658056641,1.0,1.0,1.0
0.4380394786689976,1.000678166934873,0.0003199124827871432,1.0,1.0,1.0
0.43816495503389774,0.9996756969392888,0.0003054810879659312,1.0,1.0,1.0
0.43841054333384477,1.0000661003245124,0.0003052725426834086,1.0,1.0,1.0
0.43858343343495676,0.999939135029126,0.00032101316805694345,1.0,1.0,1.0
0.4386563860271053,0.999710517131962,0.0003049843259892111,1.0,1.0,1.0
0.4386853123187784,1.0010289198666216,0.0003139351016376821,1.0,1.0,1.0
0.4387098577058737,1.0005023217272624,0.00031840279044149694,1.0,1.0,1.0
0.43893177841590614,1.000728856904026,0.00030501157100479997,1.0,1.0,1.0
0.43904329608886883,1.0002757212108448,0.0003055199127851352,1.0,1.0,1.0
0.43925238488253626,1.0009073297330975,0.0003052679495476685,1.0,1.0,1.0
0.4392915504557209,1.0005057152024384,0.00031916316113009274,1.0,1.0,1.0
0.43932975479718994,1.000282723441572,0.0003132919079698831,1.0,1.0,1.0
0.4394122595757892,0.9991517864852117,0.00030552141282900563,1.0,1.0,1.0
0.4396402239174506,1.0008406495452473,0.00031820056586268953,1.0,1.0,1.0
0.4396465391523492,0.9996935527694771,0.00031918506562303217,1.0,1.0,1.0
0.4397186762175238,0.9998249003715785,0.0003056537974712106,1.0,1.0,1.0
0.4399190611888457,1.0001537478330884,0.0003199775851819779,1.0,1.0,1.0
0.4399820899367626,1.000193386153731,0.0003054702352537943,1.0,1.0,1.0
0.44002142262527855,1.0000059535884824,0.00031463676120947076,1.0,1.0,1.0
0.44022563026337025,0.9999229112356719,0.00030522991239385,1.0,1.0,1.0
0.4404444044545528,1.0021614935951375,0.00032107167388126684,1.0,1.0,1.0
0.44047197852043496,1.0003524351539703,0.0003193589828941148,1.0,1.0,1.0
0.4404744189048415,0.9998192240186823,0.00030502316326967536,1.0,1.0,1.0
0.4405042517882123,1.0009321391179349,0.0003181572335475356,1.0,1.0,1.0
0.44066371939442206,1.0010260587753537,0.0003185230421426528,1.0,1.0,1.0
0.44075748811803805,1.0004683999383148,0.00030499739721790066,1.0,1.0,1.0
0.4408881648716374,0.999934652800401,0.00030559732356705846,1.0,1.0,1.0
0.44118727927011037,1.0004544261325026,0.00031873432971789664,1.0,1.0,1.0
0.4412439669876278,0.9996466904107203,0.000305723891732564,1.0,1.0,1.0
0.44136222878070086,1.0003131925671402,0.0003132660498260684,1.0,1.0,1.0
0.44154053518968794,0.9995997433828312,0.0003055834419221739,1.0,1.0,1.0
0.44157988367503265,1.000375531199926,0.00031940350032583236,1.0,1.0,1.0
0.44161018718732237,1.0011672010485024,0.00031832638877160336,1.0,1.0,1.0
0.44179518006956187,0.9995341245100833,0.000319725096380298,1.0,1.0,1.0
0.44203462633002744,1.000472982118585,0.00031466703434987985,1.0,1.0,1.0
0.44204115791131926,0.9998213970760521,0.0003051888295625926,1.0,1.0,1.0
0.4423844522053457,1.0002475641079613,0.00031939996499256074,1.0,1.0,1.0
0.4425849855110755,1.0003539168684625,0.0003049631611312134,1.0,1.0,1.0
0.44261392738751226,1.000457336678682,0.000319626550106804,1.0,1.0,1.0
0.4427296006812469,1.0001404576592785,0.000305798734652584,1.0,1.0,1.0
0.4427337343425499,1.0010242378090546,0.0003142655595210753,1.0,1.0,1.0
0.4429304491775383,1.000300725301901,0.0003052555279312996,1.0,1.0,1.0
0.4430735607580232,1.0000211547800575,0.0003057735997868456,1.0,1.0,1.0
0.4430794890933498,1.0004776039316505,0.00031979244856538845,1.0,1.0,1.0
0.44330481062723237,0.9993450270053851,0.0003171481431265176,1.0,1.0,1.0
0.44336115760091843,1.0005876203505515,0.00030571905620292966,1.0,1.0,1.0
0.4433932248286716,1.000255920977186,0.0003135308141626497,1.0,1.0,1.0
0.44350876470331,0.9999445196278343,0.0003191304573504972,1.0,1.0,1.0
0.4435764009419785,1.00051017130087,0.0003184198111866968,1.0,1.0,1.0
0.4436143917164088,0.999539672540914,0.00030538352028855475,1.0,1.0,1.0
0.44366747763581316,0.9995878800011138,0.00031956992695978103,1.0,1.0,1.0
0.44385701647124165,1.000441816256931,0.0003051589485459489,1.0,1.0,1.0
0.44404541386833074,0.9976979953970745,0.0003145197043259478,1.0,1.0,1.0
0.4441181194640649,1.000297171005838,0.0003038359966740271,1.0,1.0,1.0
0.4441569903227389,0.9992774781550243,0.00032099140089725747,1.0,1.0,1.0
0.44429316441522815,1.000967698374984,0.0003193332279760673,1.0,1.0,1.0
0.4444147036797972,1.0007340998425185,0.00030517819609496164,1.0,1.0,1.0
0.444560173835697,1.0002315722460748,0.0003195860550801085,1.0,1.0,1.0
0.44456923618463406,0.9992762066002387,0.00030572235402605454,1.0,1.0,1.0
0.44475470980401965,1.0002317075470661,0.0003143571335034927,1.0,1.0,1.0
0.4447737700003245,1.0003844818187595,0.00030516909345504285,1.0,1.0,1.0
0.44490089470690464,0.9998974890269567,0.000305540098895099,1.0,1.0,1.0
0.4449675237587769,1.0004653269278887,0.00032004509463487733,1.0,1.0,1.0
0.44518041566468014,0.999473705919596,0.0003053577911318387,1.0,1.0,1.0
0.445422482204874,1.0005777554133368,0.0003138659483728544,1.0,1.0,1.0
0.4454298811252215,1.0000582575518138,0.00030534476513704366,1.0,1.0,1.0
0.4454341449927739,1.0009134851378596,0.00031942733444073244,1.0,1.0,1.0
0.4455364315947463,0.9995411950742666,0.0003210764075854605,1.0,1.0,1.0
0.44553895533388754,1.0004555002081816,0.00031842168424547673,1.0,1.0,1.0
0.4456732352073516,0.9995872175929377,0.0003049176557447548,1.0,1.0,1.0
0.4459398223635844,1.0003857789630335,0.00030465548751334065,1.0,1.0,1.0
0.44605806804161485,1.0006417917198478,0.0003129456911669586,1.0,1.0,1.0
0.44619799268795646,1.001058317014624,0.0003193477201218074,1.0,1.0,1.0
0.44624651939557225,0.9994015827321948,0.00030509447655257215,1.0,1.0,1.0
0.4464062141469469,0.9995272658181741,0.0003056065287252565,1.0,1.0,1.0
0.44644839843137163,1.000315869221558,0.00031713943925844133,1.0,1.0,1.0
0.44650256990682635,1.0007773899009484,0.00031962675941116844,1.0,1.0,1.0
0.4466200822711812,1.0006121508639656,0.00030522395273320366,1.0,1.0,1.0
0.4467265187037128,1.000082401807572,0.00030557098320708597,1.0,1.0,1.0
0.44677347382779686,1.000146406412701,0.00031469076744577074,1.0,1.0,1.0
0.4468521178677065,1.000600584777214,0.0003198187366337709,1.0,1.0,1.0
0.44699873856311,0.9990379885660114,0.0003053219037860356,1.0,1.0,1.0
0.4472450088754556,1.0001618520476305,0.00030531769426906573,1.0,1.0,1.0
0.44729277928897915,1.000007125805634,0.000318501484031365,1.0,1.0,1.0
0.4473558820743193,0.9995248071351972,0.00031940427862720184,1.0,1.0,1.0
0.44745015805088784,1.0009096523142065,0.0003139518167283108,1.0,1.0,1.0
0.4474902594263881,1.00036039069907,0.00030484772439317426,1.0,1.0,1.0
0.4474978058616159,1.0001725385728275,0.00031849748560553164,1.0,1.0,1.0
0.44776321644849304,1.000048763295372,0.00030485057022554247,1.0,1.0,1.0
0.4478674394668474,0.9999120727541376,0.0003055245399060665,1.0,1.0,1.0
0.44808016675915496,1.0003998743067037,0.0003051382563473579,1.0,1.0,1.0
0.44809231489230417,0.9996727680512986,0.00031329438614095194,1.0,1.0,1.0
0.44809868112770346,1.0006495662958244,0.0003191353700933061,1.0,1.0,1.0
0.4482409282540516,0.9998321729053333,0.00030561000421495005,1.0,1.0,1.0
0.448422944118235,0.999680267165788,0.00031801992389698307,1.0,1.0,1.0
0.44844123224447685,0.9997223312401784,0.00031916501773621885,1.0,1.0,1.0
0.44855070978070444,0.9991364285507122,0.00030555244080329616,1.0,1.0,1.0
0.4487327631781284,0.9999263524717343,0.00031982242729619386,1.0,1.0,1.0
0.44879005919750625,1.000803749242158,0.0003143985303162727,1.0,1.0,1.0
0.44881628086631054,0.9996448892233476,0.00030541085343982244,1.0,1.0,1.0
0.4490603556436952,0.9994358428024789,0.00030529854559657634,1.0,1.0,1.0
0.44927369907706804,0.9996869594581936,0.0003193132111476776,1.0,1.0,1.0
0.44928208319483787,1.0000366151634827,0.00031802464061381355,1.0,1.0,1.0
0.449308118453132,1.0001642685986822,0.00030499001926194083,1.0,1.0,1.0
0.44945291185571534,0.9995598572162434,0.00031833554825320005,1.0,1.0,1.0
0.4494759963297028,1.000819474057672,0.00031387878253380996,1.0,1.0,1.0
0.44958832493256295,0.9998158786880599,0.000305005341907425,1.0,1.0,1.0
0.4497133745898054,0.9993933043637528,0.00030553042037004263,1.0,1.0,1.0
0.4499169010476294,1.0009423001069857,0.00030537253541470323,1.0,1.0,1.0
0.4500732228064521,0.9995537350062168,0.00030574806953871246,1.0,1.0,1.0
0.45012524984326596,1.0007145216969822,0.0003134458801047095,1.0,1.0,1.0
0.4503731936485167,0.9999991239046474,0.0003055951770011555,1.0,1.0,1.0
0.4503760032331172,1.0003744944945208,0.00031929867374765546,1.0,1.0,1.0
0.4503940881331516,0.9999201414105365,0.00031816640622750263,1.0,1.0,1.0
0.45061006570813333,1.000254150334827,0.00031982334988690065,1.0,1.0,1.0
0.45063278441963917,1.0002028410797126,0.0003053109433957052,1.0,1.0,1.0
0.4508040848022219,0.9999129342363196,0.0003147190544116354,1.0,1.0,1.0
0.4508756721695306,0.9993059519470927,0.0003050658027100339,1.0,1.0,1.0
0.4511232369806919,0.9990404160597864,0.00032074940091076184,1.0,1.0,1.0
0.45112697972507476,0.9998004845570017,0.00030496864412243754,1.0,1.0,1.0
0.45118732461588706,0.9992213858169843,0.00031931303717877985,1.0,1.0,1.0
0.45126812208938816,1.000473988910824,0.00031790054001700114,1.0,1.0,1.0
0.4514043757713182,1.0001852685883954,0.00031959956292700276,1.0,1.0,1.0
0.4514151688716197,0.9999559902794495,0.000304969228121758,1.0,1.0,1.0
0.4514998819910616,0.9998109327914516,0.0003141051637996338,1.0,1.0,1.0
0.4515555647051883,0.9996475991662953,0.00030567044273388294,1.0,1.0,1.0
0.45175658777861827,1.0004807385754646,0.0003052670321515148,1.0,1.0,1.0
0.4519035003640397,0.9988858282514097,0.00030565202152750515,1.0,1.0,1.0
0.4520791753392004,1.0002060517371445,0.00031680442858774853,1.0,1.0,1.0
0.4521567475180479,0.9993005219776989,0.00031321748234956564,1.0,1.0,1.0
0.45230603773885036,1.0001732215648638,0.0003191893700661175,1.0,1.0,1.0
0.45236149939275094,0.9999947656393539,0.0003183302549288945,1.0,1.0,1.0
0.4524488242525422,0.9999413498323995,0.00030531221920014823,1.0,1.0,1.0
0.4524836651706039,0.9998651565996487,0.0003196657492073075,1.0,1.0,1.0
0.4526912643561616,0.9994451409849954,0.00030504992076243667,1.0,1.0,1.0
0.4528157268325117,0.9997080409913508,0.0003149133657725241,1.0,1.0,1.0
0.4532443208747736,1.0004072826813775,0.00030512014184389105,1.0,1.0,1.0
0.4533520260969226,0.9995163204515096,0.00031951598421904587,1.0,1.0,1.0
0.45339605728210586,0.9996322207680775,0.0003057437818151261,1.0,1.0,1.0
0.45352156349549944,0.9999988567755792,0.0003139906800101125,1.0,1.0,1.0
0.453598949869388,0.9996072034238316,0.00030517959751568703,1.0,1.0,1.0
0.45373161281062835,0.999797243251851,0.0003056919686103658,1.0,1.0,1.0
0.4537784012232464,0.9991871301984707,0.00031985470544869187,1.0,1.0,1.0
0.45407565933343363,0.9992326966689872,0.0003178407620545745,1.0,1.0,1.0
0.45418668513183214,0.9997756329438082,0.0003134590402864109,1.0,1.0,1.0
0.4542327117059557,0.9994975182970232,0.00031927699321434086,1.0,1.0,1.0
0.45426442337708295,0.9999010663921204,0.0003052946697417606,1.0,1.0,1.0
0.4543252671217317,0.9998277024953903,0.0003182437479554906,1.0,1.0,1.0
0.4543536228773064,0.9989685636862043,0.00032092405264041014,1.0,1.0,1.0
0.4545074383992471,0.9991761559002319,0.00030500849581276026,1.0,1.0,1.0
0.4547722551488391,0.9996530567038852,0.0003042347315799902,1.0,1.0,1.0
0.45482021831617536,0.9996429182276084,0.0003127941081706193,1.0,1.0,1.0
0.4548314963377891,0.9983062036246527,0.00032082692601363184,1.0,1.0,1.0
0.45500343180140135,0.9991505742190974,0.00031928958189526087,1.0,1.0,1.0
0.4550755201958623,0.9995043324080657,0.0003050964460064698,1.0,1.0,1.0
0.45522957584533685,0.9997819840604261,0.0003147784250907362,1.0,1.0,1.0
0.4552338542401628,0.9994186490476689,0.00030569721046180094,1.0,1.0,1.0
0.4552955578872968,0.9999821216755035,0.0003195456430138679,1.0,1.0,1.0
0.4554441214191911,0.9998473845791799,0.0003050141215830765,1.0,1.0,1.0
0.4555412083208559,1.0002930557202856,0.0003145889182197393,1.0,1.0,1.0
0.45555797077344096,0.9994274886647051,0.00030558763391138954,1.0,1.0,1.0
0.45566421801729007,1.00030013466021,0.0003200074956041567,1.0,1.0,1.0
0.4558324217245797,0.999768032851569,0.00030555032586344953,1.0,1.0,1.0
0.45606919245832955,0.9992909091222301,0.00031831236263456844,1.0,1.0,1.0
0.4560796066305386,0.9988449172054188,0.00030518636369419335,1.0,1.0,1.0
0.4561557434332286,0.9996967523585001,0.0003193601351105075,1.0,1.0,1.0
0.4562148035618563,0.9996927251067292,0.00031398028251817986,1.0,1.0,1.0
0.45622042044800537,0.9990120496011746,0.0003209121197404948,1.0,1.0,1.0
0.45628534549766187,0.9991381658274954,0.00031832204550601357,1.0,1.0,1.0
0.4563240852687329,0.9989432229319509,0.0003047637592770126,1.0,1.0,1.0
0.456594980018167,0.9995188385104757,0.00030453006053156507,1.0,1.0,1.0
0.45669126919696623,0.999801178494612,0.0003054644802303629,1.0,1.0,1.0
0.45685473220569595,0.9996723256945494,0.0003131625966963231,1.0,1.0,1.0
0.4569055315405137,0.9995217662026237,0.0003192351283303392,1.0,1.0,1.0
0.45690822474023207,1.0009352116052133,0.00030524627283876884,1.0,1.0,1.0
0.45706934829709667,0.9990716484657757,0.00030544058300919043,1.0,1.0,1.0
0.4572052780651603,0.9995616131500196,0.00031793686233317974,1.0,1.0,1.0
0.4572355010049449,0.9993271223898682,0.00031913243257920533,1.0,1.0,1.0
0.4573824337196015,0.9991758103613909,0.0003055913712332222,1.0,1.0,1.0
0.4575462091203235,0.9996587562373735,0.0003198434391328465,1.0,1.0,1.0
0.4575584318166648,0.999589993781713,0.00031477712806373396,1.0,1.0,1.0
0.45765011166000136,0.9991918347598794,0.0003054463481820976,1.0,1.0,1.0
0.45789481561882894,0.9993296415805735,0.0003052471756022157,1.0,1.0,1.0
0.4580595586706977,0.9999899404676881,0.0003181038604363002,1.0,1.0,1.0
0.4580747158395013,0.9995719988689472,0.00031924137465178117,1.0,1.0,1.0
0.4581416501100648,0.9988553219710528,0.0003049488775112483,1.0,1.0,1.0
0.4582411228151102,0.9998678343459005,0.0003140666200775743,1.0,1.0,1.0
0.45824183084447156,0.9997586179291874,0.00031833298593829905,1.0,1.0,1.0
0.45841950464915726,0.9997148213219182,0.0003047396607878809,1.0,1.0,1.0
0.45853814303490026,0.9980781701598641,0.00030546090697971585,1.0,1.0,1.0
0.4587441068661633,0.9995571150333731,0.00030504591130203946,1.0,1.0,1.0
0.4588037847748865,0.9988480401635,0.00031883003560571145,1.0,1.0,1.0
0.4588881140869461,0.9990482629143548,0.0003130351374251429,1.0,1.0,1.0
0.45890238229119973,0.9985947796464908,0.0003056755330789485,1.0,1.0,1.0
0.4591715585719669,1.0000022095572307,0.0003194027351868707,1.0,1.0,1.0
0.4591777356033617,0.9991953088439108,0.00031814629929695186,1.0,1.0,1.0
0.45920541968817474,0.9997241032097994,0.0003055562612335975,1.0,1.0,1.0
0.45942456217852623,0.9994829749220474,0.00031970188588299194,1.0,1.0,1.0
0.45946698776279504,0.9987988494695227,0.0003052391350182121,1.0,1.0,1.0
0.4595734066238677,0.9994420371792815,0.00031448161863815223,1.0,1.0,1.0
0.4597102165289755,0.999097727099184,0.00030514652058242955,1.0,1.0,1.0
0.4599438515556358,0.9980660763677577,0.00032074013969883873,1.0,1.0,1.0
0.4599899103033067,0.9987032012318902,0.00031923258472554497,1.0,1.0,1.0
0.4600466834182839,0.9988831738617762,0.00031784129614155396,1.0,1.0,1.0
0.4601944082134821,0.9983878293667312,0.0003182189514573301,1.0,1.0,1.0
0.46024585086394154,0.9988571497029032,0.0003048536265779696,1.0,1.0,1.0
0.4602658043996186,1.001248947046423,0.00031422702189772,1.0,1.0,1.0
0.46038137656913136,0.9994346831331042,0.0003056481184718162,1.0,1.0,1.0
0.460582756057363,0.9991533908538996,0.0003052098547649765,1.0,1.0,1.0
0.4606982205469592,0.9990646349060917,0.00031913854881348907,1.0,1.0,1.0
0.46073335751182753,0.9989243245825495,0.0003056783192144485,1.0,1.0,1.0
0.4609200999967662,0.9988655165590066,0.0003130108937563809,1.0,1.0,1.0
0.4610267951043454,0.9984214052956719,0.0003054727272272061,1.0,1.0,1.0
0.4611037150990853,0.9989857671869454,0.00031910347116050704,1.0,1.0,1.0
0.4611462009407745,0.9989750350456238,0.0003181360544852972,1.0,1.0,1.0
0.46129933204977647,0.9991716046204877,0.00031958474914329355,1.0,1.0,1.0
0.4615256991612,0.9986213155686273,0.00030487948403543807,1.0,1.0,1.0
0.4615857539004793,0.9991630794672499,0.0003144862974493317,1.0,1.0,1.0
0.4619010577185634,0.9983907846728735,0.00031927049811662626,1.0,1.0,1.0
0.46203049669679785,0.9986244963069656,0.00031780211115133505,1.0,1.0,1.0
0.46207417636878745,0.9998284744252612,0.00030491614174738295,1.0,1.0,1.0
0.46214332123817314,0.9989892528059285,0.00031951694792306203,1.0,1.0,1.0
0.4622227378365551,0.9989496355848771,0.0003056846779868844,1.0,1.0,1.0
0.4624241739574586,0.9993531177163616,0.000305036362876963,1.0,1.0,1.0
0.4625622631386648,0.9988840724219106,0.00030560202613648597,1.0,1.0,1.0
0.4625890106808015,0.9989881441382741,0.0003197466507972442,1.0,1.0,1.0
0.4628471230579123,0.9984365331473514,0.000305388843152147,1.0,1.0,1.0
0.46285069846441473,0.9991671666247504,0.0003176685389057866,1.0,1.0,1.0
0.4630309897598579,0.9990314977896587,0.0003191955064092935,1.0,1.0,1.0
0.46309879678972266,0.9990958965474919,0.0003051466194430747,1.0,1.0,1.0
0.46311117683366376,0.9991785293659103,0.00031812634435687446,1.0,1.0,1.0
0.46317057810966844,0.9990389601658692,0.00031965146893064356,1.0,1.0,1.0
0.4635821054443937,0.9982274480125859,0.0003125852586616365,1.0,1.0,1.0
0.4636045741746102,0.9984477662180516,0.0003036470400418265,1.0,1.0,1.0
0.46365416550131044,0.9980587517884464,0.00032089940085032746,1.0,1.0,1.0
0.46380831054776195,0.9985291021871368,0.0003191243801629718,1.0,1.0,1.0
0.4639044985790406,0.998634177571685,0.0003050603426443995,1.0,1.0,1.0
0.464061366375347,0.9987388654610744,0.0003056706100784034,1.0,1.0,1.0
0.46408812411765155,0.998332882312741,0.0003194925715125182,1.0,1.0,1.0
0.46426835758160223,0.9992906181211829,0.0003050136641484971,1.0,1.0,1.0
0.46447605500034683,0.9985255477637577,0.0003198991077916315,1.0,1.0,1.0
0.464845121738918,0.9979604670342802,0.0003181337116425865,1.0,1.0,1.0
0.4649143307301813,0.9983450394992773,0.00030520003019651694,1.0,1.0,1.0
0.46495531581015825,0.9986184662364315,0.00031904906871604995,1.0,1.0,1.0
0.46497939131071675,0.9985006305501093,0.0003137436970148084,1.0,1.0,1.0
0.46503850283815495,0.9978427304693813,0.00032063532375843477,1.0,1.0,1.0
0.4650726168040933,0.9985151373859324,0.0003182214246076747,1.0,1.0,1.0
0.4651582732436452,0.9987071860269299,0.00030474310774198884,1.0,1.0,1.0
0.46542692468938185,0.998449277122752,0.000304437293564727,1.0,1.0,1.0
0.46560203422459523,0.9980674454845279,0.0003139168100922759,1.0,1.0,1.0
0.46561714935774123,0.9978798524057413,0.0003129926285354536,1.0,1.0,1.0
0.46571182416778356,0.9988267140301366,0.00031907963133766704,1.0,1.0,1.0
0.4657365536526754,0.999342908994761,0.00030495296984750373,1.0,1.0,1.0
0.46589765361255786,0.9975173560311933,0.0003052592617894273,1.0,1.0,1.0
0.4659872279969193,0.997356334875295,0.00031733671526619115,1.0,1.0,1.0
0.4660294846658246,0.9979062530389685,0.00031904111478149626,1.0,1.0,1.0
0.46621425881275513,0.9977345531554626,0.0003055234129154206,1.0,1.0,1.0
0.4663265443349047,0.9977737266280915,0.0003144895289996971,1.0,1.0,1.0
0.4663591195428012,0.9976689604547572,0.00031969775490612483,1.0,1.0,1.0
0.466483992319894,0.9981114771541613,0.00030539145058171795,1.0,1.0,1.0
0.46672955859602894,0.9982844465580064,0.0003051157794708381,1.0,1.0,1.0
0.4668368193840422,0.9985098598090474,0.0003182163914911261,1.0,1.0,1.0
0.466875443942655,0.9980737789248197,0.00031917207043722593,1.0,1.0,1.0
0.46690275985420726,0.9978313490356413,0.000320798673870134,1.0,1.0,1.0
0.46697556219226044,0.997705921602039,0.00030465326889841596,1.0,1.0,1.0
0.46700631770142564,0.998446663720433,0.00031388763773377676,1.0,1.0,1.0
0.4672507443765994,0.9984346775649945,0.00030454287360273365,1.0,1.0,1.0
0.4673627441534052,0.9975512422897582,0.0003053873218369006,1.0,1.0,1.0
0.4675715992465257,0.9988473041685626,0.0003050240104092756,1.0,1.0,1.0
0.46761148321573387,0.9982401444783013,0.000318902948166589,1.0,1.0,1.0
0.46765082634205957,0.9982071055253353,0.0003131052725499202,1.0,1.0,1.0
0.46773144078304085,0.9972059098584876,0.000305296762842849,1.0,1.0,1.0
0.4679608546531142,0.9982981043197312,0.0003180502625711077,1.0,1.0,1.0
0.4679666885908915,0.9982370316398252,0.00031901443591914334,1.0,1.0,1.0
0.4680376237947712,0.9977777282321167,0.0003053917622352252,1.0,1.0,1.0
0.468238806453968,0.9979022544982078,0.0003197848259070741,1.0,1.0,1.0
0.4683011198007989,0.9976891584286981,0.00030524972822013643,1.0,1.0,1.0
0.468342318776223,0.9978392042940443,0.0003142926922784839,1.0,1.0,1.0
0.46854478491897567,0.9979629672208749,0.00030508281269212494,1.0,1.0,1.0
0.46876397740140874,0.9981820713349459,0.0003207520110553457,1.0,1.0,1.0
0.46879193080341963,0.9978139378304363,0.000319166287166152,1.0,1.0,1.0
0.46879360424662764,0.9982540757762902,0.0003048938559117897,1.0,1.0,1.0
0.4688248836634017,0.9976716119625678,0.00031795371344592305,1.0,1.0,1.0
0.4689841645814141,0.9973716475097963,0.0003182863077715483,1.0,1.0,1.0
0.46903136699500436,0.997956154586972,0.0003136588663966864,1.0,1.0,1.0
0.46907647155455834,0.9983450589157222,0.00030484291714305675,1.0,1.0,1.0
0.4692075864753349,0.9970642690848833,0.0003053751251196699,1.0,1.0,1.0
0.4695070372816019,0.998488767705473,0.0003185538061131801,1.0,1.0,1.0
0.46956312754250007,0.9975873865350392,0.0003055807952938633,1.0,1.0,1.0
0.4696832869237131,0.9972967658058661,0.0003131807512327695,1.0,1.0,1.0
0.46985960764925494,0.9976971354458949,0.0003053441110457428,1.0,1.0,1.0
0.46989999600383214,0.9974288812363881,0.0003191138805596997,1.0,1.0,1.0
0.46993064513078764,0.9981907285357353,0.0003181154174779999,1.0,1.0,1.0
0.470114753187886,0.9975277224087128,0.0003196366742601097,1.0,1.0,1.0
0.47011753929251654,0.9976758592570777,0.00030518088316169195,1.0,1.0,1.0
0.47035563752115905,0.9974967409428334,0.00031440315016215565,1.0,1.0,1.0
0.4703601762290077,0.9980423615267416,0.0003049329574762724,1.0,1.0,1.0
0.4707045062980768,0.9972870956678201,0.00031921462921154865,1.0,1.0,1.0
0.4709041264219991,0.9975780222607511,0.00030474770237178564,1.0,1.0,1.0
0.47093419815874427,0.9981390561345767,0.00031938713961805065,1.0,1.0,1.0
0.47104899712493875,0.9974255674293532,0.0003055630709520104,1.0,1.0,1.0
0.47105470214150813,0.9974937261383877,0.00031411541283861617,1.0,1.0,1.0
0.47124971476910105,0.9983582182968839,0.0003050698505259082,1.0,1.0,1.0
0.4713925635158489,0.9978145656063189,0.00030560146332816985,1.0,1.0,1.0
0.4713990730218711,0.9968169130440772,0.00031955044354032745,1.0,1.0,1.0
0.471625403617864,0.9958029381322856,0.00031686193043927395,1.0,1.0,1.0
0.47168007936269873,0.996764099277948,0.0003053676139970061,1.0,1.0,1.0
0.4717142684504818,0.9974513144315326,0.00031325202181161526,1.0,1.0,1.0
0.4718287019810532,0.9960956198983609,0.0003188392059767991,1.0,1.0,1.0
0.4718968246698694,0.998331059723534,0.00031817158713584587,1.0,1.0,1.0
0.4719334112542697,0.9974154943153689,0.00030512946486435015,1.0,1.0,1.0
0.47198701750662053,0.9959295206142563,0.00031934567377705597,1.0,1.0,1.0
0.47217603875199643,0.9971528482362552,0.00030491561373071117,1.0,1.0,1.0
0.4724370507150297,0.9985058502147033,0.0003037624309713136,1.0,1.0,1.0
0.4724763649745398,0.9958097005832169,0.00032063700764647154,1.0,1.0,1.0
0.47261290485002405,0.9967841477864632,0.00031903027215138133,1.0,1.0,1.0
0.47273372636391287,0.9981330206275648,0.00030487912796579663,1.0,1.0,1.0
0.47288040846527224,0.9973432554822309,0.0003192635844250125,1.0,1.0,1.0
0.4728884698295417,0.9968611144368301,0.0003055110146619515,1.0,1.0,1.0
0.47307579586000514,0.9962380895458435,0.0003140960418637829,1.0,1.0,1.0
0.47309320184956505,0.9972611035242982,0.0003048314025075967,1.0,1.0,1.0
0.4732201565874732,0.9963880338504533,0.0003053155804681607,1.0,1.0,1.0
0.4732873493846341,0.997364217769175,0.0003197543963265557,1.0,1.0,1.0
0.47349960380981315,0.9960957227024584,0.0003049125531583312,1.0,1.0,1.0
0.47362098584552825,0.9974861824706861,0.00031788754521246484,1.0,1.0,1.0
0.47374364877285124,0.9974311673766868,0.0003135382891640974,1.0,1.0,1.0
0.4737487591519596,0.9972041389555508,0.00030510646828427684,1.0,1.0,1.0
0.47375432235436676,0.997562803025357,0.00031912154727163015,1.0,1.0,1.0
0.4738560771577056,0.9972197711779631,0.00032056502340210125,1.0,1.0,1.0
0.4738593442209833,0.9972962047000794,0.00031806559029756926,1.0,1.0,1.0
0.4739922629738942,0.9962409592113975,0.0003044494902307136,1.0,1.0,1.0
0.4742590446839472,0.9973525393146113,0.0003043014541434761,1.0,1.0,1.0
0.4743792941465146,0.9971457957182652,0.0003126401383843354,1.0,1.0,1.0
0.47456570252887786,0.9968713837277036,0.00030479021455344683,1.0,1.0,1.0
0.4747255631547205,0.9961715448631066,0.0003051671244423713,1.0,1.0,1.0
0.4748229066688623,0.9978848902121615,0.00031913408868100725,1.0,1.0,1.0
0.47493940432394766,0.997482395588065,0.0003048498117247025,1.0,1.0,1.0
0.4750457638042178,0.9966512802849076,0.0003054250845023229,1.0,1.0,1.0
0.475094399999314,0.9963896550319495,0.00031421900636860196,1.0,1.0,1.0
0.47517163144908636,0.9967223755256979,0.0003195209266293118,1.0,1.0,1.0
0.475564162805,0.9967964079306526,0.00030501401925648355,1.0,1.0,1.0
0.47561359042031626,0.9960801513794892,0.0003181203221003244,1.0,1.0,1.0
0.47567574513260524,0.9967397039694124,0.0003190041470036399,1.0,1.0,1.0
0.47572144584225384,1.0001108617651657,0.0003210043820745016,1.0,1.0,1.0
0.4757711692520985,0.9968391123180442,0.0003136802388930907,1.0,1.0,1.0
0.4758092942921621,0.9970866797365754,0.0003046794495830527,1.0,1.0,1.0
0.475818298494616,0.9964955065194655,0.00031814504314686535,1.0,1.0,1.0
0.47608245418757633,0.9970531102597476,0.00030441290597995533,1.0,1.0,1.0
0.47618661938329865,0.9960085046685601,0.0003051758740311382,1.0,1.0,1.0
0.4763993730961147,0.9970955090247249,0.0003048832282210068,1.0,1.0,1.0
0.4764135292289815,0.9965425153929873,0.00031307708667022193,1.0,1.0,1.0
0.4764186255046923,0.995936815440922,0.0003187951138884305,1.0,1.0,1.0
0.4765601167218847,0.9961675690463825,0.00030515356986865943,1.0,1.0,1.0
0.476743585835564,0.996655265526726,0.00031775105020816826,1.0,1.0,1.0
0.4767613936327564,0.9963039659917103,0.0003188990444548973,1.0,1.0,1.0
0.47686980078503893,0.996219598869579,0.00030530868867221817,1.0,1.0,1.0
0.4770523811507985,0.9960630719850312,0.00031955624395717583,1.0,1.0,1.0
0.47711096310318624,0.9958246713454556,0.0003141042352717524,1.0,1.0,1.0
0.47713517454369025,0.9963280748312306,0.00030506793435357814,1.0,1.0,1.0
0.477379371228551,0.9963302501119994,0.0003049948939113916,1.0,1.0,1.0
0.4775838885048529,0.9957439333090541,0.00032033054118669194,1.0,1.0,1.0
0.4775936639450862,0.9964692509983165,0.0003191065927167386,1.0,1.0,1.0
0.47760272539620274,0.9956470825767866,0.0003177087676553348,1.0,1.0,1.0
0.4776270233844002,0.9963460312259774,0.0003045936120786768,1.0,1.0,1.0
0.4777733689924446,0.9968299638592124,0.0003181667000930624,1.0,1.0,1.0
0.4779074409960913,0.9964275469877053,0.00030437405527981523,1.0,1.0,1.0
0.47803252772271776,0.9957804931179334,0.00030521368375470003,1.0,1.0,1.0
0.47823627053634254,0.9972896116263058,0.00030504548755282303,1.0,1.0,1.0
0.4783925288859052,0.995922372982392,0.00030540145660041445,1.0,1.0,1.0
0.4784461739172752,0.9960927920388486,0.00031279890982098893,1.0,1.0,1.0
0.4786921320290105,0.9957885578176511,0.0003052821226200691,1.0,1.0,1.0
0.47869598923756485,0.9959449086701855,0.000318931210837978,1.0,1.0,1.0
0.4787145573708784,0.9961644474547892,0.00031780265081679163,1.0,1.0,1.0
0.47895181007859833,0.9958651856293648,0.0003048945489895707,1.0,1.0,1.0
0.4791251037480819,0.9961810284512294,0.0003142390205020645,1.0,1.0,1.0
0.47919468960989775,0.9957513749826412,0.00030471286417685085,1.0,1.0,1.0
0.47944265068846903,0.9951667503283038,0.0003200676042880122,1.0,1.0,1.0
0.4794458949018576,0.9958293297414382,0.0003046428323538045,1.0,1.0,1.0
0.47950739096089023,0.9946396301435796,0.0003189864312644194,1.0,1.0,1.0
0.4795887333121982,0.996274393308678,0.00031751454370372557,1.0,1.0,1.0
0.4797246584923016,0.9957220459101193,0.0003192708217671284,1.0,1.0,1.0
0.4797344419556566,0.9961244217838654,0.00030459236261311284,1.0,1.0,1.0
0.4798207176470939,0.99591749793788,0.0003139259758197142,1.0,1.0,1.0
0.47987496952882225,0.9960031889903824,0.0003053556012421221,1.0,1.0,1.0
0.4800757060505134,0.9959872420182915,0.00030484946278375326,1.0,1.0,1.0
0.4803997776879356,0.9957773446362788,0.00031652378933981923,1.0,1.0,1.0
0.48047779599034257,0.9961221918948389,0.0003129816096137623,1.0,1.0,1.0
0.4806261255429547,0.995436590850211,0.00031886569170201353,1.0,1.0,1.0
0.48068193474767895,0.9958100974482043,0.0003178979424764427,1.0,1.0,1.0
0.480767845081175,0.9960061435858044,0.00030498761010767006,1.0,1.0,1.0
0.48080321570037654,0.9949143690720139,0.000319333867397295,1.0,1.0,1.0
0.48101042370092273,0.9962604459205933,0.0003046893528941063,1.0,1.0,1.0
0.4811365829795733,0.9954403463566324,0.00031460038899100234,1.0,1.0,1.0
0.4815634752480378,0.9960311247230217,0.0003047874382843516,1.0,1.0,1.0
0.48167213407944587,0.9955850617617206,0.0003190566623564251,1.0,1.0,1.0
0.4817152986615838,0.9942949539901129,0.00030527503840092164,1.0,1.0,1.0
0.4818425177413346,0.9954432563031598,0.0003135636288845171,1.0,1.0,1.0
0.4819180952576403,0.9972222115304761,0.0003049810177298036,1.0,1.0,1.0
0.4820508804895951,0.9953461340188434,0.0003053017104909028,1.0,1.0,1.0
0.48209810018187227,0.9951604707037444,0.000319502085004781,1.0,1.0,1.0
0.4823963715491715,0.9953667189275804,0.0003175265310824653,1.0,1.0,1.0
0.4825077184375388,0.9959299957179495,0.00031321239933643176,1.0,1.0,1.0
0.482552762733107,0.9953909214012614,0.00031880952005926315,1.0,1.0,1.0
0.48258344081742166,0.9956197981535168,0.00030490728509496504,1.0,1.0,1.0
0.48264566794847497,0.9953516156641375,0.0003178307189955966,1.0,1.0,1.0
0.4826732794118129,0.9951114273982036,0.00032054232832809073,1.0,1.0,1.0
0.4828264641791975,0.9957402550146915,0.0003044578128176523,1.0,1.0,1.0
0.4830913341328369,0.9955331233711175,0.00030380334372181187,1.0,1.0,1.0
0.4831509905575899,0.9945156638261313,0.00032047095911369265,1.0,1.0,1.0
0.4833231477014124,0.9950248273273721,0.000318918238002649,1.0,1.0,1.0
0.4833946959576565,0.9964916497196014,0.00030484360189438823,1.0,1.0,1.0
0.48355307206298903,0.9950380143786102,0.00030502457296363534,1.0,1.0,1.0
0.48361590659906994,0.9954758013787495,0.0003189337479434337,1.0,1.0,1.0
0.4837634338819612,0.9958571427995809,0.00030469214284514355,1.0,1.0,1.0
0.48386200299483306,0.9954553412811881,0.00031410219533179075,1.0,1.0,1.0
0.4838770825915333,0.994992938812871,0.00030526674275917865,1.0,1.0,1.0
0.4839838818023452,0.9951634347328808,0.0003193976015534294,1.0,1.0,1.0
0.4841514648190639,0.9953279456117068,0.00030516070776570185,1.0,1.0,1.0
0.4843898749862845,0.9949071642917064,0.0003178852774532702,1.0,1.0,1.0
0.48439862221542285,0.9954071712240133,0.00030491229192624046,1.0,1.0,1.0
0.4844757573405616,0.9943527354710863,0.0003187037789056735,1.0,1.0,1.0
0.48453990611639597,0.9944487441586067,0.0003202563868073069,1.0,1.0,1.0
0.4846432561800498,0.9955378636638605,0.00030439401604423396,1.0,1.0,1.0
0.48491407389650476,0.9960658789447241,0.0003042057414665314,1.0,1.0,1.0
0.4850105967456386,0.9949858419749292,0.0003050172423082377,1.0,1.0,1.0
0.4851759504146935,0.9950940292280375,0.00031283800143542753,1.0,1.0,1.0
0.4852252109761821,0.9958065303447301,0.00031882321178743723,1.0,1.0,1.0
0.4853885438540999,0.9952021971211348,0.0003050310082012685,1.0,1.0,1.0
0.4855259307439752,0.9949043498116519,0.0003176153178204827,1.0,1.0,1.0
0.48555567465557203,0.9946090199606323,0.0003187913290798509,1.0,1.0,1.0
0.4857016683224913,0.9949509611397305,0.00030523065256609863,1.0,1.0,1.0
0.4858656994576904,0.9957571287716289,0.0003194988030380532,1.0,1.0,1.0
0.4858793431442905,0.9951570231191972,0.0003144243573952107,1.0,1.0,1.0
0.48596914636445376,0.995462488330262,0.000305101455481649,1.0,1.0,1.0
0.48638021118816255,0.9947656739795749,0.0003177064528094192,1.0,1.0,1.0
0.4863948312338948,0.9946301785415634,0.00031886776138251516,1.0,1.0,1.0
0.48646082917946387,0.9957517977801331,0.0003044493095852493,1.0,1.0,1.0
0.4865621610013733,0.9948041964789459,0.0003179675830318174,1.0,1.0,1.0
0.48656226066337993,0.9947708628281143,0.00031367563288738456,1.0,1.0,1.0
0.48673861497474036,0.9954318391161434,0.0003041614383934638,1.0,1.0,1.0
0.4868574438000053,0.9948073940339435,0.0003050130102217193,1.0,1.0,1.0
0.4870633294588629,0.9959654351386948,0.0003047245257452584,1.0,1.0,1.0
0.48712356666570145,0.995246760954842,0.0003185234073798147,1.0,1.0,1.0
0.4872093198621652,0.9943939580916119,0.00031272576839819693,1.0,1.0,1.0
0.48722155656051314,0.9952540557876123,0.0003053150155759247,1.0,1.0,1.0
0.4874915568387479,0.995081040393483,0.0003189679240012703,1.0,1.0,1.0
0.4874980775284854,0.9952599290234554,0.00031774042141079987,1.0,1.0,1.0
0.4875245011831737,0.9943257434904046,0.00030507579599832566,1.0,1.0,1.0
0.48778601552933765,0.9947192004458238,0.00030490319914606686,1.0,1.0,1.0
0.48789429503018056,0.9944349800830177,0.0003139418390731475,1.0,1.0,1.0
0.48826313666003784,0.994005662103296,0.00032006502552700235,1.0,1.0,1.0
0.48830971140446877,0.9946503790211444,0.00031889535872855953,1.0,1.0,1.0
0.48836730496726943,0.9938512827753234,0.0003174292427659724,1.0,1.0,1.0
0.48851470286403753,0.9935819228547366,0.00031779578749728483,1.0,1.0,1.0
0.48856484055266947,0.9951950876442163,0.000304589404455099,1.0,1.0,1.0
0.4885866463481676,0.9947741850243503,0.0003137717043883927,1.0,1.0,1.0
0.4887006511960976,0.9939790120726854,0.0003051619782025839,1.0,1.0,1.0
0.4890181048928923,0.9943661484823845,0.0003188113557945613,1.0,1.0,1.0
0.4894236765788236,0.9948149273322111,0.00031883106148324357,1.0,1.0,1.0
0.4894666472572027,0.9951211789884157,0.0003177558183003232,1.0,1.0,1.0
0.48961889354103505,0.9943613839225133,0.00031934720080889603,1.0,1.0,1.0
0.4899067567015791,0.9945643224379039,0.00031396500110076605,1.0,1.0,1.0
0.4902209609521577,0.9949248704573372,0.00031895957604530673,1.0,1.0,1.0
0.4903509480250534,0.9945673005720563,0.0003174737055142178,1.0,1.0,1.0
0.4903931854594248,0.9957337679437305,0.0003046099390528428,1.0,1.0,1.0
0.4904634411603439,0.9939563764156765,0.00031916549744324073,1.0,1.0,1.0
0.49054184869663686,0.9942263962570411,0.0003053710147334452,1.0,1.0,1.0
0.49060914135245426,0.9942562332790693,0.0003137205491791013,1.0,1.0,1.0
0.49088125960395246,0.9941343533740882,0.00030524666266274365,1.0,1.0,1.0
0.49090858234700363,0.9939454730346703,0.0003193442486347271,1.0,1.0,1.0
0.49116617954413755,0.994350931485248,0.0003050570264067305,1.0,1.0,1.0
0.4911714200483459,0.9944915786540067,0.00031726843228952124,1.0,1.0,1.0
0.49127160464097486,0.9943353137016316,0.0003131394270816065,1.0,1.0,1.0
0.4913510527266567,0.9946787567411395,0.0003188357083399979,1.0,1.0,1.0
0.49143158894459305,0.9941626961137481,0.0003177711060586904,1.0,1.0,1.0
0.49149024528298924,0.9945295914728395,0.00031931705491418567,1.0,1.0,1.0
0.49166073223244666,0.9959897765204383,0.0003044425518852218,1.0,1.0,1.0
0.4919032000517538,0.9941345700844485,0.0003124114320850304,1.0,1.0,1.0
0.4919164911301337,0.9941519122107129,0.00031401428164688885,1.0,1.0,1.0
0.4919736690690968,0.994751756931221,0.00032039899141227536,1.0,1.0,1.0
0.4921283155911169,0.994051077372585,0.0003187601639444601,1.0,1.0,1.0
0.49238059195292294,0.9943956877872218,0.0003050770095804463,1.0,1.0,1.0
0.49240848475898247,0.9947231978088537,0.00031898040762133194,1.0,1.0,1.0
0.4927955918156499,0.993853982639382,0.00031939576814970903,1.0,1.0,1.0
0.49298504521277664,0.9946540355533852,0.00030504638277370944,1.0,1.0,1.0
0.4931659528772414,0.9951663608566943,0.000317849333150883,1.0,1.0,1.0
0.49323334670833674,0.9949881819956622,0.0003047395285518384,1.0,1.0,1.0
0.49330041379611345,0.9948859083310286,0.00031336184150181523,1.0,1.0,1.0
0.49339299407422743,0.9946248771899064,0.0003178979497620959,1.0,1.0,1.0
0.49392284777613327,0.9944487737421264,0.000313421833842711,1.0,1.0,1.0
0.4939382329935271,0.99405646036609,0.0003126212612580584,1.0,1.0,1.0
0.49403151555318914,0.9950252986337712,0.00031878199703898633,1.0,1.0,1.0
0.4943078916573995,0.9938212529558285,0.00031704878776314275,1.0,1.0,1.0
0.4943496702460237,0.9934080591092666,0.000318685950757553,1.0,1.0,1.0
0.49464746276177607,0.9944580083242223,0.00031421801282533173,1.0,1.0,1.0
0.4946787601040228,0.9950399935546193,0.0003193421163116286,1.0,1.0,1.0
0.4951573429956042,0.9940361685880079,0.00031771027109100584,1.0,1.0,1.0
0.4951955716094858,0.9941357830649401,0.00031883902496277226,1.0,1.0,1.0
0.49522236345694637,0.9932282758618519,0.00032019407717545254,1.0,1.0,1.0
0.49532732277146607,0.9940649250779542,0.0003136470748756932,1.0,1.0,1.0
0.4956819147117528,0.9940457587460862,0.00030503072031007485,1.0,1.0,1.0
0.4959311384594969,0.9940630689584453,0.00031855567447579573,1.0,1.0,1.0
0.4959718977154983,0.9944465669814505,0.00031286230058444667,1.0,1.0,1.0
0.49628120755990324,0.9948410400942844,0.00031778728004875533,1.0,1.0,1.0
0.4962866987973342,0.9943386896225759,0.00031874347123952377,1.0,1.0,1.0
0.4965584128096907,0.994879474949262,0.0003194614116806539,1.0,1.0,1.0
0.4966632146145642,0.9946934582320597,0.00031398435929078154,1.0,1.0,1.0
0.4970834111161935,0.99437140258273,0.0003201510029528021,1.0,1.0,1.0
0.49714537694178773,0.9938522974729146,0.00031758097640166095,1.0,1.0,1.0
0.4973044711816925,0.9941592456448306,0.000317972727837249,1.0,1.0,1.0
0.4973523538328699,0.9939430722351602,0.00031373870857810264,1.0,1.0,1.0
0.4978269335773007,0.9950233497733808,0.0003182495933796322,1.0,1.0,1.0
0.4980043449154614,0.9941966936025087,0.00031300618068506625,1.0,1.0,1.0
0.4982202469395247,0.9944264125710427,0.00031882326842397557,1.0,1.0,1.0
0.49825096447744954,0.9950504967772901,0.00031783019788951154,1.0,1.0,1.0
0.49843418738669243,0.9946374881590039,0.00031933464075076804,1.0,1.0,1.0
0.498676509802884,0.9944301164341656,0.00031389409754510025,1.0,1.0,1.0
0.49902442179401874,0.9947148505928144,0.00031899939198274714,1.0,1.0,1.0
0.49925433002057673,0.9943165838825418,0.0003191022163102292,1.0,1.0,1.0
0.49937553134367363,0.9945773132871917,0.0003138165916812283,1.0,1.0,1.0
0.4997187949018098,0.9944769588258157,0.0003192716258433623,1.0,1.0,1.0
0.49994613488259887,0.9930607332686798,0.0003166158033110288,1.0,1.0,1.0
