kepid,method,epoch,mid_bkjd,oc_min,timing_error_min,duration_hours,tdv_min,tdv_error_min
9944201,pipeline,0,131.5841421,-123.96675862480151,60.0,2.7199999999999998,-8.704225352112651,12.0
9944201,pipeline,1,132.39858285239686,9.520970673584088,2.061102240557926,3.6799999999999997,48.89577464788735,12.0
9944201,pipeline,2,133.13010579262817,23.60705045364284,2.849950061791302,2.4,-27.90422535211264,12.0
9944201,pipeline,3,133.748710821,-124.90866284399544,60.0,2.6399999999999997,-13.504225352112655,12.0
9944201,pipeline,4,134.56196601688524,6.871865077664552,2.20577961167635,2.4,-27.90422535211264,12.0
9944201,pipeline,5,135.27973690623463,1.1549915877185413,2.0640275030407866,2.48,-23.104225352112636,12.0
9944201,pipeline,6,136.0005600460059,-0.16664129470882472,2.064276279157615,2.7199999999999998,-8.704225352112651,12.0
9944201,pipeline,7,136.73112723557256,12.543157528220945,2.064337812001573,3.5999999999999996,44.09577464788734,12.0
9944201,pipeline,8,137.43223030653047,-17.175374445459966,2.9175434564691636,3.9999999999999996,68.09577464788734,12.0
9944201,pipeline,9,138.16299457330368,-4.181784445117955,2.0648864518851777,2.4,-27.90422535211264,12.0
9944201,pipeline,10,138.88712206775963,-0.7451465815756819,1.6167826088711226,4.08,72.89577464788736,12.0
9944201,pipeline,11,139.60950619215862,0.18103839988725667,1.007738633663775,3.84,58.49577464788736,12.0
9944201,pipeline,12,140.3163616883518,-21.25400123500185,2.1935003699847417,2.4,-27.90422535211264,12.0
9944201,pipeline,13,141.05577571699075,4.195245852047265,1.4892052440552705,2.4,-27.90422535211264,12.0
9944201,pipeline,14,141.77757790601976,4.283443900740167,1.6509092418124833,3.6799999999999997,48.89577464788735,12.0
9944201,pipeline,15,142.49581900208472,-0.7563319187966044,2.0662736635590395,2.48,-23.104225352112636,12.0
9944201,pipeline,16,143.210826613941,-10.452324998809672,2.0679775293466394,2.4,-27.90422535211264,12.0
9944201,pipeline,17,143.9445385214812,6.785867706039426,2.068515269667704,3.5999999999999996,44.09577464788734,12.0
9944201,pipeline,18,144.66030231415445,-1.8212249975658779,2.0684385214106467,2.48,-23.104225352112636,12.0
9944201,pipeline,19,145.37533259399626,-11.48457617843178,2.0680408168225086,2.4,-27.90422535211264,12.0
9944201,pipeline,20,146.10933694812405,6.174739612552003,1.9860209339301735,3.5999999999999996,44.09577464788734,12.0
9944201,pipeline,21,146.8221838047249,-6.632741035323306,2.0684583164839996,2.4,-27.90422535211264,12.0
9944201,pipeline,22,147.54393585985267,-6.61673580439583,2.068644841963048,2.56,-18.30422535211263,12.0
9944201,pipeline,23,148.27403548455084,5.419769607892704,2.3292068910029764,3.5199999999999996,39.29577464788734,12.0
9944201,pipeline,24,148.99336657073388,1.9495795584043663,2.0699230425614163,2.6399999999999997,-13.504225352112655,12.0
9944201,pipeline,25,149.70748765247052,-9.023016893875138,2.0707693490292822,2.6399999999999997,-13.504225352112655,12.0
9944201,pipeline,26,150.44040065499988,7.064752595324535,2.0701402559809408,2.4,-27.90422535211264,12.0
9944201,pipeline,27,151.15655317253962,-0.9825763005255794,2.070466734477072,3.76,53.69577464788735,12.0
9944201,pipeline,28,151.87195063239713,-10.117188258741407,2.069721570274684,2.48,-23.104225352112636,12.0
9944201,pipeline,29,152.758306403,226.92816725632383,60.0,2.4,-27.90422535211264,12.0
9944201,pipeline,30,153.3224386851268,-0.02830063417150086,2.068825002373876,3.76,53.69577464788735,12.0
9944201,pipeline,31,154.03814133045307,-8.723445517371147,2.0724469898538813,2.4,-27.90422535211264,12.0
9944201,pipeline,32,154.75671878640034,-13.278863106379504,2.0718030136629144,3.6799999999999997,48.89577464788735,12.0
9944201,pipeline,33,155.50566066078997,25.89048186161108,2.073095111358518,2.56,-18.30422535211263,12.0
9944201,pipeline,34,156.20301515000708,-9.22600781883375,2.0731175568781097,2.4,-27.90422535211264,12.0
9944201,pipeline,35,156.92226423032236,-12.81428631786639,2.0722575578276743,2.48,-23.104225352112636,12.0
9944201,pipeline,36,157.6528505724819,-0.07690776120398368,1.8922580732431797,3.6799999999999997,48.89577464788735,12.0
9944201,pipeline,37,158.3888076390917,20.394314003851832,2.071873608995381,2.4,-27.90422535211264,12.0
9944201,pipeline,38,159.0892418616767,-10.287359626840953,2.0728352470242233,2.6399999999999997,-13.504225352112655,12.0
9944201,pipeline,39,159.81939669590778,1.8286475128888924,2.072846198451898,2.4,-27.90422535211264,12.0
9944201,pipeline,40,160.54007264883072,0.295065568834616,2.0730800153015814,3.4399999999999995,34.49577464788733,12.0
9944201,pipeline,41,161.25477917973262,-9.834484085495205,2.075473257296364,2.4,-27.90422535211264,12.0
9944201,pipeline,42,161.9825345448204,-1.1737125121362624,2.097576399706078,3.9999999999999996,68.09577464788734,12.0
9944201,pipeline,43,162.68870416556808,-23.596412788542693,2.929693411975718,3.9999999999999996,68.09577464788734,12.0
9944201,pipeline,45,164.05267291500002,-138.09532191271046,60.0,2.4,-27.90422535211264,12.0
9944201,pipeline,46,164.94097968765467,101.75947655692198,0.9483350191825537,3.92,63.295774647887356,12.0
9944201,pipeline,53,169.91605607419683,-9.279205893781182,2.0836454247203715,3.6799999999999997,48.89577464788735,12.0
9944201,pipeline,54,170.5981284110315,-66.40199500493964,2.9558668567343824,3.9999999999999996,68.09577464788734,12.0
9944201,pipeline,55,171.38528873620623,27.801919093608376,2.091005438592011,2.4,-27.90422535211264,12.0
9944201,pipeline,56,172.1221479763478,49.57227074439288,2.0944374281413736,2.4,-27.90422535211264,12.0
9944201,pipeline,57,172.7901279032307,-27.843588697296582,1.6640681095329957,2.4,-27.90422535211264,12.0
9944201,pipeline,58,173.53123966605656,0.05039561889589095,2.0964799307856827,2.4,-27.90422535211264,12.0
9944201,pipeline,59,174.24170965425338,-16.17977553075889,1.7109416849612555,4.08,72.89577464788736,12.0
9944201,pipeline,60,174.95098092102688,-34.13610552999671,2.966676622131189,2.4,-27.90422535211264,12.0
9944201,pipeline,61,175.6989643186163,3.6530328457365613,2.096773941344333,2.4,-27.90422535211264,12.0
9944201,pipeline,62,176.41223585168532,-8.542913687952023,2.097686861522012,2.4,-27.90422535211264,12.0
9944201,pipeline,63,177.127151188072,-18.37178344422682,2.095407342551,2.4,-27.90422535211264,12.0
9944201,pipeline,64,177.86727442087303,8.098717636235051,2.0965362475481406,2.4,-27.90422535211264,12.0
9944201,pipeline,65,178.57819936272392,-7.476320251557809,2.099593953837995,2.4,-27.90422535211264,12.0
9944201,pipeline,66,179.2947935663731,-14.88762114981455,2.0946304650638954,3.36,29.695774647887355,12.0
9944201,pipeline,67,180.01180962116163,-21.691456407406804,2.0944404927740563,2.4,-27.90422535211264,12.0
9944201,pipeline,68,180.7444300415348,-6.025005223123117,2.0919173323619202,3.76,53.69577464788735,12.0
9944201,pipeline,69,181.4913822558504,30.279229238303742,2.961593245469075,3.9999999999999996,68.09577464788734,12.0
9944201,pipeline,72,183.533791404,-146.57245988545583,60.0,2.4,-27.90422535211264,12.0
9944201,pipeline,73,184.34500523791579,-17.731493199798933,2.0837940412726548,2.6399999999999997,-13.504225352112655,12.0
9944201,pipeline,74,185.0726448379104,-9.237423360646062,2.500033409090825,3.1999999999999997,20.095774647887346,12.0
9944201,pipeline,75,185.70709818876773,-134.93155227910847,2.959718916424982,3.9999999999999996,68.09577464788734,12.0
9944201,pipeline,76,186.51122150450036,-16.300931777204823,2.095347163189337,2.7199999999999998,-8.704225352112651,12.0
9944201,pipeline,77,187.22716706244339,-24.64628249231737,2.095694333657609,2.4,-27.90422535211264,12.0
9944201,pipeline,78,187.99666382853582,44.12210652770682,2.0970214055382113,2.4,-27.90422535211264,12.0
9944201,pipeline,79,188.71298404333243,36.31626168174989,2.0963222127711156,2.4,-27.90422535211264,12.0
9944201,pipeline,80,189.38687621148017,-32.585970338532206,2.9637232930183273,3.9999999999999996,68.09577464788734,12.0
9944201,pipeline,81,190.11947388264093,-16.952278020112317,1.8794078124030291,2.4,-27.90422535211264,12.0
9944201,pipeline,82,190.83965343632553,-19.20067486736116,2.0973262552959024,3.6799999999999997,48.89577464788735,12.0
9944201,pipeline,83,191.55648603898683,-26.26868118812581,2.0969059118954343,3.4399999999999995,34.49577464788733,12.0
9944201,pipeline,84,192.2886186688243,-11.3046483752305,2.391594890730886,2.4,-27.90422535211264,12.0
9944201,pipeline,85,193.00530769955216,-18.57939828020335,1.616319128864806,3.76,53.69577464788735,12.0
9944201,pipeline,86,193.72278963545077,-24.712364739248187,2.09710954901489,2.4,-27.90422535211264,12.0
9944201,pipeline,87,194.45679015044215,-7.05857730473781,2.097936029765334,2.4,-27.90422535211264,12.0
9944201,pipeline,88,195.17746338777738,-8.596069695076949,2.0974367916182013,3.28,24.89577464788735,12.0
9944201,pipeline,89,195.88781868922274,-24.991389766792054,2.097492078447092,2.4,-27.90422535211264,12.0
9944201,pipeline,90,196.62407253333666,-4.092808395866996,2.098580312617743,2.4,-27.90422535211264,12.0
9944201,pipeline,91,197.37972712316835,44.74284680873552,2.097514944935752,2.48,-23.104225352112636,12.0
9944201,pipeline,92,198.09663875069265,37.788636290647446,2.097922825079241,2.4,-27.90422535211264,12.0
9944201,pipeline,93,198.7719761277821,-29.032494853622666,2.097768435043418,2.56,-18.30422535211263,12.0
9944201,pipeline,94,199.5040494332157,-14.153889182271087,2.098825214945696,3.04,10.495774647887366,12.0
9944201,pipeline,95,200.2712840198695,51.35696144614485,1.7107431030553573,2.4,-27.90422535211264,12.0
9944201,pipeline,96,200.9394425695133,-25.80168121989118,2.1055278418376098,2.7199999999999998,-8.704225352112651,12.0
9944201,pipeline,97,201.67282980275579,-9.03101950373184,2.105821079734752,2.8,-3.904225352112647,12.0
9944201,pipeline,98,202.38684880162978,-20.1506152782531,2.1056428660639632,3.5999999999999996,44.09577464788734,12.0
9944201,pipeline,99,203.05709739300002,-94.29959785818482,2.6147550310224292,5.6,164.09577464788734,12.0
9944201,pipeline,100,203.83840197130064,-8.527959258326518,2.10567632160306,2.7199999999999998,-8.704225352112651,12.0
9944201,pipeline,101,204.57147350090253,7.7880892152734305,2.1054501926880134,2.4,-27.90422535211264,12.0
9944201,pipeline,102,205.26903599077525,-27.028879521039926,2.1046255091314636,2.56,-18.30422535211263,12.0
9944201,pipeline,103,206.00335925959092,-8.910326579548382,2.1051914360168467,2.8,-3.904225352112647,12.0
9944201,pipeline,104,206.79065835649772,85.4934188131574,1.5095193008261876,2.4,-27.90422535211264,12.0
9944201,pipeline,105,207.4335144411308,-28.10077346824073,2.1031587115984025,2.4,-27.90422535211264,12.0
9944201,pipeline,106,208.1670494332493,-11.117338970666424,3.9692965039761137,2.4,-27.90422535211264,12.0
9944201,pipeline,107,208.88442060949967,-17.40979932321352,2.1050978013776236,2.4,-27.90422535211264,12.0
9944201,pipeline,108,209.62288904001517,6.677786466066209,2.103136679111545,2.4,-27.90422535211264,12.0
9944201,pipeline,109,210.35291102621665,18.602492443119445,2.104028515235768,2.4,-27.90422535211264,12.0
9944201,pipeline,110,211.04921917083115,-18.020733465068588,2.103617563975117,2.88,0.8957746478873574,12.0
9944201,pipeline,111,211.75368331040687,-42.89932662906722,1.402714722637498,2.4,-27.90422535211264,12.0
9944201,pipeline,112,212.48302454928452,-31.954896798365553,2.1028977121118384,2.4,-27.90422535211264,12.0
9944201,pipeline,113,213.21528160945456,-16.811684306539973,2.103240916031854,2.4,-27.90422535211264,12.0
9944201,pipeline,114,213.9302335473013,-26.58784796031796,2.1028392983050472,2.4,-27.90422535211264,12.0
9944201,pipeline,115,214.6444537913714,-37.41765065244181,2.103904620702708,3.4399999999999995,34.49577464788733,12.0
9944201,pipeline,116,215.3841475521742,-11.565589249453296,2.1042152969808283,2.6399999999999997,-13.504225352112655,12.0
9944201,pipeline,117,216.09754139204617,-23.5854139868934,2.1039685267164785,3.5999999999999996,44.09577464788734,12.0
9944201,pipeline,118,216.81344525807228,-31.990801062370338,2.1038889368954803,2.48,-23.104225352112636,12.0
9944201,pipeline,119,217.54670567722823,-15.402751630831517,2.2201553128605096,2.4,-27.90422535211264,12.0
9944201,pipeline,120,218.25759277233684,-31.03228882751864,1.4337259645867368,3.9999999999999996,68.09577464788734,12.0
9944201,pipeline,121,218.98273239432018,-26.138187324577302,2.1032826756309535,2.7199999999999998,-8.704225352112651,12.0
9944201,pipeline,122,219.71639243919574,-8.974676856801125,2.104553385183661,2.6399999999999997,-13.504225352112655,12.0
9944201,pipeline,123,220.48496968147813,58.46959787672404,1.8819831518533667,3.28,24.89577464788735,12.0
9944201,pipeline,124,221.14536303100186,-29.870932962139705,2.1039841594479247,2.48,-23.104225352112636,12.0
9944201,pipeline,125,221.88116146111312,-9.628147755001919,2.1047360685368557,2.56,-18.30422535211263,12.0
9944201,pipeline,126,222.63828181986761,41.318214698389966,2.1048843670621284,2.4,-27.90422535211264,12.0
9944201,pipeline,127,223.30147539638273,-42.98998927288267,1.7670222966100497,2.4,-27.90422535211264,12.0
9944201,pipeline,128,224.04538320137925,-11.069704230962998,2.1025633875020646,2.4,-27.90422535211264,12.0
9944201,pipeline,129,224.76201745326992,-18.423335661477722,2.104055772556516,2.7199999999999998,-8.704225352112651,12.0
9944201,pipeline,130,225.53998098115486,62.537190339794506,2.1033583616869276,2.4,-27.90422535211264,12.0
9944201,pipeline,131,226.21359676546788,-6.763034402520134,2.1038502907452594,2.56,-18.30422535211263,12.0
9944201,pipeline,132,226.92965091161386,-14.952018105386742,2.1035845167504785,2.6399999999999997,-13.504225352112655,12.0
9944201,pipeline,133,227.6421802113956,-28.21678057270219,2.1029100186097196,3.5999999999999996,44.09577464788734,12.0
9944201,pipeline,134,228.3592624476263,-34.9253145536386,2.102355806804814,2.4,-27.90422535211264,12.0
9944201,pipeline,135,229.13450616214817,42.118680204830525,2.1032804510095375,2.8,-3.904225352112647,12.0
9944201,pipeline,136,229.80979858398874,-24.767186497829243,2.1025467073582265,3.1199999999999997,15.295774647887344,12.0
9944201,pipeline,138,231.154303266,-167.29435270772228,60.0,,,
9944201,pipeline,139,231.97562462252424,-23.89855346589684,2.1018066382511513,2.96,5.695774647887362,12.0
9944201,pipeline,140,232.729597161404,22.514948367888792,2.1042358028263886,2.4,-27.90422535211264,12.0
9944201,pipeline,141,233.44730080488443,16.70124082667826,2.1058021426613545,2.4,-27.90422535211264,12.0
9944201,pipeline,142,234.1418836418925,-22.40642803479659,2.1073204213551495,2.7199999999999998,-8.704225352112651,12.0
9944201,pipeline,143,234.85328183472066,-37.29998451530719,2.107497250228384,2.4,-27.90422535211264,12.0
9944201,pipeline,144,235.59150809565372,-13.561122924734264,2.107863908908085,2.4,-27.90422535211264,12.0
9944201,pipeline,145,236.29526086722768,-39.46408601134863,1.5837458674608427,2.4,-27.90422535211264,12.0
9944201,pipeline,146,237.023269970932,-30.43793083015771,2.107523993878522,3.4399999999999995,34.49577464788733,12.0
9944201,pipeline,147,237.8062226437592,57.70696388794477,1.1500926625485208,3.9999999999999996,68.09577464788734,12.0
9944201,pipeline,148,238.47353146515582,-20.67528745402342,2.107951530482396,2.8,-3.904225352112647,12.0
9944201,pipeline,149,239.18698546447186,-32.60848259195427,2.1072442727172223,3.5999999999999996,44.09577464788734,12.0
9944201,pipeline,150,239.90375096376872,-39.77311775755879,2.107018466697229,2.56,-18.30422535211263,12.0
9944201,pipeline,151,240.67551655933315,32.262385702147185,2.1066253708073654,2.4,-27.90422535211264,12.0
9944201,pipeline,152,241.37480060575837,-0.07554159857136256,2.107327411486877,2.4,-27.90422535211264,12.0
9944201,pipeline,153,242.1369516993646,58.11507904133123,1.3479396043593175,3.92,63.295774647887356,12.0
9944201,pipeline,154,242.8062580720814,-17.390698399567555,2.10721255364734,2.56,-18.30422535211263,12.0
9944201,pipeline,155,243.56062438741412,29.589841526531018,2.1064322697961635,2.56,-18.30422535211263,12.0
9944201,pipeline,156,244.3047284639824,61.792757631733366,1.6477756387848455,2.4,-27.90422535211264,12.0
9944201,pipeline,157,245.00996456208097,38.02578474063466,2.1064139866475537,2.96,5.695774647887362,12.0
9944201,pipeline,158,245.68419785479261,-30.385227907668195,2.105962510151553,2.4,-27.90422535211264,12.0
9944201,pipeline,159,246.4002799166762,-38.53401294838477,2.115758378648783,3.5199999999999996,39.29577464788734,12.0
9944201,pipeline,160,247.13823041955038,-15.19224296259381,2.1147536717749245,2.4,-27.90422535211264,12.0
9944201,pipeline,161,247.83945591428156,-44.73448470277617,1.4745991125893871,3.6799999999999997,48.89577464788735,12.0
9944201,pipeline,162,248.58558135868174,-9.620798919595472,2.1150032460814403,2.4,-27.90422535211264,12.0
9944201,pipeline,163,249.2811721175425,-47.277060313135735,2.1150598432958536,2.48,-23.104225352112636,12.0
9944201,pipeline,164,250.03907144718684,4.791020221646249,2.1149214718870404,2.4,-27.90422535211264,12.0
9944201,pipeline,165,250.80885925500002,73.97850931954054,3.1341447585557214,2.4,-27.90422535211264,12.0
9944201,pipeline,166,251.46833417646315,-15.68455792658824,2.1142462258041546,2.48,-23.104225352112636,12.0
9944201,pipeline,167,252.202737175754,2.5488068991398904,2.115440552281499,2.4,-27.90422535211264,12.0
9944201,pipeline,168,252.92189185976915,-1.175402272097017,2.1141061636243954,2.4,-27.90422535211264,12.0
9944201,pipeline,169,253.65484767457582,14.974016896435387,2.1140291815642276,2.4,-27.90422535211264,12.0
9944201,pipeline,170,254.40734903542486,59.269022365974706,2.989699722966891,3.9999999999999996,68.09577464788734,12.0
9944201,pipeline,171,255.0843775710091,-5.116840545751984,2.114299562716329,2.4,-27.90422535211264,12.0
9944201,pipeline,173,256.508733677141,-32.65795602199432,2.519225981492539,2.4,-27.90422535211264,12.0
9944201,pipeline,174,257.27225927625653,27.511952551367358,2.115197500208069,2.4,-27.90422535211264,12.0
9944201,pipeline,175,257.94025549240445,-49.88045034867355,2.114432851764691,2.4,-27.90422535211264,12.0
9944201,pipeline,178,260.015219546,-179.853075630308,60.0,,,
9944201,pipeline,179,260.84794137081786,-20.04060204565576,2.0124900477639454,2.4,-27.90422535211264,12.0
9944201,pipeline,180,261.5391735530479,-63.9732137874762,2.8452466021932543,3.9999999999999996,68.09577464788734,12.0
9944201,pipeline,181,262.2748295522802,-43.93552904602984,1.712087645052815,3.6799999999999997,48.89577464788735,12.0
9944201,pipeline,182,263.0162331901337,-15.621244690073581,2.01268014559533,2.4,-27.90422535211264,12.0
9944201,pipeline,183,263.7274787224616,-30.73463229094159,2.0133298329138927,2.4,-27.90422535211264,12.0
9944201,pipeline,184,264.4427518838203,-40.0482340875169,2.0132424008528584,2.96,5.695774647887362,12.0
9944201,pipeline,185,265.22590532195903,48.385762679254185,1.602432213194301,3.92,63.295774647887356,12.0
9944201,pipeline,186,265.8939135575101,-28.989332280279996,2.0142698966112738,2.56,-18.30422535211263,12.0
9944201,pipeline,187,266.63028196910017,-7.92577374366374,2.014792294268613,2.48,-23.104225352112636,12.0
9944201,pipeline,188,267.400761116,62.25724363899644,3.3836517820981893,2.4,-27.90422535211264,12.0
9944201,pipeline,189,268.1004346977873,30.480247259665703,2.0143428959027214,2.96,5.695774647887362,12.0
9944201,pipeline,190,268.817702901137,24.03950593020454,2.0147199791637966,2.4,-27.90422535211264,12.0
9944201,pipeline,191,269.50125993713795,-30.9453163814851,1.828131494875681,2.7199999999999998,-8.704225352112651,12.0
9944201,pipeline,192,270.2276171126466,-24.29793780212094,2.013952769153801,2.4,-27.90422535211264,12.0
9944201,pipeline,193,270.96279064900057,-4.954999605461126,2.014001200416815,2.4,-27.90422535211264,12.0
9944201,pipeline,194,271.55958605800004,-184.8765647993423,60.0,2.4,-27.90422535211264,12.0
9944201,pipeline,195,272.41302451012933,4.7678521138095675,2.01263275952209,2.48,-23.104225352112636,12.0
9944201,pipeline,196,273.1484981329908,24.54291488132185,2.014459405735963,2.6399999999999997,-13.504225352112655,12.0
9944201,pipeline,197,273.822246649705,-44.566175203308376,2.013342143284848,3.1999999999999997,20.095774647887346,12.0
9944201,pipeline,198,274.57707759332385,3.083429454727593,2.0140491792944584,2.48,-23.104225352112636,12.0
9944201,pipeline,199,275.31369522472414,24.505864518032467,2.014762009117769,2.7199999999999998,-8.704225352112651,12.0
9944201,pipeline,200,275.9865289062572,-45.92058822739091,2.0141423944011803,2.96,5.695774647887362,12.0
9944201,pipeline,201,276.74619187800306,8.687136933604052,2.0141934355805073,2.4,-27.90422535211264,12.0
9944201,pipeline,202,277.4400283966941,-31.49523030430828,2.0143594104430744,2.6399999999999997,-13.504225352112655,12.0
9944201,pipeline,203,278.1750731955114,-12.337674160453389,2.0142369911800486,2.4,-27.90422535211264,12.0
9944201,pipeline,204,278.86050705191826,-64.61987508769198,1.882335939309165,2.4,-27.90422535211264,12.0
9944201,pipeline,205,279.6472170949085,28.935632665152298,2.013798087146893,2.88,0.8957746478873574,12.0
9944201,pipeline,206,280.36001921004134,16.063724303394338,2.014310543102492,2.6399999999999997,-13.504225352112655,12.0
9944201,pipeline,208,281.81141771730455,27.463666456342253,2.013936855981782,2.48,-23.104225352112636,12.0
9944201,pipeline,209,282.4855897630761,-41.035541785713576,2.0141066772228102,2.7199999999999998,-8.704225352112651,12.0
9944201,pipeline,210,283.2020097149191,-48.69776528496004,2.0136359044781615,3.28,24.89577464788735,12.0
9944201,pipeline,211,283.97902505424537,30.897369191852704,2.013764595455707,3.5999999999999996,44.09577464788734,12.0
9944201,pipeline,212,284.6536652795838,-36.92766047387522,2.0137888188979622,2.56,-18.30422535211263,12.0
9944201,pipeline,213,285.3723577072742,-41.31751875269401,2.0131899386590595,3.36,29.695774647887355,12.0
9944201,pipeline,214,286.1486431712455,37.226595212951,1.9186508800500708,2.4,-27.90422535211264,12.0
9944201,pipeline,215,286.86683845380196,32.12084794112343,1.510608016336605,3.92,63.295774647887356,12.0
9944201,pipeline,216,287.53201600348035,-49.330434675111974,2.013221413298273,3.04,10.495774647887366,12.0
9944201,pipeline,217,288.2908575259551,4.0944035355187225,2.013580153840569,2.48,-23.104225352112636,12.0
9944201,pipeline,218,289.0251230427689,22.12979359430392,2.0134193842770545,2.88,0.8957746478873574,12.0
9944201,pipeline,219,289.7226912126164,-12.678995978330931,2.013476177143413,2.4,-27.90422535211264,12.0
9944201,pipeline,220,290.47685341582934,34.007622495209944,2.011943386384955,2.48,-23.104225352112636,12.0
9944201,pipeline,222,291.86952406309314,-39.16055375107135,2.0123290198990356,3.36,29.695774647887355,12.0
9944201,pipeline,223,292.62059390070056,3.0730582505748316,2.013082812300868,2.56,-18.30422535211263,12.0
9944201,pipeline,224,293.35698186082556,24.164766677540683,2.012583525149726,3.1999999999999997,20.095774647887346,12.0
9944201,pipeline,225,294.0853231128625,33.66921545772129,1.9452214652557283,3.84,58.49577464788736,12.0
9944201,pipeline,226,294.806378288689,32.681714494774496,2.0126482471205973,2.6399999999999997,-13.504225352112655,12.0
9944201,pipeline,227,295.5236369516656,26.227235027927236,2.012176017044475,3.5999999999999996,44.09577464788734,12.0
9944201,pipeline,228,296.23644079697164,13.357818115591726,2.013016665883069,2.7199999999999998,-8.704225352112651,12.0
9944201,pipeline,229,296.9719625625226,33.20220635595433,2.0119738127458224,2.56,-18.30422535211263,12.0
9944201,pipeline,230,297.69097407553335,29.27183093838721,2.011263646917627,3.6799999999999997,48.89577464788735,12.0
9944201,pipeline,231,298.40149203460226,13.110737844499454,2.011313495873784,2.88,0.8957746478873574,12.0
9944201,pipeline,232,299.1002623354578,-19.966983076656106,2.0116098560231817,2.48,-23.104225352112636,12.0
9944201,pipeline,233,299.8558437338046,28.763276389709063,2.011544927020377,2.6399999999999997,-13.504225352112655,12.0
9944201,pipeline,234,300.57144197988686,19.91779659513668,2.0120054524732325,2.96,5.695774647887362,12.0
9944201,pipeline,235,301.29552923397944,23.296488335417962,1.5393039486429916,2.4,-27.90422535211264,12.0
9944201,pipeline,236,302.01893087737653,25.687900674201956,2.011255273954282,2.6399999999999997,-13.504225352112655,12.0
9944201,pipeline,237,302.73584800640265,18.741612318690386,2.0117224169142736,3.04,10.495774647887366,12.0
9944201,pipeline,238,303.4509414935842,9.169279707002715,2.0121108323107237,2.7199999999999998,-8.704225352112651,12.0
9944201,pipeline,239,304.1875076216031,30.517549901214807,2.0108458433634597,2.56,-18.30422535211263,12.0
9944201,pipeline,240,304.90443229564556,23.582126369301477,1.578139256745249,3.6799999999999997,48.89577464788735,12.0
9944201,pipeline,241,305.61481101256146,7.220524575159288,2.011873593482713,2.6399999999999997,-13.504225352112655,12.0
9944201,pipeline,242,306.35045959899685,27.247534889002054,2.011623139279501,2.8,-3.904225352112647,12.0
9944201,pipeline,243,307.06656538452495,19.13291189634947,2.0107704485150797,3.4399999999999995,34.49577464788733,12.0
9944201,pipeline,244,307.78263207001066,10.961984842742822,2.0114107594029482,2.8,-3.904225352112647,12.0
9944201,pipeline,245,308.5174949855136,29.857629013968108,2.0107123713124446,2.48,-23.104225352112636,12.0
9944201,pipeline,246,309.23271437842203,20.466600649042448,2.010562833118776,3.5199999999999996,39.29577464788734,12.0
9944201,pipeline,247,309.9283938652436,-17.061892480924143,2.0102928968287026,2.56,-18.30422535211263,12.0
9944201,pipeline,248,310.6642170328173,3.2165146720853954,2.009893519931904,2.6399999999999997,-13.504225352112655,12.0
9944201,pipeline,249,311.37977352953334,-5.689084209943758,2.0090180522147314,2.56,-18.30422535211263,12.0
9944201,pipeline,250,312.11414660909554,12.501196206594614,2.009739388404132,3.1199999999999997,15.295774647887344,12.0
9944201,pipeline,251,312.8144114040714,-18.42445318121463,1.9932979997991664,2.4,-27.90422535211264,12.0
9944201,pipeline,252,313.56626835065407,24.942595744805658,2.009326927566697,2.56,-18.30422535211263,12.0
9944201,pipeline,253,314.28169213593253,15.845892392671885,2.0089025947132106,3.5999999999999996,44.09577464788734,12.0
9944201,pipeline,254,314.99436573603714,2.7889223901911464,2.0088469670740694,2.88,0.8957746478873574,12.0
9944201,pipeline,255,315.7334441845106,27.75493403890323,2.00840914556091,2.56,-18.30422535211263,12.0
9944201,pipeline,256,316.4459381075433,14.43922905303225,2.0085500101875318,3.5199999999999996,39.29577464788734,12.0
9944201,pipeline,257,317.1613363721512,5.30577593533053,2.0092331605851697,2.7199999999999998,-8.704225352112651,12.0
9944201,pipeline,258,317.8749460760393,-6.403204618845848,2.0091677022777694,2.6399999999999997,-13.504225352112655,12.0
9944201,pipeline,259,318.59458161438846,-9.434983549163007,2.0085880955102065,2.48,-23.104225352112636,12.0
9944201,pipeline,260,319.32959797399155,9.681620126175403,2.0094584384291547,2.8,-3.904225352112647,12.0
9944201,pipeline,261,320.0637540196157,27.55937167193224,2.0091758662567623,2.56,-18.30422535211263,12.0
9944201,pipeline,262,320.77744922740175,15.973516730782649,2.0092405991405666,3.6799999999999997,48.89577464788735,12.0
9944201,pipeline,263,321.500036602318,17.19238245716042,2.5952752826472993,3.92,63.295774647887356,12.0
9944201,pipeline,266,323.6613086282987,11.503237410070142,2.002594698606977,3.5199999999999996,39.29577464788734,12.0
9944201,pipeline,267,324.38996342024865,21.459183664983357,1.9996831252869272,3.76,53.69577464788735,12.0
9944201,pipeline,268,325.10864267440724,17.050355500314254,2.003276840047633,2.6399999999999997,-13.504225352112655,12.0
9944201,pipeline,269,325.8257028104697,10.309997277217917,2.0055147152633332,3.5999999999999996,44.09577464788734,12.0
9944201,pipeline,270,326.5022846613522,-54.71909160512041,2.0065655841154246,3.4399999999999995,34.49577464788733,12.0
9944201,pipeline,271,327.2776507417777,22.501110054481614,2.0066326856089107,2.48,-23.104225352112636,12.0
9944201,pipeline,272,327.9919336524438,11.761547260630323,2.0067584346167795,3.6799999999999997,48.89577464788735,12.0
9944201,pipeline,273,328.70509596536425,-0.5916762869219383,2.0074302628757805,2.8,-3.904225352112647,12.0
9944201,pipeline,274,329.41998098553705,-10.464201391123424,2.007327455727659,2.88,0.8957746478873574,12.0
9944201,pipeline,275,330.1556148810468,9.54165398979967,2.0084408780992034,3.5999999999999996,44.09577464788734,12.0
9944201,pipeline,276,330.871820104909,1.5702221982155606,2.009368291807998,2.7199999999999998,-8.704225352112651,12.0
9944201,pipeline,277,331.60575536167465,19.13003778775419,2.0087352563320464,2.8,-3.904225352112647,12.0
9944201,pipeline,278,332.3234243730154,13.266459965434478,2.0089557072254696,2.56,-18.30422535211263,12.0
9944201,pipeline,279,333.0414575666876,7.927304700324385,1.983495684928044,3.76,53.69577464788735,12.0
9944201,pipeline,280,333.7692832573787,16.68934514244029,2.8403977519623917,3.9999999999999996,68.09577464788734,12.0
9944201,pipeline,281,334.4890256023189,13.8113677032743,2.0099941231964067,2.56,-18.30422535211263,12.0
9944201,pipeline,282,335.1833240922034,-25.705761016179167,2.0100371640552583,2.6399999999999997,-13.504225352112655,12.0
9944201,pipeline,283,335.92067037106494,-3.2340736086007382,2.010344158963692,2.88,0.8957746478873574,12.0
9944201,pipeline,284,336.6536230271793,12.91079704306867,2.009703721425651,2.8,-3.904225352112647,12.0
9944201,pipeline,285,337.33124080466746,-50.626557527048135,2.00991407296335,2.6399999999999997,-13.504225352112655,12.0
9944201,pipeline,286,338.0968148286716,12.493082885794138,2.504442579237769,3.76,53.69577464788735,12.0
9944201,pipeline,287,338.8200086595358,14.585245177131583,2.00990541505969,2.56,-18.30422535211263,12.0
9944201,pipeline,288,339.53602393686964,6.340290384823675,2.0102269642262267,3.5999999999999996,44.09577464788734,12.0
9944201,pipeline,289,340.2509838370435,-3.424407517823056,2.0098263026962315,2.88,0.8957746478873574,12.0
9944201,pipeline,290,340.98490340294717,14.11281323039475,2.010078725696872,2.6399999999999997,-13.504225352112655,12.0
9944201,pipeline,291,341.7003780741323,5.089385583933108,2.0102162660637806,3.5999999999999996,44.09577464788734,12.0
9944201,pipeline,292,342.39614893470196,-32.30752934886368,2.0105782870057163,2.7199999999999998,-8.704225352112651,12.0
9944201,pipeline,293,343.13210954275314,-11.831207908271608,2.011137502104775,2.6399999999999997,-13.504225352112655,12.0
9944201,pipeline,294,343.86785615635756,8.33696152905759,2.010350653232846,2.56,-18.30422535211263,12.0
9944201,pipeline,295,344.5616957098024,-31.84103566341946,2.010649594172215,2.56,-18.30422535211263,12.0
9944201,pipeline,296,345.3064053041848,1.233826094221513,2.8426924495684243,3.9999999999999996,68.09577464788734,12.0
9944201,pipeline,297,345.99203905723965,-50.76052365991927,2.010402200843566,2.6399999999999997,-13.504225352112655,12.0
9944201,pipeline,298,346.7168053850883,-46.403965710951525,1.5482764266976796,2.4,-27.90422535211264,12.0
9944201,pipeline,299,347.464365304542,-9.224635850669074,2.0099698997442585,2.6399999999999997,-13.504225352112655,12.0
9944201,pipeline,300,348.1994276106557,9.958130799968785,2.009453766059417,2.48,-23.104225352112636,12.0
9944201,pipeline,301,348.8933822679706,-30.054116819583214,2.0100397985192724,2.6399999999999997,-13.504225352112655,12.0
9944201,pipeline,302,349.57333999016555,-90.22195101188117,2.8406043086139285,3.9999999999999996,68.09577464788734,12.0
9944201,pdc_no_extra_processing,0,131.6663852880461,-8.03896132151749,0.4090165717951475,2.96,12.642253521126765,12.0
9944201,pdc_no_extra_processing,1,132.40059044595486,9.932969793726443,0.4090237053449995,2.6399999999999997,-6.557746478873252,12.0
9944201,pdc_no_extra_processing,2,133.1356051685851,29.070674107879313,0.40903512539776987,2.48,-16.157746478873236,12.0
9944201,pdc_no_extra_processing,3,133.85083549541585,19.71884847072488,0.40925672653330797,2.48,-16.157746478873236,12.0
9944201,pdc_no_extra_processing,4,134.56619700060764,10.555919673515746,0.4094033613875256,2.4,-20.95774647887324,12.0
9944201,pdc_no_extra_processing,5,135.28184115398582,1.800004264700874,0.40981559348448965,2.8,3.0422535211267565,12.0
9944201,pdc_no_extra_processing,6,135.9980299141593,-6.171677358879606,0.40978372823868636,2.88,7.842253521126761,12.0
9944201,pdc_no_extra_processing,7,136.73267570440882,12.43476432703119,0.4100056043832228,2.56,-11.35774647887323,12.0
9944201,pdc_no_extra_processing,8,137.43391710350443,-17.061117248726987,0.3988067155549109,3.84,65.44225352112676,12.0
9944201,pdc_no_extra_processing,9,138.16348476864007,-5.767175726787173,0.40992266168875363,2.8,3.0422535211267565,12.0
9944201,pdc_no_extra_processing,10,138.88060697255884,-12.39469835716136,0.4096059885113371,3.5999999999999996,51.042253521126746,12.0
9944201,pdc_no_extra_processing,11,139.61332823692933,3.4404260629617056,0.40999208127545267,2.6399999999999997,-6.557746478873252,12.0
9944201,pdc_no_extra_processing,12,140.31806442425193,-21.022960465934375,0.3813461250412307,3.92,70.24225352112677,12.0
9944201,pdc_no_extra_processing,13,141.04602895596597,-12.037531071114245,0.40996533067392715,2.96,12.642253521126765,12.0
9944201,pdc_no_extra_processing,14,141.77985406263792,5.387126263112805,0.4104317653646922,2.6399999999999997,-6.557746478873252,12.0
9944201,pdc_no_extra_processing,15,142.4956297592259,-3.1793669236049027,0.4106232143809436,2.7199999999999998,-1.7577464788732478,12.0
9944201,pdc_no_extra_processing,16,143.2907332865491,102.48621614844069,0.41109434676595713,3.1999999999999997,27.042253521126753,12.0
9944201,pdc_no_extra_processing,17,143.9459719319099,6.746369194534054,0.4110559628810405,2.56,-11.35774647887323,12.0
9944201,pdc_no_extra_processing,18,144.66126598816024,-2.513686078364117,0.41111186102604824,2.7199999999999998,-1.7577464788732478,12.0
9944201,pdc_no_extra_processing,19,145.4372586908824,75.63230956815914,0.4109738201538526,2.4,-20.95774647887324,12.0
9944201,pdc_no_extra_processing,20,146.11189389817193,7.823511791684723,0.4113018955254319,2.4,-20.95774647887324,12.0
9944201,pdc_no_extra_processing,21,146.8267131302822,-2.1202902429149617,0.41118534060206524,2.6399999999999997,-6.557746478873252,12.0
9944201,pdc_no_extra_processing,22,147.54300366133998,-9.945421793145215,0.41115751223659636,2.8,3.0422535211267565,12.0
9944201,pdc_no_extra_processing,23,148.27769358066402,8.724565760080623,0.4115580271029065,2.4,-20.95774647887324,12.0
9944201,pdc_no_extra_processing,24,148.99366493582878,0.4398209239343487,0.4116508669068981,2.4,-20.95774647887324,12.0
9944201,pdc_no_extra_processing,25,149.70866730574838,-9.240262665230148,0.41173451392019456,2.8,3.0422535211267565,12.0
9944201,pdc_no_extra_processing,26,150.44347831305726,9.604091586161303,0.4116583771484841,2.4,-20.95774647887324,12.0
9944201,pdc_no_extra_processing,27,151.1592481794349,1.029202896552306,0.4118414481503424,2.6399999999999997,-6.557746478873252,12.0
9944201,pdc_no_extra_processing,28,151.8743617627381,-8.490733420262586,0.4116649113280352,2.4,-20.95774647887324,12.0
9944201,pdc_no_extra_processing,29,152.758306403,225.10605228350414,60.0,2.4,-20.95774647887324,12.0
9944201,pdc_no_extra_processing,30,153.32501133670047,1.8776605387802192,0.41182572107623905,2.4,-20.95774647887324,12.0
9944201,pdc_no_extra_processing,31,154.0404104648343,-7.231091221924544,0.41228324197585275,2.7199999999999998,-1.7577464788732478,12.0
9944201,pdc_no_extra_processing,32,154.7564220061586,-15.45796798833635,0.4120518522329748,3.36,36.64225352112676,12.0
9944201,pdc_no_extra_processing,33,155.5110528335365,31.926927162439824,0.41246538042298,2.4,-20.95774647887324,12.0
9944201,pdc_no_extra_processing,34,156.20626294789122,-6.25400444015213,0.412409203537375,2.6399999999999997,-6.557746478873252,12.0
9944201,pdc_no_extra_processing,35,156.92213470908212,-14.68216459865289,0.41224124980710536,2.8,3.0422535211267565,12.0
9944201,pdc_no_extra_processing,36,157.65677751953268,3.919986176729253,0.4126300076376543,2.4,-20.95774647887324,12.0
9944201,pdc_no_extra_processing,37,158.39255317410561,24.153432488360522,0.4122926385955416,2.4,-20.95774647887324,12.0
9944201,pdc_no_extra_processing,38,159.08839575951126,-13.116740800905973,0.41251394085516035,2.7199999999999998,-1.7577464788732478,12.0
9944201,pdc_no_extra_processing,39,159.8229000777012,5.285981119227472,0.4125254847864945,2.4,-20.95774647887324,12.0
9944201,pdc_no_extra_processing,40,160.53898863421753,-2.8299937706970013,0.41268933875146085,2.56,-11.35774647887323,12.0
9944201,pdc_no_extra_processing,41,161.25434299070884,-12.003216696612071,0.41294881278738615,3.1199999999999997,22.24225352112675,12.0
9944201,pdc_no_extra_processing,42,161.888104194,-138.67058023073696,60.0,2.4,-20.95774647887324,12.0
9944201,pdc_no_extra_processing,43,162.698689601,-10.711090424101712,0.7996312323582915,2.4,-20.95774647887324,12.0
9944201,pdc_no_extra_processing,45,164.05267291500002,-139.54211081088033,60.0,2.4,-20.95774647887324,12.0
9944201,pdc_no_extra_processing,46,165.02419582200002,220.16737899569762,60.0,2.4,-20.95774647887324,12.0
9944201,pdc_no_extra_processing,53,169.917632892036,-8.267714066269036,0.41502481542288205,2.56,-11.35774647887323,12.0
9944201,pdc_no_extra_processing,54,170.61926357053648,-37.20303329899252,0.5853821105453094,3.9999999999999996,75.04225352112674,12.0
9944201,pdc_no_extra_processing,55,171.3888973142301,31.786061346424503,0.41649908628724547,2.4,-20.95774647887324,12.0
9944201,pdc_no_extra_processing,56,172.12457699884905,51.88131092429103,0.41676931088830615,2.4,-20.95774647887324,12.0
9944201,pdc_no_extra_processing,57,172.79788339016542,-17.840981853523772,0.41676232812474595,2.7199999999999998,-1.7577464788732478,12.0
9944201,pdc_no_extra_processing,58,173.53430186999452,3.3181328269847654,0.4168874539456779,2.4,-20.95774647887324,12.0
9944201,pdc_no_extra_processing,59,174.2333193870935,-29.38013882391715,0.4164478854612311,3.5999999999999996,51.042253521126746,12.0
9944201,pdc_no_extra_processing,60,174.9545164359877,-30.13988468966545,0.5246965529023643,2.4,-20.95774647887324,12.0
9944201,pdc_no_extra_processing,61,175.700647046675,5.004698426637333,0.4166419799336087,2.4,-20.95774647887324,12.0
9944201,pdc_no_extra_processing,62,176.41558273010799,-4.771413703238068,0.41663157563229886,2.4,-20.95774647887324,12.0
9944201,pdc_no_extra_processing,63,177.13063691339354,-14.376886045424726,0.41637698968939235,2.7199999999999998,-1.7577464788732478,12.0
9944201,pdc_no_extra_processing,64,177.84670208683178,-22.526532567753748,0.41625788127463775,2.8,3.0422535211267565,12.0
9944201,pdc_no_extra_processing,65,178.5814106150619,-3.829748189800739,0.416331906875844,2.48,-16.157746478873236,12.0
9944201,pdc_no_extra_processing,66,179.29704151521685,-12.604748240087247,0.416358225483727,2.96,12.642253521126765,12.0
9944201,pdc_no_extra_processing,67,180.01259356106758,-21.49329848843081,0.41626176926433645,2.7199999999999998,-1.7577464788732478,12.0
9944201,pdc_no_extra_processing,68,180.74769359938543,-2.2327395841148245,0.41641778133716917,2.4,-20.95774647887324,12.0
9944201,pdc_no_extra_processing,69,181.498910183,40.23564454742427,1.837344736540993,4.16,84.64225352112678,12.0
9944201,pdc_no_extra_processing,72,183.533791404,-147.38588603274366,60.0,2.4,-20.95774647887324,12.0
9944201,pdc_no_extra_processing,73,184.34493941060907,-18.61625278907013,0.4140045045228462,2.7199999999999998,-1.7577464788732478,12.0
9944201,pdc_no_extra_processing,74,185.07918627818864,-0.5842597478795142,0.41559838939351373,3.4399999999999995,41.44225352112674,12.0
9944201,pdc_no_extra_processing,75,185.77179762500003,-42.507416612911584,1.1998142439454629,3.76,60.642253521126754,12.0
9944201,pdc_no_extra_processing,76,186.51071158294752,-17.754813441920305,0.4163684902881021,2.7199999999999998,-1.7577464788732478,12.0
9944201,pdc_no_extra_processing,77,187.22622088405987,-26.704916113531,0.41647000440683474,2.8,3.0422535211267565,12.0
9944201,pdc_no_extra_processing,78,188.001221866718,50.013002640739614,0.41667016853503125,2.4,-20.95774647887324,12.0
9944201,pdc_no_extra_processing,79,188.71668787483566,41.000558056775844,0.4167516772006014,2.4,-20.95774647887324,12.0
9944201,pdc_no_extra_processing,80,189.38162501875905,-40.77345096692625,0.37063891334224447,3.92,70.24225352112677,12.0
9944201,pdc_no_extra_processing,81,190.1084260903502,-33.46340414905626,0.4164765499702009,2.88,7.842253521126761,12.0
9944201,pdc_no_extra_processing,82,190.84222145962846,-16.081568661761594,0.4167638146667819,2.8,3.0422535211267565,12.0
9944201,pdc_no_extra_processing,83,191.5578413962413,-24.8723562126861,0.4167911667202016,3.1199999999999997,22.24225352112675,12.0
9944201,pdc_no_extra_processing,84,192.29257246014407,-6.143120466108485,0.416834311138639,2.4,-20.95774647887324,12.0
9944201,pdc_no_extra_processing,85,193.00797454779644,-15.247610520095805,0.41682510574093795,2.6399999999999997,-6.557746478873252,12.0
9944201,pdc_no_extra_processing,86,193.72376561336105,-23.79197238044071,0.41687277139191453,2.7199999999999998,-1.7577464788732478,12.0
9944201,pdc_no_extra_processing,87,194.45891177254387,-4.464999430574608,0.416858140363069,2.4,-20.95774647887324,12.0
9944201,pdc_no_extra_processing,88,195.17516640404733,-12.34182633902492,0.41682477064484885,2.56,-11.35774647887323,12.0
9944201,pdc_no_extra_processing,89,195.88944773485713,-23.060206246309463,0.41679359443180913,2.7199999999999998,-1.7577464788732478,12.0
9944201,pdc_no_extra_processing,90,196.60535265696203,-31.440614688649475,0.41664573139981376,2.4,-20.95774647887324,12.0
9944201,pdc_no_extra_processing,91,197.38122442038957,46.53122837362389,0.4168251728452164,2.4,-20.95774647887324,12.0
9944201,pdc_no_extra_processing,92,198.09671855431756,37.55928495653734,0.41686667632630253,2.4,-20.95774647887324,12.0
9944201,pdc_no_extra_processing,93,198.77120206877083,-30.467950504144028,0.4167583770831049,2.88,7.842253521126761,12.0
9944201,pdc_no_extra_processing,94,199.50614109503874,-11.439248951787704,0.41695904049913285,2.56,-11.35774647887323,12.0
9944201,pdc_no_extra_processing,95,200.27246287993026,52.78062501860404,0.4246158762393013,2.4,-20.95774647887324,12.0
9944201,pdc_no_extra_processing,96,200.93760071951982,-28.704382245819033,0.4183837192526321,2.88,7.842253521126761,12.0
9944201,pdc_no_extra_processing,97,201.67263902072742,-9.53272478031522,0.41843296514317957,2.56,-11.35774647887323,12.0
9944201,pdc_no_extra_processing,98,202.4629225437856,89.19205215006969,0.3762826159020756,3.5999999999999996,51.042253521126746,12.0
9944201,pdc_no_extra_processing,99,203.09006828556835,-47.00157595615565,0.5331928181016021,3.9999999999999996,75.04225352112674,12.0
9944201,pdc_no_extra_processing,100,203.83854893431885,-8.47293802882632,0.41843937622921656,2.48,-16.157746478873236,12.0
9944201,pdc_no_extra_processing,101,204.57361987261817,10.745716848796292,0.4183714557314857,2.4,-20.95774647887324,12.0
9944201,pdc_no_extra_processing,102,205.26890641244788,-27.325162069814724,0.4183819233662657,2.7199999999999998,-1.7577464788732478,12.0
9944201,pdc_no_extra_processing,103,206.0043870719363,-7.516508679887011,0.41840377517471355,2.48,-16.157746478873236,12.0
9944201,pdc_no_extra_processing,104,206.79355436299934,89.6008941774744,0.37664185676540535,3.6799999999999997,55.84225352112675,12.0
9944201,pdc_no_extra_processing,105,207.5116242213328,84.33799390425065,0.4178827221317013,3.5199999999999996,46.24225352112674,12.0
9944201,pdc_no_extra_processing,106,208.16986869497288,-7.073460327465,0.41819380394204925,2.4,-20.95774647887324,12.0
9944201,pdc_no_extra_processing,107,208.88559685380827,-15.708407877896207,0.4181779330800711,2.4,-20.95774647887324,12.0
9944201,pdc_no_extra_processing,108,209.6217528688106,5.072757452076075,0.4181865796550757,2.4,-20.95774647887324,12.0
9944201,pdc_no_extra_processing,109,210.35635282980556,23.613205011420177,0.41818420067804346,2.4,-20.95774647887324,12.0
9944201,pdc_no_extra_processing,110,211.05109821488705,-15.2369367446272,0.4181857136040163,2.4,-20.95774647887324,12.0
9944201,pdc_no_extra_processing,111,211.75254781938676,-44.43300253843063,0.4175231669292096,3.6799999999999997,55.84225352112675,12.0
9944201,pdc_no_extra_processing,112,212.48229093744885,-32.886408802414735,0.41804404423761515,2.4,-20.95774647887324,12.0
9944201,pdc_no_extra_processing,113,213.2172364922443,-13.84830617040734,0.4181283336528709,2.4,-20.95774647887324,12.0
9944201,pdc_no_extra_processing,114,213.93230031264426,-23.439901067854407,0.4180859900832733,2.6399999999999997,-6.557746478873252,12.0
9944201,pdc_no_extra_processing,115,214.64742654885413,-32.94161719907606,0.41809518962025793,3.1999999999999997,27.042253521126753,12.0
9944201,pdc_no_extra_processing,116,215.38356808504784,-12.181301353521121,0.4181817864331818,2.48,-16.157746478873236,12.0
9944201,pdc_no_extra_processing,117,216.09864218797196,-21.758089416180155,0.41821056153624514,2.56,-11.35774647887323,12.0
9944201,pdc_no_extra_processing,118,216.81394187897854,-31.010030640100013,0.41823361568714346,2.7199999999999998,-1.7577464788732478,12.0
9944201,pdc_no_extra_processing,119,217.54900521943406,-11.802316657535812,0.4180906545639801,2.4,-20.95774647887324,12.0
9944201,pdc_no_extra_processing,120,218.23971781708553,-56.45967231281247,0.4761680055693813,3.9999999999999996,75.04225352112674,12.0
9944201,pdc_no_extra_processing,121,218.9805281359783,-28.97630938063685,0.41800223819488197,2.7199999999999998,-1.7577464788732478,12.0
9944201,pdc_no_extra_processing,122,219.71555963641057,-9.814445031538526,0.4180687095445559,2.48,-16.157746478873236,12.0
9944201,pdc_no_extra_processing,123,220.49054661605302,66.88330938015497,0.4181293181981376,3.04,17.44225352112677,12.0
9944201,pdc_no_extra_processing,124,221.14580350599178,-28.830265381429854,0.4181257578967685,2.7199999999999998,-1.7577464788732478,12.0
9944201,pdc_no_extra_processing,125,221.88145711955468,-8.772558124283023,0.4181583275369402,2.48,-16.157746478873236,12.0
9944201,pdc_no_extra_processing,126,222.57008788253668,-56.4277557035939,0.5196148711888136,3.9999999999999996,75.04225352112674,12.0
9944201,pdc_no_extra_processing,127,223.29723460117467,-48.61997713829169,0.4174583814898582,3.6799999999999997,55.84225352112675,12.0
9944201,pdc_no_extra_processing,128,224.04702573475137,-8.20424106122573,0.41806084612906574,2.4,-20.95774647887324,12.0
9944201,pdc_no_extra_processing,129,224.7623974103841,-17.352524423495197,0.4179814884512713,2.48,-16.157746478873236,12.0
9944201,pdc_no_extra_processing,130,225.5392504262458,62.03232214394575,0.4180234673361521,2.6399999999999997,-6.557746478873252,12.0
9944201,pdc_no_extra_processing,131,226.2133381652536,-6.564829958210794,0.417988485820687,2.48,-16.157746478873236,12.0
9944201,pdc_no_extra_processing,132,226.90071455838145,-56.0263201275211,0.42607363393600894,3.9999999999999996,75.04225352112674,12.0
9944201,pdc_no_extra_processing,133,227.64330029554824,-25.986354880733415,0.41784558449855086,2.56,-11.35774647887323,12.0
9944201,pdc_no_extra_processing,134,228.35876361177088,-35.002675793566596,0.4178051531887769,2.7199999999999998,-1.7577464788732478,12.0
9944201,pdc_no_extra_processing,135,229.16388683330072,85.09126693601047,0.3551203999972529,3.92,70.24225352112677,12.0
9944201,pdc_no_extra_processing,136,229.8097383312575,-24.166072279613218,0.41790333134733604,2.56,-11.35774647887323,12.0
9944201,pdc_no_extra_processing,138,231.154303266,-166.5595587972075,60.0,,,
9944201,pdc_no_extra_processing,139,231.9755341656524,-23.2705595711559,0.4173895811578377,2.56,-11.35774647887323,12.0
9944201,pdc_no_extra_processing,140,232.731207524632,25.615581086085513,0.41811108958826776,2.4,-20.95774647887324,12.0
9944201,pdc_no_extra_processing,141,233.44698114048595,17.046091642378087,0.4184949651221487,2.4,-20.95774647887324,12.0
9944201,pdc_no_extra_processing,142,234.1416649221407,-21.892759048200787,0.41864684153775583,2.48,-16.157746478873236,12.0
9944201,pdc_no_extra_processing,143,234.85598955921856,-32.54877792948719,0.4187682284531363,2.6399999999999997,-6.557746478873252,12.0
9944201,pdc_no_extra_processing,144,235.59220779161416,-11.67801955325558,0.41887922138733524,2.4,-20.95774647887324,12.0
9944201,pdc_no_extra_processing,145,236.28892421102344,-47.689871877278165,0.41883114740371635,3.4399999999999995,41.44225352112674,12.0
9944201,pdc_no_extra_processing,146,237.02260319018174,-30.475638162720315,0.4189119707853249,2.6399999999999997,-6.557746478873252,12.0
9944201,pdc_no_extra_processing,147,237.81516187374362,71.52536989299279,0.4153593867486402,3.5199999999999996,46.24225352112674,12.0
9944201,pdc_no_extra_processing,148,238.54353574194525,81.10024382994652,0.35775681462889486,3.92,70.24225352112677,12.0
9944201,pdc_no_extra_processing,149,239.1881932725522,-29.87640836941864,0.4188273006823916,2.56,-11.35774647887323,12.0
9944201,pdc_no_extra_processing,150,239.9036365278462,-38.921617019464065,0.41878037538320234,2.7199999999999998,-1.7577464788732478,12.0
9944201,pdc_no_extra_processing,151,240.6792558398905,38.68669605087234,0.41885365780733746,2.48,-16.157746478873236,12.0
9944201,pdc_no_extra_processing,152,241.37480850907176,0.9990433985058189,0.41876879603014894,2.4,-20.95774647887324,12.0
9944201,pdc_no_extra_processing,153,242.14553937859972,71.56799924534425,0.4180635501413316,3.5999999999999996,51.042253521126746,12.0
9944201,pdc_no_extra_processing,154,242.8055950268906,-17.235363489203337,0.41883879547859854,2.4,-20.95774647887324,12.0
9944201,pdc_no_extra_processing,155,243.54084513257777,2.2412924269519863,0.4189329059804137,2.4,-20.95774647887324,12.0
9944201,pdc_no_extra_processing,156,244.3101198080629,70.71332885213451,0.39672565706516055,3.5999999999999996,51.042253521126746,12.0
9944201,pdc_no_extra_processing,157,245.01151668036542,41.44132869437726,0.41899055968393284,2.48,-16.157746478873236,12.0
9944201,pdc_no_extra_processing,158,245.68597209988098,-26.62636347659827,0.4189274942742196,2.4,-20.95774647887324,12.0
9944201,pdc_no_extra_processing,159,246.40144446284643,-35.62965707975309,0.42036313314687807,2.88,7.842253521126761,12.0
9944201,pdc_no_extra_processing,160,247.13724678113027,-15.357815024449337,0.4200023527162183,2.48,-16.157746478873236,12.0
9944201,pdc_no_extra_processing,161,247.83363194344847,-51.84667755964256,0.4200427676860898,3.5199999999999996,46.24225352112674,12.0
9944201,pdc_no_extra_processing,162,248.56791083080637,-33.76857603765529,0.4203130910130289,2.4,-20.95774647887324,12.0
9944201,pdc_no_extra_processing,163,249.28227455945222,-44.36830306106458,0.4204045800224715,2.7199999999999998,-1.7577464788732478,12.0
9944201,pdc_no_extra_processing,164,250.03873841382423,5.656150961244748,0.4204289283469884,2.4,-20.95774647887324,12.0
9944201,pdc_no_extra_processing,165,250.81056842184523,77.80786623809036,0.5917482858349179,3.9999999999999996,75.04225352112674,12.0
9944201,pdc_no_extra_processing,166,251.468723371506,-13.73250252379421,0.4204119160001644,2.4,-20.95774647887324,12.0
9944201,pdc_no_extra_processing,167,252.20413686725632,5.979435083277167,0.4203846890197271,2.4,-20.95774647887324,12.0
9944201,pdc_no_extra_processing,168,252.9201766893946,-2.2067173110053773,0.4202745031689389,2.4,-20.95774647887324,12.0
9944201,pdc_no_extra_processing,169,253.65508302551893,16.774910434651247,0.42028546351938023,2.4,-20.95774647887324,12.0
9944201,pdc_no_extra_processing,170,254.41909970893175,77.67543827567806,0.510605311317734,3.9999999999999996,75.04225352112674,12.0
9944201,pdc_no_extra_processing,171,255.06531557306485,-31.05721364605415,0.42038801442018975,2.48,-16.157746478873236,12.0
9944201,pdc_no_extra_processing,173,256.5841202547252,77.454535397992,0.5332083865957066,3.9999999999999996,75.04225352112674,12.0
9944201,pdc_no_extra_processing,174,257.2720088658461,28.730639138711922,0.42040613770833346,2.4,-20.95774647887324,12.0
9944201,pdc_no_extra_processing,175,257.9449891514278,-41.46124589698957,0.4204907421938226,2.4,-20.95774647887324,12.0
9944201,pdc_no_extra_processing,178,260.015219546,-178.17996653318914,60.0,,,
9944201,pdc_no_extra_processing,179,260.84769318999633,-18.70141545197839,0.39965438861078834,2.48,-16.157746478873236,12.0
9944201,pdc_no_extra_processing,180,261.534067711403,-69.60560089969476,0.3705326292123337,3.9999999999999996,75.04225352112674,12.0
9944201,pdc_no_extra_processing,181,262.2773096081986,-38.62076578749111,0.39977081513267837,2.56,-11.35774647887323,12.0
9944201,pdc_no_extra_processing,182,263.0141387517757,-16.870295309781795,0.3999254012499458,2.4,-20.95774647887324,12.0
9944201,pdc_no_extra_processing,183,263.7284381166018,-27.562706233666177,0.4000008110378583,2.4,-20.95774647887324,12.0
9944201,pdc_no_extra_processing,184,264.4437495625479,-36.79772034467533,0.40013800382497444,2.56,-11.35774647887323,12.0
9944201,pdc_no_extra_processing,185,265.2350491765088,63.39022748565185,0.39929825501672356,3.5999999999999996,51.042253521126746,12.0
9944201,pdc_no_extra_processing,186,265.8945568304427,-26.202247122964764,0.40033808689648104,2.4,-20.95774647887324,12.0
9944201,pdc_no_extra_processing,187,266.63031410339755,-5.995270341363721,0.40035116486452776,2.4,-20.95774647887324,12.0
9944201,pdc_no_extra_processing,188,267.40681845381386,72.88749798463869,0.5641228618300821,3.9999999999999996,75.04225352112674,12.0
9944201,pdc_no_extra_processing,189,268.1012723852734,33.6176630130376,0.40044261847436646,2.48,-16.157746478873236,12.0
9944201,pdc_no_extra_processing,190,268.81677245516227,24.65426737956477,0.40046459255750766,2.4,-20.95774647887324,12.0
9944201,pdc_no_extra_processing,191,269.501195607152,-29.05989002852948,0.4019444795684665,2.4,-20.95774647887324,12.0
9944201,pdc_no_extra_processing,192,270.2267168049168,-23.592861520683073,0.400376100478263,2.4,-20.95774647887324,12.0
9944201,pdc_no_extra_processing,193,270.96220129518525,-3.778691807510768,0.4003102309592059,2.4,-20.95774647887324,12.0
9944201,pdc_no_extra_processing,194,271.55958605800004,-182.82812962761454,60.0,2.4,-20.95774647887324,12.0
9944201,pdc_no_extra_processing,195,272.4127915543975,6.504288911301046,0.40010343924939623,2.4,-20.95774647887324,12.0
9944201,pdc_no_extra_processing,196,273.1484419860735,26.557414251419686,0.4003349705220872,2.48,-16.157746478873236,12.0
9944201,pdc_no_extra_processing,197,273.8226528018205,-41.86250734643181,0.4000824051877072,2.56,-11.35774647887323,12.0
9944201,pdc_no_extra_processing,198,274.5586571548101,-21.299735314723875,0.4001986636320807,2.4,-20.95774647887324,12.0
9944201,pdc_no_extra_processing,199,275.3141313435708,27.299600227252085,0.40025191031503937,2.48,-16.157746478873236,12.0
9944201,pdc_no_extra_processing,200,275.98820254913244,-41.321360037309205,0.400219006908715,2.56,-11.35774647887323,12.0
9944201,pdc_no_extra_processing,201,276.7448344650828,8.945102657762618,0.4001423341125249,2.4,-20.95774647887324,12.0
9944201,pdc_no_extra_processing,202,277.4396005311847,-29.875258428946836,0.40018972346753356,2.48,-16.157746478873236,12.0
9944201,pdc_no_extra_processing,203,278.17493101538577,-10.282857452775716,0.4001763463804194,2.4,-20.95774647887324,12.0
9944201,pdc_no_extra_processing,204,278.85538391072424,-69.71418443876246,0.3910143034783232,3.6799999999999997,55.84225352112675,12.0
9944201,pdc_no_extra_processing,205,279.64627027674817,29.87868636229905,0.4001883980386033,2.56,-11.35774647887323,12.0
9944201,pdc_no_extra_processing,206,280.36100340908206,19.810900649708856,0.40017556169452667,2.48,-16.157746478873236,12.0
9944201,pdc_no_extra_processing,208,281.81183150592625,30.436367558477286,0.4001835178969266,2.4,-20.95774647887324,12.0
9944201,pdc_no_extra_processing,209,282.48617479412655,-37.79279370639415,0.4001259872362929,2.48,-16.157746478873236,12.0
9944201,pdc_no_extra_processing,210,283.20151091642657,-46.99227386784514,0.4001862515904102,2.56,-11.35774647887323,12.0
9944201,pdc_no_extra_processing,211,283.9780059573715,31.8770888194922,0.40016765837350166,2.56,-11.35774647887323,12.0
9944201,pdc_no_extra_processing,212,284.6933791655666,22.731012347048818,0.40027175496693324,2.4,-20.95774647887324,12.0
9944201,pdc_no_extra_processing,213,285.36827445058066,-44.70327350613843,0.4001530155960297,2.6399999999999997,-6.557746478873252,12.0
9944201,pdc_no_extra_processing,214,286.144717792972,34.09164326402788,0.40027324859541613,2.4,-20.95774647887324,12.0
9944201,pdc_no_extra_processing,215,286.87641826028573,48.456819922384966,0.39998905825233344,3.5199999999999996,46.24225352112674,12.0
9944201,pdc_no_extra_processing,216,287.53299624805373,-45.35437396508314,0.4001320553953172,2.56,-11.35774647887323,12.0
9944201,pdc_no_extra_processing,217,288.2894226378418,4.616131056291124,0.4002044321396972,2.4,-20.95774647887324,12.0
9944201,pdc_no_extra_processing,218,289.02500584429373,24.5724520737258,0.4001051057503988,2.56,-11.35774647887323,12.0
9944201,pdc_no_extra_processing,219,289.7201572528732,-13.693015845301488,0.40015827987697056,2.4,-20.95774647887324,12.0
9944201,pdc_no_extra_processing,220,290.47566066542765,34.94840195979123,0.3999216858103419,2.6399999999999997,-6.557746478873252,12.0
9944201,pdc_no_extra_processing,222,291.8658445114755,-41.75385227821607,0.3999386638997247,2.56,-11.35774647887323,12.0
9944201,pdc_no_extra_processing,223,292.6415299599732,35.94969728509568,0.3999788641031574,2.7199999999999998,-1.7577464788732478,12.0
9944201,pdc_no_extra_processing,224,293.3565419027248,26.283398574050807,0.4000195231400647,2.56,-11.35774647887323,12.0
9944201,pdc_no_extra_processing,225,294.0907240670852,44.222218979621175,0.39991070053205446,3.5199999999999996,46.24225352112674,12.0
9944201,pdc_no_extra_processing,226,294.80716457926593,36.61306024639089,0.399959234111776,2.7199999999999998,-1.7577464788732478,12.0
9944201,pdc_no_extra_processing,227,295.52270141144743,27.70260231443899,0.3999745547992454,2.6399999999999997,-6.557746478873252,12.0
9944201,pdc_no_extra_processing,228,296.2373468292383,17.50850765978612,0.39993842689412656,2.48,-16.157746478873236,12.0
9944201,pdc_no_extra_processing,229,296.9729453113485,37.48682562519207,0.3999024863025298,2.8,3.0422535211267565,12.0
9944201,pdc_no_extra_processing,230,297.688820840689,29.064091602049302,0.39979337485466016,2.6399999999999997,-6.557746478873252,12.0
9944201,pdc_no_extra_processing,231,298.403103569675,18.347725068506406,0.3997510857396296,2.48,-16.157746478873236,12.0
9944201,pdc_no_extra_processing,232,299.098479319556,-19.59469137623273,0.3998262103605273,2.4,-20.95774647887324,12.0
9944201,pdc_no_extra_processing,233,299.8546377642272,29.989972676903562,0.3998166837760424,2.6399999999999997,-6.557746478873252,12.0
9944201,pdc_no_extra_processing,234,300.56974225645297,20.456945208588877,0.39980001845756846,2.56,-11.35774647887323,12.0
9944201,pdc_no_extra_processing,235,301.3041859362031,38.77234777532067,0.3996700268956663,2.8,3.0422535211267565,12.0
9944201,pdc_no_extra_processing,236,302.01978294024985,29.94853732931915,0.3997159572790634,2.7199999999999998,-1.7577464788732478,12.0
9944201,pdc_no_extra_processing,237,302.73531773056453,21.03513910898073,0.3997761866501485,2.56,-11.35774647887323,12.0
9944201,pdc_no_extra_processing,238,303.4105119573791,-45.96867055139228,0.3997461365082609,2.56,-11.35774647887323,12.0
9944201,pdc_no_extra_processing,239,304.18636810538084,31.980686297674765,0.3996383244105644,2.7199999999999998,-1.7577464788732478,12.0
9944201,pdc_no_extra_processing,240,304.90167698968713,22.741983425348735,0.39958237233708066,2.6399999999999997,-6.557746478873252,12.0
9944201,pdc_no_extra_processing,241,305.61597952987216,12.054145018400959,0.3997213687752488,2.48,-16.157746478873236,12.0
9944201,pdc_no_extra_processing,242,306.3515990932416,32.06281999698149,0.3997426752965702,2.7199999999999998,-1.7577464788732478,12.0
9944201,pdc_no_extra_processing,243,307.06692870607014,22.853966196707916,0.39959400929052935,2.6399999999999997,-6.557746478873252,12.0
9944201,pdc_no_extra_processing,244,307.78222571342263,13.598160510900925,0.3996418867552914,2.56,-11.35774647887323,12.0
9944201,pdc_no_extra_processing,245,308.43087711201235,-91.62732179329396,0.5643046293975965,3.9999999999999996,75.04225352112674,12.0
9944201,pdc_no_extra_processing,246,309.2329027108485,24.00604425731217,0.3995630290594632,2.6399999999999997,-6.557746478873252,12.0
9944201,pdc_no_extra_processing,247,309.94771805346,14.056641344523086,0.3994542061675761,2.56,-11.35774647887323,12.0
9944201,pdc_no_extra_processing,248,310.6632891175204,5.195477318002304,0.3993914720193556,2.48,-16.157746478873236,12.0
9944201,pdc_no_extra_processing,249,311.37857977533776,-4.069471698367124,0.3992522324220239,2.48,-16.157746478873236,12.0
9944201,pdc_no_extra_processing,250,312.11403207792677,15.698347756415387,0.3993215928476467,2.56,-11.35774647887323,12.0
9944201,pdc_no_extra_processing,251,312.80971655976936,-21.79949466364633,0.3993416169101448,2.4,-20.95774647887324,12.0
9944201,pdc_no_extra_processing,252,313.56495330498814,26.4579221780059,0.3992046785125195,2.7199999999999998,-1.7577464788732478,12.0
9944201,pdc_no_extra_processing,253,314.2801352228093,17.036387567077327,0.39917468165481773,2.7199999999999998,-1.7577464788732478,12.0
9944201,pdc_no_extra_processing,254,314.9948846559516,6.992075018579271,0.39904840292396565,2.56,-11.35774647887323,12.0
9944201,pdc_no_extra_processing,255,315.7310774408188,27.826188953913515,0.39898867544611843,2.7199999999999998,-1.7577464788732478,12.0
9944201,pdc_no_extra_processing,256,316.4457585290639,17.683459753507123,0.39904208329351754,2.6399999999999997,-6.557746478873252,12.0
9944201,pdc_no_extra_processing,257,317.16089311514844,8.193767441798627,0.39912455299076266,2.48,-16.157746478873236,12.0
9944201,pdc_no_extra_processing,258,317.87574116736073,-1.7085336458148959,0.3991131915456076,2.48,-16.157746478873236,12.0
9944201,pdc_no_extra_processing,259,318.5918054693519,-9.859435051967012,0.39912092856599535,2.48,-16.157746478873236,12.0
9944201,pdc_no_extra_processing,260,319.3272185163123,9.851856297600534,0.399164833635118,2.56,-11.35774647887323,12.0
9944201,pdc_no_extra_processing,261,320.06237121064765,29.188239867098673,0.3992146077184975,2.8,3.0422535211267565,12.0
9944201,pdc_no_extra_processing,262,320.77746960303625,19.646428633286632,0.39927792631388803,2.6399999999999997,-6.557746478873252,12.0
9944201,pdc_no_extra_processing,263,321.52036757547836,50.1360126765303,0.5636367831097071,3.9999999999999996,75.04225352112674,12.0
9944201,pdc_no_extra_processing,266,323.509235362,-203.74486355252884,60.0,2.4,-20.95774647887324,12.0
9944201,pdc_no_extra_processing,267,324.3931999567432,29.880656604354954,0.39732665623384084,3.28,31.842253521126757,12.0
9944201,pdc_no_extra_processing,268,325.10903576726633,21.400727484169693,0.39801167887689837,2.7199999999999998,-1.7577464788732478,12.0
9944201,pdc_no_extra_processing,269,325.82467916806587,12.64372836210896,0.39847447308758566,2.56,-11.35774647887323,12.0
9944201,pdc_no_extra_processing,270,326.49937904321325,-55.071947699052544,0.3986827507933543,2.56,-11.35774647887323,12.0
9944201,pdc_no_extra_processing,271,327.2755493087228,23.329738361326235,0.3987332676649988,2.7199999999999998,-1.7577464788732478,12.0
9944201,pdc_no_extra_processing,272,327.9297897583607,-73.84751043351571,0.3988968140098649,3.4399999999999995,41.44225352112674,12.0
9944201,pdc_no_extra_processing,273,328.7052769230038,3.570510379067855,0.3988269412418538,2.56,-11.35774647887323,12.0
9944201,pdc_no_extra_processing,274,329.3645996757288,-86.28822197021691,0.4231394338426935,3.5999999999999996,51.042253521126746,12.0
9944201,pdc_no_extra_processing,275,330.0831097052937,-90.91727567028101,0.348614164421642,3.76,60.642253521126754,12.0
9944201,pdc_no_extra_processing,276,330.8713142924591,4.8138335745989025,0.3992057849842211,2.48,-16.157746478873236,12.0
9944201,pdc_no_extra_processing,277,331.60661481836985,24.363094612617715,0.39915261882953,2.8,3.0422535211267565,12.0
9944201,pdc_no_extra_processing,278,332.32224947213945,15.593499767446701,0.39923279458709576,2.48,-16.157746478873236,12.0
9944201,pdc_no_extra_processing,279,333.03790127702666,6.848602531645156,0.39917998872591,2.56,-11.35774647887323,12.0
9944201,pdc_no_extra_processing,280,333.7633820164371,12.257371009291091,0.4454896977492121,2.4,-20.95774647887324,12.0
9944201,pdc_no_extra_processing,281,334.4881144512873,16.588580920160894,0.3994729301024442,2.7199999999999998,-1.7577464788732478,12.0
9944201,pdc_no_extra_processing,282,335.1322950787481,-95.0748118096817,0.35182223846233485,3.92,70.24225352112677,12.0
9944201,pdc_no_extra_processing,283,335.9185824010738,-2.1045639340172784,0.39944650376710233,2.56,-11.35774647887323,12.0
9944201,pdc_no_extra_processing,284,336.65373082676416,17.225672786598807,0.39931355600876306,2.7199999999999998,-1.7577464788732478,12.0
9944201,pdc_no_extra_processing,285,337.32867775341464,-50.13424911002403,0.39940813586110385,2.48,-16.157746478873236,12.0
9944201,pdc_no_extra_processing,286,338.1029622396281,25.55191476386426,0.39925738545323525,3.5199999999999996,46.24225352112674,12.0
9944201,pdc_no_extra_processing,287,338.81959432060665,18.21861509961309,0.3994041799719509,2.7199999999999998,-1.7577464788732478,12.0
9944201,pdc_no_extra_processing,288,339.53508782727073,9.245768422488254,0.39944861269530174,2.6399999999999997,-6.557746478873252,12.0
9944201,pdc_no_extra_processing,289,340.2501735231644,-0.31432576402949053,0.39938448463697834,2.56,-11.35774647887323,12.0
9944201,pdc_no_extra_processing,290,340.9853478719019,19.053240144621668,0.3993963622758796,2.8,3.0422535211267565,12.0
9944201,pdc_no_extra_processing,291,341.70060706187684,9.742977435107605,0.3994282709805996,2.6399999999999997,-6.557746478873252,12.0
9944201,pdc_no_extra_processing,292,342.39562296369957,-28.717620213556074,0.39945934660000815,2.48,-16.157746478873236,12.0
9944201,pdc_no_extra_processing,293,343.13101362342826,-9.038566477711356,0.39955645534810275,2.48,-16.157746478873236,12.0
9944201,pdc_no_extra_processing,294,343.8668746286723,11.317784800385198,0.3994519913152213,2.6399999999999997,-6.557746478873252,12.0
9944201,pdc_no_extra_processing,295,344.56141607716694,-27.826025640797525,0.39945284133886955,2.48,-16.157746478873236,12.0
9944201,pdc_no_extra_processing,296,345.326633859737,34.80408498678116,0.4771531874976179,3.84,65.44225352112676,12.0
9944201,pdc_no_extra_processing,297,346.0119567203149,-17.61449205449935,0.39944224284480334,2.48,-16.157746478873236,12.0
9944201,pdc_no_extra_processing,298,346.7265607609017,-27.868169882931397,0.3993374808002593,2.48,-16.157746478873236,12.0
9944201,pdc_no_extra_processing,299,347.46305154462044,-6.6049376013234,0.3993309539359972,2.48,-16.157746478873236,12.0
9944201,pdc_no_extra_processing,300,348.1986213415909,13.332073762776417,0.399309096564809,2.7199999999999998,-1.7577464788732478,12.0
9944201,pdc_no_extra_processing,301,348.8932958029993,-25.62019808252444,0.3992408530906617,2.48,-16.157746478873236,12.0
9944201,pdc_no_extra_processing,302,349.58249751399995,-72.45323051508421,2.4450294301431175,4.16,84.64225352112678,12.0
9944201,pdc_no_clip_savgol,0,131.66662566545963,-12.515253612391462,0.41102983506440327,2.88,8.011267605633803,12.0
9944201,pdc_no_clip_savgol,1,132.4008370540175,5.49492905855459,0.4108597134305513,2.6399999999999997,-6.38873239436621,12.0
9944201,pdc_no_clip_savgol,2,133.13581415521259,24.60773792713553,0.4106589263496609,2.4,-20.788732394366196,12.0
9944201,pdc_no_clip_savgol,3,133.85103372550287,15.269702292766851,0.41103669886856875,2.4,-20.788732394366196,12.0
9944201,pdc_no_clip_savgol,4,134.56637171008643,6.102183240705017,0.41111434610314757,2.4,-20.788732394366196,12.0
9944201,pdc_no_clip_savgol,5,135.28212799535146,-2.4629828300339796,0.41149933111896997,2.7199999999999998,-1.5887323943662057,12.0
9944201,pdc_no_clip_savgol,6,135.99844074263083,-10.226843600075881,0.41159083009880215,2.8,3.2112676056337985,12.0
9944201,pdc_no_clip_savgol,7,136.73312160554988,8.459382150972488,0.4115243971083311,2.56,-11.188732394366188,12.0
9944201,pdc_no_clip_savgol,8,137.43401224527585,-21.51231349601403,0.3945986818298242,3.76,60.811267605633795,12.0
9944201,pdc_no_clip_savgol,9,138.163662954702,-10.06950877469535,0.41170503107788436,2.8,3.2112676056337985,12.0
9944201,pdc_no_clip_savgol,10,138.88122615038534,-16.032723843068197,0.41122117973912087,3.5199999999999996,46.41126760563378,12.0
9944201,pdc_no_clip_savgol,11,139.6133042582518,-1.0944653677734095,0.4113905231510974,2.6399999999999997,-6.38873239436621,12.0
9944201,pdc_no_clip_savgol,12,140.3181744772027,-25.33556693081664,0.3744633261883211,3.92,70.41126760563381,12.0
9944201,pdc_no_clip_savgol,13,141.0644737418891,10.081157365216313,0.411940741566624,2.4,-20.788732394366196,12.0
9944201,pdc_no_clip_savgol,14,141.78018142728354,1.4460074808403078,0.4117464805154639,2.6399999999999997,-6.38873239436621,12.0
9944201,pdc_no_clip_savgol,15,142.49594456487378,-7.109291241590654,0.4119426303760984,2.7199999999999998,-1.5887323943662057,12.0
9944201,pdc_no_clip_savgol,16,143.29103886058257,98.57227772673014,0.41243843193212787,3.1999999999999997,27.211267605633793,12.0
9944201,pdc_no_clip_savgol,17,143.9464307307799,3.082353958488966,0.4123596311277458,2.56,-11.188732394366188,12.0
9944201,pdc_no_clip_savgol,18,144.66166076830257,-6.2406088612442545,0.4123447938663884,2.7199999999999998,-1.5887323943662057,12.0
9944201,pdc_no_clip_savgol,19,145.43752135604822,71.74442064015693,0.4122896701436033,2.48,-15.988732394366192,12.0
9944201,pdc_no_clip_savgol,20,146.11205804611882,3.8230374894328634,0.41240090411517205,2.56,-11.188732394366188,12.0
9944201,pdc_no_clip_savgol,21,146.82689384319025,-6.067631580090165,0.41234301167274956,2.7199999999999998,-1.5887323943662057,12.0
9944201,pdc_no_clip_savgol,22,147.54344003673347,-13.495329730189951,0.4124428222072711,2.8,3.2112676056337985,12.0
9944201,pdc_no_clip_savgol,23,148.2779791130895,4.986723370088839,0.41265175980637214,2.4,-20.788732394366196,12.0
9944201,pdc_no_clip_savgol,24,148.99385556692494,-3.4053999592470063,0.41264070597820374,2.48,-15.988732394366192,12.0
9944201,pdc_no_clip_savgol,25,149.7088803821183,-13.02388293317108,0.4128407490485399,2.8,3.2112676056337985,12.0
9944201,pdc_no_clip_savgol,26,150.44413423625815,6.4874501758595216,0.41276335446518464,2.4,-20.788732394366196,12.0
9944201,pdc_no_clip_savgol,27,151.15939208873235,-2.795459113681318,0.41277299789222405,2.6399999999999997,-6.38873239436621,12.0
9944201,pdc_no_clip_savgol,28,151.87453920477887,-12.23782885906985,0.4126216878962986,2.4,-20.788732394366196,12.0
9944201,pdc_no_clip_savgol,29,152.758306403,221.13271972702478,60.0,2.4,-20.788732394366196,12.0
9944201,pdc_no_clip_savgol,30,153.32533004897934,-1.6074469151180892,0.4124543621222134,2.6399999999999997,-6.38873239436621,12.0
9944201,pdc_no_clip_savgol,31,154.04070468867755,-10.722182602075918,0.41312909489872646,2.8,3.2112676056337985,12.0
9944201,pdc_no_clip_savgol,32,154.75648549652539,-19.252036153575318,0.4130894801672196,3.36,36.8112676056338,12.0
9944201,pdc_no_clip_savgol,33,155.51110874117416,28.15121928831104,0.41328873053270754,2.4,-20.788732394366196,12.0
9944201,pdc_no_clip_savgol,34,156.20647379425696,-9.777321124824994,0.41326898593094047,2.7199999999999998,-1.5887323943662057,12.0
9944201,pdc_no_clip_savgol,35,156.92253479990487,-17.90368984422912,0.41316396486585094,2.8,3.2112676056337985,12.0
9944201,pdc_no_clip_savgol,36,157.65706904567335,0.5714072100499834,0.41333652278124855,2.4,-20.788732394366196,12.0
9944201,pdc_no_clip_savgol,37,158.39270436167644,20.632045402107906,0.41303368860445866,2.4,-20.788732394366196,12.0
9944201,pdc_no_clip_savgol,38,159.08865998817876,-16.446069286926104,0.41335022017123746,2.8,3.2112676056337985,12.0
9944201,pdc_no_clip_savgol,39,159.823308219197,2.1931665269994483,0.41332405316067805,2.4,-20.788732394366196,12.0
9944201,pdc_no_clip_savgol,40,160.53945776280779,-5.805707525855723,0.413277795282649,2.6399999999999997,-6.38873239436621,12.0
9944201,pdc_no_clip_savgol,41,161.2544625214056,-15.45307199738545,0.4137461472313504,3.1999999999999997,27.211267605633793,12.0
9944201,pdc_no_clip_savgol,42,161.888104194,-142.26328031380035,60.0,2.56,-11.188732394366188,12.0
9944201,pdc_no_clip_savgol,43,162.69530491925627,-19.148452797139726,0.6170884510009353,3.9999999999999996,75.21126760563378,12.0
9944201,pdc_no_clip_savgol,45,164.05267291500002,-143.04697263091384,60.0,2.4,-20.788732394366196,12.0
9944201,pdc_no_clip_savgol,46,165.02419582200002,216.69179659675592,60.0,2.4,-20.788732394366196,12.0
9944201,pdc_no_clip_savgol,53,169.91777181683787,-11.33828880334022,0.4152042215980117,2.7199999999999998,-1.5887323943662057,12.0
9944201,pdc_no_clip_savgol,54,170.62063849373055,-38.46449093025967,0.5029004095035369,3.9999999999999996,75.21126760563378,12.0
9944201,pdc_no_clip_savgol,55,171.38886478674664,28.527154160519785,0.4168738895255796,2.4,-20.788732394366196,12.0
9944201,pdc_no_clip_savgol,56,172.12487849490992,49.13267706330771,0.41749238268289446,2.4,-20.788732394366196,12.0
9944201,pdc_no_clip_savgol,57,172.79802491665194,-20.790692480568396,0.41762218610630486,2.8,3.2112676056337985,12.0
9944201,pdc_no_clip_savgol,58,173.53468197509736,0.7412548284492004,0.41798667372040993,2.4,-20.788732394366196,12.0
9944201,pdc_no_clip_savgol,59,174.2334691816736,-32.259384554104145,0.41767586178528426,3.6799999999999997,56.01126760563379,12.0
9944201,pdc_no_clip_savgol,60,174.95453826282082,-33.174124554489026,0.47789487455061086,2.4,-20.788732394366196,12.0
9944201,pdc_no_clip_savgol,61,175.70101150478297,2.4931270186243637,0.41805236625237346,2.48,-15.988732394366192,12.0
9944201,pdc_no_clip_savgol,62,176.41579055831787,-7.479252743464713,0.4181488253946032,2.4,-20.788732394366196,12.0
9944201,pdc_no_clip_savgol,63,177.13085132425783,-17.045966642294843,0.41772864892079375,2.7199999999999998,-1.5887323943662057,12.0
9944201,pdc_no_clip_savgol,64,177.86748162687817,4.447452278614037,0.4179878775910122,2.4,-20.788732394366196,12.0
9944201,pdc_no_clip_savgol,65,178.58185477398814,-6.109432735415794,0.4177754362576693,2.4,-20.788732394366196,12.0
9944201,pdc_no_clip_savgol,66,179.2971483415164,-15.340912347119229,0.41757553472820996,2.96,12.811267605633807,12.0
9944201,pdc_no_clip_savgol,67,180.01268065066537,-24.228604024924607,0.4176515116686487,2.7199999999999998,-1.5887323943662057,12.0
9944201,pdc_no_clip_savgol,68,180.7477860900742,-4.930988128617173,0.4171312908818134,2.56,-11.188732394366188,12.0
9944201,pdc_no_clip_savgol,69,181.49574292594383,32.87263867128786,0.6768811895753482,3.9999999999999996,75.21126760563378,12.0
9944201,pdc_no_clip_savgol,72,183.533791404,-150.10020348493526,60.0,2.4,-20.788732394366196,12.0
9944201,pdc_no_clip_savgol,73,184.3449158473098,-21.33522197115326,0.4154301732270733,2.7199999999999998,-1.5887323943662057,12.0
9944201,pdc_no_clip_savgol,74,185.07902433965458,-3.473209847061298,0.4172122012559162,3.4399999999999995,41.61126760563378,12.0
9944201,pdc_no_clip_savgol,75,185.77179762500003,-45.13389580199146,1.1164520629050034,3.76,60.811267605633795,12.0
9944201,pdc_no_clip_savgol,76,186.51100342691453,-19.931757897461466,0.4177257420176313,2.7199999999999998,-1.5887323943662057,12.0
9944201,pdc_no_clip_savgol,77,187.22647672695265,-28.904422694940877,0.41789344211114476,2.8,3.2112676056337985,12.0
9944201,pdc_no_clip_savgol,78,188.0015314431501,47.920151776997955,0.4180282526550101,2.4,-20.788732394366196,12.0
9944201,pdc_no_clip_savgol,79,188.716880207893,38.76815615445139,0.4178912950903968,2.4,-20.788732394366196,12.0
9944201,pdc_no_clip_savgol,80,189.38196935389055,-42.75769046147161,0.3836472377311431,3.92,70.41126760563381,12.0
9944201,pdc_no_clip_savgol,81,190.12661509691324,-9.722037361184448,0.4181474399814654,2.4,-20.788732394366196,12.0
9944201,pdc_no_clip_savgol,82,190.8422759008446,-18.42469655239256,0.4180695649482762,2.8,3.2112676056337985,12.0
9944201,pdc_no_clip_savgol,83,191.55773473792448,-27.41818800972851,0.41809341605544703,3.1999999999999997,27.211267605633793,12.0
9944201,pdc_no_clip_savgol,84,192.29290880962483,-8.021741613597442,0.41822060035957803,2.4,-20.788732394366196,12.0
9944201,pdc_no_clip_savgol,85,193.0082079704441,-17.245166886250445,0.4179330445948065,2.6399999999999997,-6.38873239436621,12.0
9944201,pdc_no_clip_savgol,86,193.72386800138105,-25.94893918941125,0.41803994658501165,2.8,3.2112676056337985,12.0
9944201,pdc_no_clip_savgol,87,194.459115987979,-6.446055340697967,0.41826664837815125,2.4,-20.788732394366196,12.0
9944201,pdc_no_clip_savgol,88,195.19459043875236,13.382936920547763,0.41815126163261346,2.4,-20.788732394366196,12.0
9944201,pdc_no_clip_savgol,89,195.88966581617277,-24.962736446445888,0.41815588427703637,2.7199999999999998,-1.5887323943662057,12.0
9944201,pdc_no_clip_savgol,90,196.6253669266137,-4.807354263830348,0.41838231009008037,2.4,-20.788732394366196,12.0
9944201,pdc_no_clip_savgol,91,197.38138923406063,44.61055160736123,0.4181387681827663,2.4,-20.788732394366196,12.0
9944201,pdc_no_clip_savgol,92,198.09685463706774,35.62651508520503,0.4182293069660562,2.4,-20.788732394366196,12.0
9944201,pdc_no_clip_savgol,93,198.77151118485097,-32.12227295928642,0.4182723295401807,2.8,3.2112676056337985,12.0
9944201,pdc_no_clip_savgol,94,199.50635702458325,-13.198480597175148,0.4183622626502833,2.56,-11.188732394366188,12.0
9944201,pdc_no_clip_savgol,95,200.2724640863865,50.74147154710772,0.4246137023514532,2.4,-20.788732394366196,12.0
9944201,pdc_no_clip_savgol,96,200.93756418097084,-30.768609103774907,0.4198966310889691,2.8,3.2112676056337985,12.0
9944201,pdc_no_clip_savgol,97,201.69301972615918,17.833159115052695,0.4199130070187046,2.4,-20.788732394366196,12.0
9944201,pdc_no_clip_savgol,98,202.46309460145363,87.48676268668532,0.3758225043227169,3.6799999999999997,56.01126760563379,12.0
9944201,pdc_no_clip_savgol,99,203.0902866190572,-48.610948816526616,0.5383062164016432,3.9999999999999996,75.21126760563378,12.0
9944201,pdc_no_clip_savgol,100,203.83876112174536,-10.061881797987553,0.4198395774348018,2.48,-15.988732394366192,12.0
9944201,pdc_no_clip_savgol,101,204.5738810309894,9.25657066110034,0.41970622505556543,2.4,-20.788732394366196,12.0
9944201,pdc_no_clip_savgol,102,205.26920268732687,-28.734461065305368,0.41956882666300743,2.7199999999999998,-1.5887323943662057,12.0
9944201,pdc_no_clip_savgol,103,206.0044019486271,-9.301741645385846,0.4196876065314195,2.56,-11.188732394366188,12.0
9944201,pdc_no_clip_savgol,104,206.79359934454934,87.88829163028367,0.39007504188257475,3.76,60.811267605633795,12.0
9944201,pdc_no_clip_savgol,105,207.5117464402882,82.76589264185532,0.41894873504158187,3.5199999999999996,46.41126760563378,12.0
9944201,pdc_no_clip_savgol,106,208.1700828283244,-8.483925438372353,0.41937966206377986,2.4,-20.788732394366196,12.0
9944201,pdc_no_clip_savgol,107,208.88549031590605,-17.55136017314726,0.4196488715129522,2.4,-20.788732394366196,12.0
9944201,pdc_no_clip_savgol,108,209.62180175275097,3.4828920311474576,0.4192506805321598,2.4,-20.788732394366196,12.0
9944201,pdc_no_clip_savgol,109,210.3562847587871,21.88420387079077,0.4195018507477697,2.4,-20.788732394366196,12.0
9944201,pdc_no_clip_savgol,110,211.05147768206112,-16.292203466960018,0.41935808406262975,2.56,-11.188732394366188,12.0
9944201,pdc_no_clip_savgol,111,211.75269595229662,-45.79211118022158,0.41860391251745566,3.6799999999999997,56.01126760563379,12.0
9944201,pdc_no_clip_savgol,112,212.482291085994,-34.42933550836642,0.41925426597046855,2.4,-20.788732394366196,12.0
9944201,pdc_no_clip_savgol,113,213.21747348208459,-15.02090199027407,0.4193554727132034,2.4,-20.788732394366196,12.0
9944201,pdc_no_clip_savgol,114,213.9325921927265,-24.504175518295597,0.4191976407188473,2.6399999999999997,-6.38873239436621,12.0
9944201,pdc_no_clip_savgol,115,214.6474485395787,-34.36525290350801,0.41938249368756186,3.1999999999999997,27.211267605633793,12.0
9944201,pdc_no_clip_savgol,116,215.38398655666117,-13.00472515709771,0.419525293148945,2.48,-15.988732394366192,12.0
9944201,pdc_no_clip_savgol,117,216.09867979868008,-23.100673502290192,0.4194426046201978,2.6399999999999997,-6.38873239436621,12.0
9944201,pdc_no_clip_savgol,118,216.81395080539727,-32.3646406818807,0.4194311880881203,2.7199999999999998,-1.5887323943662057,12.0
9944201,pdc_no_clip_savgol,119,217.5492028956318,-12.855847596506464,0.41963282641642496,2.4,-20.788732394366196,12.0
9944201,pdc_no_clip_savgol,120,218.23981082249364,-57.63464976787418,0.47430730763939655,3.9999999999999996,75.21126760563378,12.0
9944201,pdc_no_clip_savgol,121,218.99986177504869,-2.415494940946701,0.4193442614700433,2.4,-20.788732394366196,12.0
9944201,pdc_no_clip_savgol,122,219.715961185043,-10.486561401517065,0.41960653552229543,2.48,-15.988732394366192,12.0
9944201,pdc_no_clip_savgol,123,220.4906796777304,65.85385121597483,0.4194944232599787,3.04,17.611267605633813,12.0
9944201,pdc_no_clip_savgol,124,221.14597924795612,-29.7689845113473,0.4194182239967121,2.7199999999999998,-1.5887323943662057,12.0
9944201,pdc_no_clip_savgol,125,221.88159787449652,-9.73237914555284,0.419580087594331,2.48,-15.988732394366192,12.0
9944201,pdc_no_clip_savgol,126,222.56969598873374,-58.12531149633742,0.530131783849741,3.9999999999999996,75.21126760563378,12.0
9944201,pdc_no_clip_savgol,127,223.297332378056,-49.58312772460886,0.39325568266200195,3.6799999999999997,56.01126760563379,12.0
9944201,pdc_no_clip_savgol,128,224.02758700762095,-37.27067800347868,0.41911746419744134,2.8,3.2112676056337985,12.0
9944201,pdc_no_clip_savgol,129,224.7627523270643,-17.886834857431495,0.4195327322515085,2.48,-15.988732394366192,12.0
9944201,pdc_no_clip_savgol,130,225.53939806651198,61.22881309487639,0.4192695357140487,2.6399999999999997,-6.38873239436621,12.0
9944201,pdc_no_clip_savgol,131,226.2136278759893,-7.134478110178861,0.41941485234244996,2.48,-15.988732394366192,12.0
9944201,pdc_no_clip_savgol,132,226.90049054355572,-57.30645366690169,0.41888533750363827,3.9999999999999996,75.21126760563378,12.0
9944201,pdc_no_clip_savgol,133,227.6436337636563,-26.434433574390823,0.4192251182162208,2.56,-11.188732394366188,12.0
9944201,pdc_no_clip_savgol,134,228.42014839368542,52.49241681514832,0.4191786204446167,2.56,-11.188732394366188,12.0
9944201,pdc_no_clip_savgol,135,229.16399847200782,84.38231274701593,0.35424375530636676,3.92,70.41126760563381,12.0
9944201,pdc_no_clip_savgol,136,229.8097821380999,-24.943424932721427,0.4191419935274618,2.56,-11.188732394366188,12.0
9944201,pdc_no_clip_savgol,138,231.154303266,-167.34143446135022,60.0,,,
9944201,pdc_no_clip_savgol,139,231.97575134860392,-23.710412364043805,0.41901806754872967,2.56,-11.188732394366188,12.0
9944201,pdc_no_clip_savgol,140,232.73135919915157,25.110675572145738,0.4194602171248071,2.4,-20.788732394366196,12.0
9944201,pdc_no_clip_savgol,141,233.44695051960673,16.307960175236076,0.41983151504330013,2.4,-20.788732394366196,12.0
9944201,pdc_no_clip_savgol,142,234.16179764193743,6.433599479055374,0.42023101729743384,2.4,-20.788732394366196,12.0
9944201,pdc_no_clip_savgol,143,234.85627524003158,-32.77287611774682,0.4201005499879696,2.6399999999999997,-6.38873239436621,12.0
9944201,pdc_no_clip_savgol,144,235.5922521001608,-12.220414384000833,0.4201964790059723,2.4,-20.788732394366196,12.0
9944201,pdc_no_clip_savgol,145,236.28902552104267,-48.120905166492776,0.4203374021285562,3.4399999999999995,41.61126760563378,12.0
9944201,pdc_no_clip_savgol,146,237.0429235839823,-1.7619113858336277,0.42018537737625217,2.4,-20.788732394366196,12.0
9944201,pdc_no_clip_savgol,147,237.8152947628341,71.19836930843576,0.4198517232638638,3.5199999999999996,46.41126760563378,12.0
9944201,pdc_no_clip_savgol,148,238.54372282866268,80.88056724920989,0.3558221675622675,3.92,70.41126760563381,12.0
9944201,pdc_no_clip_savgol,149,239.229280953732,28.830050496649164,0.4200306511508112,2.4,-20.788732394366196,12.0
9944201,pdc_no_clip_savgol,150,239.90388682002109,-38.991718899410444,0.4200423253797143,2.7199999999999998,-1.5887323943662057,12.0
9944201,pdc_no_clip_savgol,151,240.67938281885358,38.468302567002866,0.4202683915054243,2.48,-15.988732394366192,12.0
9944201,pdc_no_clip_savgol,152,241.3953611051297,30.222817952221703,0.4201392996681103,2.48,-15.988732394366192,12.0
9944201,pdc_no_clip_savgol,153,242.1456233489507,71.34623220211779,0.41941252477504054,3.5999999999999996,51.211267605633786,12.0
9944201,pdc_no_clip_savgol,154,242.80556023061698,-17.598875050857714,0.42011959234421,2.4,-20.788732394366196,12.0
9944201,pdc_no_clip_savgol,155,243.5613445362694,31.476308236274235,0.4199224259159988,2.48,-15.988732394366192,12.0
9944201,pdc_no_clip_savgol,156,244.31006990616103,70.38662402790123,0.4093767274811328,3.6799999999999997,56.01126760563379,12.0
9944201,pdc_no_clip_savgol,157,245.0116859041952,41.45944434466401,0.41994751394856117,2.56,-11.188732394366188,12.0
9944201,pdc_no_clip_savgol,158,245.68604205710398,-26.72191231902616,0.41987298128512823,2.4,-20.788732394366196,12.0
9944201,pdc_no_clip_savgol,159,246.4012702985267,-36.047461522689446,0.4218222516880113,2.88,8.011267605633803,12.0
9944201,pdc_no_clip_savgol,160,247.13740906400284,-15.261856089427965,0.42157750676384165,2.4,-20.788732394366196,12.0
9944201,pdc_no_clip_savgol,161,247.83361242353683,-51.98323521281509,0.42164757739997916,3.4399999999999995,41.61126760563378,12.0
9944201,pdc_no_clip_savgol,162,248.58747820245924,-5.670730416936749,0.42162086190229126,2.4,-20.788732394366196,12.0
9944201,pdc_no_clip_savgol,163,249.28241452384358,-44.21664447585954,0.4215999333066211,2.7199999999999998,-1.5887323943662057,12.0
9944201,pdc_no_clip_savgol,164,250.03876028792396,5.667038947544825,0.42162932728713187,2.4,-20.788732394366196,12.0
9944201,pdc_no_clip_savgol,165,250.81059258348452,77.85132770236487,0.5937043361836242,3.9999999999999996,75.21126760563378,12.0
9944201,pdc_no_clip_savgol,166,251.46877484800885,-13.620428234985411,0.42139036492200227,2.48,-15.988732394366192,12.0
9944201,pdc_no_clip_savgol,167,252.2042692942858,6.237357551494824,0.4217822971462638,2.4,-20.788732394366196,12.0
9944201,pdc_no_clip_savgol,168,252.9201964693866,-2.081727155732551,0.4214619093896952,2.4,-20.788732394366196,12.0
9944201,pdc_no_clip_savgol,169,253.65525934999806,17.15460407237515,0.4214363396844274,2.4,-20.788732394366196,12.0
9944201,pdc_no_clip_savgol,170,254.41961383032205,78.57083888657598,0.4717240960046391,3.9999999999999996,75.21126760563378,12.0
9944201,pdc_no_clip_savgol,171,255.08544930460192,-1.8802950027884435,0.4215923828284418,2.4,-20.788732394366196,12.0
9944201,pdc_no_clip_savgol,173,256.5151560386437,-21.61103168738009,0.4214596495227152,2.4,-20.788732394366196,12.0
9944201,pdc_no_clip_savgol,174,257.27205672589196,29.07174109771404,0.4217072560787145,2.4,-20.788732394366196,12.0
9944201,pdc_no_clip_savgol,175,257.9452081456598,-40.84443128890598,0.4214913980763371,2.4,-20.788732394366196,12.0
9944201,pdc_no_clip_savgol,178,260.015219546,-177.7906653561149,60.0,,,
9944201,pdc_no_clip_savgol,179,260.86807162869275,11.062116868979501,0.4012830610501312,2.4,-20.788732394366196,12.0
9944201,pdc_no_clip_savgol,180,261.5336178502804,-69.80554089715042,0.3594012611639706,3.92,70.41126760563381,12.0
9944201,pdc_no_clip_savgol,181,262.2774914124289,-37.88182825564036,0.4010730716813779,2.56,-11.188732394366188,12.0
9944201,pdc_no_clip_savgol,182,263.03356433604637,11.608964901088257,0.4011635935436184,2.4,-20.788732394366196,12.0
9944201,pdc_no_clip_savgol,183,263.7495228079845,3.3349476396233513,0.4014957352557118,2.4,-20.788732394366196,12.0
9944201,pdc_no_clip_savgol,184,264.4437452840965,-36.23890361139274,0.4013505639745402,2.56,-11.188732394366188,12.0
9944201,pdc_no_clip_savgol,185,265.23511357106025,64.07721276397751,0.4011652301493735,3.5999999999999996,51.211267605633786,12.0
9944201,pdc_no_clip_savgol,186,265.8946067807144,-25.506782186375858,0.4016761003092764,2.4,-20.788732394366196,12.0
9944201,pdc_no_clip_savgol,187,266.6303521780998,-5.2876268037198315,0.4017070765437161,2.4,-20.788732394366196,12.0
9944201,pdc_no_clip_savgol,188,267.4069739161952,73.79345920123342,0.566038995079253,3.9999999999999996,75.21126760563378,12.0
9944201,pdc_no_clip_savgol,189,268.10124216711966,34.285523680082406,0.4015652616659995,2.56,-11.188732394366188,12.0
9944201,pdc_no_clip_savgol,190,268.81694578376784,25.644514801106197,0.4016521317069248,2.4,-20.788732394366196,12.0
9944201,pdc_no_clip_savgol,191,269.50119574059653,-28.2897642179978,0.41646712447246464,2.4,-20.788732394366196,12.0
9944201,pdc_no_clip_savgol,192,270.2267731413933,-22.71252392295537,0.4014668513804009,2.4,-20.788732394366196,12.0
9944201,pdc_no_clip_savgol,193,270.9622793552158,-2.8377928709323896,0.4015527017051252,2.4,-20.788732394366196,12.0
9944201,pdc_no_clip_savgol,194,271.55958605800004,-181.97035771405353,60.0,2.4,-20.788732394366196,12.0
9944201,pdc_no_clip_savgol,195,272.41292063333384,7.5772139142827655,0.40123658424721864,2.4,-20.788732394366196,12.0
9944201,pdc_no_clip_savgol,196,273.1483972880402,27.40937983910044,0.401629696083609,2.48,-15.988732394366192,12.0
9944201,pdc_no_clip_savgol,197,273.8226217417107,-40.961623727816914,0.4013607427827467,2.56,-11.188732394366188,12.0
9944201,pdc_no_clip_savgol,198,274.57840592684664,8.113386015611468,0.4014892193792983,2.4,-20.788732394366196,12.0
9944201,pdc_no_clip_savgol,199,275.314206874148,28.4125332772237,0.4017165458429794,2.48,-15.988732394366192,12.0
9944201,pdc_no_clip_savgol,200,275.9881726916345,-40.33090639467446,0.4015181525416044,2.56,-11.188732394366188,12.0
9944201,pdc_no_clip_savgol,201,276.74490640578455,10.111425129089184,0.40152831830214314,2.4,-20.788732394366196,12.0
9944201,pdc_no_clip_savgol,202,277.439476291244,-28.96215666167336,0.4015754674757065,2.48,-15.988732394366192,12.0
9944201,pdc_no_clip_savgol,203,278.17498205171773,-9.08807843188697,0.40154675084017866,2.4,-20.788732394366196,12.0
9944201,pdc_no_clip_savgol,204,278.8554804079044,-68.42466237543704,0.39333857017013385,3.6799999999999997,56.01126760563379,12.0
9944201,pdc_no_clip_savgol,205,279.6462767912016,31.067912720218374,0.4014585109284462,2.56,-11.188732394366188,12.0
9944201,pdc_no_clip_savgol,206,280.3610035786715,21.020269824430216,0.40163363843529826,2.48,-15.988732394366192,12.0
9944201,pdc_no_clip_savgol,208,281.8118725167641,31.763106973066897,0.40147981141021977,2.4,-20.788732394366196,12.0
9944201,pdc_no_clip_savgol,209,282.48611506407264,-36.58184175504175,0.40158261105864124,2.48,-15.988732394366192,12.0
9944201,pdc_no_clip_savgol,210,283.20155203659635,-45.606818173309875,0.40143213401530214,2.56,-11.188732394366188,12.0
9944201,pdc_no_clip_savgol,211,283.9780630810963,33.31486905436577,0.40144880427776236,2.56,-11.188732394366188,12.0
9944201,pdc_no_clip_savgol,212,284.6524193467517,-34.8663252543156,0.4014978523775498,2.48,-15.988732394366192,12.0
9944201,pdc_no_clip_savgol,213,285.3683003916985,-43.251837383349994,0.40133963318754357,2.6399999999999997,-6.38873239436621,12.0
9944201,pdc_no_clip_savgol,214,286.14469789015726,35.50634354503018,0.40142530590821723,2.4,-20.788732394366196,12.0
9944201,pdc_no_clip_savgol,215,286.876422516386,49.935588462012674,0.40111301625393964,3.5199999999999996,46.41126760563378,12.0
9944201,pdc_no_clip_savgol,216,287.53293549629245,-43.93993732513991,0.4013520861291584,2.56,-11.188732394366188,12.0
9944201,pdc_no_clip_savgol,217,288.28955127645435,6.332569255646376,0.40141567684342744,2.48,-15.988732394366192,12.0
9944201,pdc_no_clip_savgol,218,289.02472842657704,25.733448579985634,0.4014180399619875,2.56,-11.188732394366188,12.0
9944201,pdc_no_clip_savgol,219,289.7201658492579,-12.090879611987475,0.40141912804935914,2.4,-20.788732394366196,12.0
9944201,pdc_no_clip_savgol,220,290.4758094020966,36.781619623407096,0.4011703465371913,2.6399999999999997,-6.38873239436621,12.0
9944201,pdc_no_clip_savgol,222,291.86585844323025,-40.05619484892122,0.40121528895264585,2.56,-11.188732394366188,12.0
9944201,pdc_no_clip_savgol,223,292.62080373082,7.810802427975432,0.4013235110539487,2.4,-20.788732394366196,12.0
9944201,pdc_no_clip_savgol,224,293.35659233664876,28.092177969047043,0.40123580452486635,2.56,-11.188732394366188,12.0
9944201,pdc_no_clip_savgol,225,294.0906767326924,45.91949141942678,0.40140520708577415,3.4399999999999995,41.61126760563378,12.0
9944201,pdc_no_clip_savgol,226,294.807064196647,38.2632226617352,0.4012278746618419,2.7199999999999998,-1.5887323943662057,12.0
9944201,pdc_no_clip_savgol,227,295.5226131525442,29.399502301348548,0.4011566245291657,2.6399999999999997,-6.38873239436621,12.0
9944201,pdc_no_clip_savgol,228,296.2373058992556,19.302840713371552,0.40136575031782024,2.48,-15.988732394366192,12.0
9944201,pdc_no_clip_savgol,229,296.97285021029097,39.232431751961485,0.4011156149171082,2.8,3.2112676056337985,12.0
9944201,pdc_no_clip_savgol,230,297.6887869921336,30.927180753005814,0.4009792284007203,2.6399999999999997,-6.38873239436621,12.0
9944201,pdc_no_clip_savgol,231,298.3833707496797,-8.126425232994734,0.40108284043245046,2.4,-20.788732394366196,12.0
9944201,pdc_no_clip_savgol,232,299.09857339611835,-17.488831213713638,0.401062413877466,2.48,-15.988732394366192,12.0
9944201,pdc_no_clip_savgol,233,299.8543711546134,31.605724166774962,0.40102542846111755,2.6399999999999997,-6.38873239436621,12.0
9944201,pdc_no_clip_savgol,234,300.5696502877434,22.353459021587696,0.4011159009927847,2.56,-11.188732394366188,12.0
9944201,pdc_no_clip_savgol,235,301.3041734358524,40.812575446234405,0.4009243184180505,2.8,3.2112676056337985,12.0
9944201,pdc_no_clip_savgol,236,302.0197799731062,32.031772239351994,0.40100137846544015,2.7199999999999998,-1.5887323943662057,12.0
9944201,pdc_no_clip_savgol,237,302.7145770344565,-6.714676268638868,0.4009729561177423,2.4,-20.788732394366196,12.0
9944201,pdc_no_clip_savgol,238,303.41035382230353,-44.05031862126634,0.4011297283222487,2.56,-11.188732394366188,12.0
9944201,pdc_no_clip_savgol,239,304.1861351413225,33.82056391369588,0.40087130974169705,2.7199999999999998,-1.5887323943662057,12.0
9944201,pdc_no_clip_savgol,240,304.829023666655,-79.67417645989372,0.39268413605403824,3.84,65.6112676056338,12.0
9944201,pdc_no_clip_savgol,241,305.6159170744724,14.198113944803481,0.4011399642648533,2.48,-15.988732394366192,12.0
9944201,pdc_no_clip_savgol,242,306.35145161388374,34.11363384478136,0.4010428153198453,2.7199999999999998,-1.5887323943662057,12.0
9944201,pdc_no_clip_savgol,243,307.06678699139945,24.942360614986683,0.4008785169696795,2.6399999999999997,-6.38873239436621,12.0
9944201,pdc_no_clip_savgol,244,307.7821554526067,15.818727900959857,0.40102912858241213,2.48,-15.988732394366192,12.0
9944201,pdc_no_clip_savgol,245,308.43085713594127,-89.30506494948531,0.56615413925596,3.9999999999999996,75.21126760563378,12.0
9944201,pdc_no_clip_savgol,246,309.232721066383,26.124778034218252,0.4008361319846695,2.6399999999999997,-6.38873239436621,12.0
9944201,pdc_no_clip_savgol,247,309.92760984448387,-12.489598352985922,0.4008922425111994,2.4,-20.788732394366196,12.0
9944201,pdc_no_clip_savgol,248,310.6633178420396,7.675701274993116,0.4007016024640704,2.48,-15.988732394366192,12.0
9944201,pdc_no_clip_savgol,249,311.3785026122613,-1.712446458186605,0.4005338060195004,2.48,-15.988732394366192,12.0
9944201,pdc_no_clip_savgol,250,312.11381371655705,17.881326875285595,0.40068754868589507,2.56,-11.188732394366188,12.0
9944201,pdc_no_clip_savgol,251,312.8097009455848,-19.295280177038876,0.4006965808344872,2.4,-20.788732394366196,12.0
9944201,pdc_no_clip_savgol,252,313.56477485698406,28.756935385499673,0.40060491154137046,2.7199999999999998,-1.5887323943662057,12.0
9944201,pdc_no_clip_savgol,253,314.2800763502376,19.53686881818612,0.40049640662581826,2.7199999999999998,-1.5887323943662057,12.0
9944201,pdc_no_clip_savgol,254,314.99473341415813,9.388824011402903,0.40052458391564655,2.48,-15.988732394366192,12.0
9944201,pdc_no_clip_savgol,255,315.7309783728846,30.327347725142317,0.4003959725924414,2.7199999999999998,-1.5887323943662057,12.0
9944201,pdc_no_clip_savgol,256,316.4456196543156,20.156576133358612,0.40042667941604465,2.56,-11.188732394366188,12.0
9944201,pdc_no_clip_savgol,257,317.1608056648111,10.770214394578943,0.40063574835834004,2.48,-15.988732394366192,12.0
9944201,pdc_no_clip_savgol,258,317.85570560846236,-27.828083599961246,0.400656211685049,2.48,-15.988732394366192,12.0
9944201,pdc_no_clip_savgol,259,318.59167366765473,-7.288295215366816,0.4004315625923505,2.48,-15.988732394366192,12.0
9944201,pdc_no_clip_savgol,260,319.3271608075846,12.558969431329388,0.4006987773351635,2.4,-20.788732394366196,12.0
9944201,pdc_no_clip_savgol,261,320.06252917932204,32.23520788087626,0.4005936931737676,2.8,3.2112676056337985,12.0
9944201,pdc_no_clip_savgol,262,320.7773197552396,22.279420349741486,0.4005949807906634,2.6399999999999997,-6.38873239436621,12.0
9944201,pdc_no_clip_savgol,263,321.52054505929044,53.269641330607556,0.565549986133572,3.9999999999999996,75.21126760563378,12.0
9944201,pdc_no_clip_savgol,266,323.509235362,-200.77897332469547,60.0,2.4,-20.788732394366196,12.0
9944201,pdc_no_clip_savgol,267,324.3931754520028,32.84053942698847,0.3986986485710614,3.28,32.0112676056338,12.0
9944201,pdc_no_clip_savgol,268,325.10902101804066,24.403937669057996,0.39939662135595483,2.7199999999999998,-1.5887323943662057,12.0
9944201,pdc_no_clip_savgol,269,325.82447434506287,15.402511728689205,0.39985448327543327,2.56,-11.188732394366188,12.0
9944201,pdc_no_clip_savgol,270,326.4992993594253,-52.10368444171763,0.4000480944445067,2.56,-11.188732394366188,12.0
9944201,pdc_no_clip_savgol,271,327.27549620948895,26.365562797482198,0.40006234696744775,2.7199999999999998,-1.5887323943662057,12.0
9944201,pdc_no_clip_savgol,272,327.9296215121738,-70.94821818865967,0.4001294287015508,3.4399999999999995,41.61126760563378,12.0
9944201,pdc_no_clip_savgol,273,328.6850277631014,-22.417433705268195,0.4003910489568541,2.48,-15.988732394366192,12.0
9944201,pdc_no_clip_savgol,274,329.3645572970879,-83.14912161711618,0.4265321641481744,3.5999999999999996,51.211267605633786,12.0
9944201,pdc_no_clip_savgol,275,330.0828938408997,-87.99871538046318,0.34916217880495154,3.76,60.811267605633795,12.0
9944201,pdc_no_clip_savgol,276,330.8506059539587,-21.747489427898472,0.40068774358739817,2.4,-20.788732394366196,12.0
9944201,pdc_no_clip_savgol,277,331.60656658816293,27.581606973808448,0.4004982407718706,2.8,3.2112676056337985,12.0
9944201,pdc_no_clip_savgol,278,332.3222085568111,18.851824974854026,0.4005461007317556,2.48,-15.988732394366192,12.0
9944201,pdc_no_clip_savgol,279,333.03791102882457,10.20916782187669,0.4005119067153191,2.56,-11.188732394366188,12.0
9944201,pdc_no_clip_savgol,280,333.76334869912813,15.585196206584442,0.4643538544403072,2.4,-20.788732394366196,12.0
9944201,pdc_no_clip_savgol,281,334.48798265644126,19.803877885069596,0.40074090763170955,2.7199999999999998,-1.5887323943662057,12.0
9944201,pdc_no_clip_savgol,282,335.1320484413644,-91.99560867784385,0.3529267274993026,3.92,70.41126760563381,12.0
9944201,pdc_no_clip_savgol,283,335.91860058559286,1.3852621586829628,0.4008373455393893,2.48,-15.988732394366192,12.0
9944201,pdc_no_clip_savgol,284,336.65363336257485,20.57824416033327,0.4007211994394078,2.7199999999999998,-1.5887323943662057,12.0
9944201,pdc_no_clip_savgol,285,337.32854858006766,-46.79805950228001,0.40074091745885004,2.48,-15.988732394366192,12.0
9944201,pdc_no_clip_savgol,286,338.10301257720704,29.175879526001154,0.40075279507088807,3.4399999999999995,41.61126760563378,12.0
9944201,pdc_no_clip_savgol,287,338.81968774884723,21.93390983545214,0.4007337679529318,2.7199999999999998,-1.5887323943662057,12.0
9944201,pdc_no_clip_savgol,288,339.51412480824746,-17.330941480477122,0.40072038566743173,2.48,-15.988732394366192,12.0
9944201,pdc_no_clip_savgol,289,340.2500738664905,3.18148553705214,0.4008184861349198,2.48,-15.988732394366192,12.0
9944201,pdc_no_clip_savgol,290,340.98535197564127,22.727745861757285,0.40076269839397205,2.8,3.2112676056337985,12.0
9944201,pdc_no_clip_savgol,291,341.7005156787325,13.309261460753987,0.4007880643805335,2.6399999999999997,-6.38873239436621,12.0
9944201,pdc_no_clip_savgol,292,342.3955141582591,-25.147144873217258,0.4008841505106487,2.48,-15.988732394366192,12.0
9944201,pdc_no_clip_savgol,293,343.1511763943056,23.75225818128456,0.40089516546534104,2.8,3.2112676056337985,12.0
9944201,pdc_no_clip_savgol,294,343.8667285377475,14.893127885316062,0.40081970057988964,2.6399999999999997,-6.38873239436621,12.0
9944201,pdc_no_clip_savgol,295,344.56130482616794,-24.171233641618528,0.40088834257458056,2.48,-15.988732394366192,12.0
9944201,pdc_no_clip_savgol,296,345.3266088663302,38.612367339637785,0.4856434162894314,3.92,70.41126760563381,12.0
9944201,pdc_no_clip_savgol,297,345.9915221234596,-43.16675924636911,0.4008350884238637,2.48,-15.988732394366192,12.0
9944201,pdc_no_clip_savgol,298,346.7073517536385,-51.62630864115272,0.40082421707663085,2.48,-15.988732394366192,12.0
9944201,pdc_no_clip_savgol,299,347.4630649394038,-2.653537991500343,0.4007583351841292,2.48,-15.988732394366192,12.0
9944201,pdc_no_clip_savgol,300,348.198506060211,17.127459118519255,0.40062357488537514,2.7199999999999998,-1.5887323943662057,12.0
9944201,pdc_no_clip_savgol,301,348.8930567736546,-21.973730375011655,0.40075234966670253,2.48,-15.988732394366192,12.0
9944201,pdc_no_clip_savgol,302,349.5789508293364,-73.54050704566362,0.723170206960267,4.08,80.01126760563382,12.0
9944201,pdc_clip_only,0,131.5841421,-120.56790764348534,60.0,3.9999999999999996,67.09859154929576,12.0
9944201,pdc_clip_only,1,132.39785028803163,11.842014673152335,1.4153228875307897,3.84,57.49859154929578,12.0
9944201,pdc_clip_only,2,133.11265325267286,1.8284153075683207,3.053425537387247,3.9999999999999996,67.09859154929576,12.0
9944201,pdc_clip_only,3,133.748710821,-121.57855475024462,60.0,2.88,-0.10140845070421456,12.0
9944201,pdc_clip_only,4,134.470233728,-121.9154371191371,60.0,3.5199999999999996,38.298591549295764,12.0
9944201,pdc_clip_only,5,135.27915032609494,3.59459568865077,2.163638110067683,2.7199999999999998,-9.701408450704223,12.0
9944201,pdc_clip_only,6,135.913279542,-122.5892018570039,60.0,5.6,163.09859154929578,12.0
9944201,pdc_clip_only,7,136.73001232344066,14.176134968647602,1.7962011014766988,3.6799999999999997,47.89859154929577,12.0
9944201,pdc_clip_only,8,137.356325356,-123.26296659478885,60.0,2.4,-28.901408450704213,12.0
9944201,pdc_clip_only,9,138.16256130360685,-1.6130704898887416,2.164203381005612,2.56,-19.301408450704205,12.0
9944201,pdc_clip_only,10,138.8873772156201,2.7919743602751623,1.924660006073371,4.239999999999999,81.49859154929575,12.0
9944201,pdc_clip_only,11,139.60956524849973,3.412873258057516,1.0065506573223961,3.84,57.49859154929578,12.0
9944201,pdc_clip_only,12,140.31217772165974,-24.155033840484066,3.0602409801035013,3.9999999999999996,67.09859154929576,12.0
9944201,pdc_clip_only,13,140.963939891,-124.94737843941493,60.0,2.7199999999999998,-9.701408450704223,12.0
9944201,pdc_clip_only,14,141.77711183269727,6.690349155760487,1.7147182711608167,3.76,52.69859154929578,12.0
9944201,pdc_clip_only,15,142.4950420921816,1.1800543642357297,2.1679019774703336,2.48,-24.10140845070421,12.0
9944201,pdc_clip_only,16,143.12850861200002,-125.95802554613329,60.0,2.56,-19.301408450704205,12.0
9944201,pdc_clip_only,17,143.9432481276829,7.937008588301069,2.1701866907784204,3.6799999999999997,47.89859154929577,12.0
9944201,pdc_clip_only,18,144.65897269828363,-0.7494781955347207,2.170481807326065,2.4,-28.901408450704213,12.0
9944201,pdc_clip_only,19,145.37520554350263,-8.70404952912395,2.169511942491024,2.4,-28.901408450704213,12.0
9944201,pdc_clip_only,20,146.10875889367136,8.282906264948906,2.105115313065555,3.5999999999999996,43.09859154929577,12.0
9944201,pdc_clip_only,21,146.82189865371186,-4.125707725647771,2.082799938238623,2.4,-28.901408450704213,12.0
9944201,pdc_clip_only,22,147.54289614034877,-5.219195417430456,2.1707228247475205,2.48,-24.10140845070421,12.0
9944201,pdc_clip_only,23,148.2728826478559,6.631506943940622,2.7868947995068165,2.4,-28.901408450704213,12.0
9944201,pdc_clip_only,24,148.9928198531281,4.011214087008739,2.173327510830224,2.4,-28.901408450704213,12.0
9944201,pdc_clip_only,25,149.70697783244572,-6.9311641445438,2.1737691286258842,2.48,-24.10140845070421,12.0
9944201,pdc_clip_only,26,150.43524239034917,2.4399307874909937,1.3063940789408481,2.4,-28.901408450704213,12.0
9944201,pdc_clip_only,27,151.15647301957173,1.6821684190745145,2.1743336922624903,3.5999999999999996,43.09859154929577,12.0
9944201,pdc_clip_only,28,151.87125183187396,-8.36621031462073,2.1734016589093264,2.4,-28.901408450704213,12.0
9944201,pdc_clip_only,29,152.758306403,229.66250365793712,60.0,2.4,-28.901408450704213,12.0
9944201,pdc_clip_only,30,153.32160368628442,1.4807231385884734,1.4080052371896552,3.6799999999999997,47.89859154929577,12.0
9944201,pdc_clip_only,31,154.03740075954525,-7.101359814719217,2.1766661607486486,2.4,-28.901408450704213,12.0
9944201,pdc_clip_only,32,154.75695698501855,-10.270263582115149,2.1754445291721987,3.4399999999999995,33.49859154929576,12.0
9944201,pdc_clip_only,33,155.50535239158464,28.08925342415023,2.177627768083778,2.4,-28.901408450704213,12.0
9944201,pdc_clip_only,34,156.2025087113137,-7.33551461490606,2.177331179931582,2.4,-28.901408450704213,12.0
9944201,pdc_clip_only,35,156.92128341601287,-11.629808297043382,2.176444461369444,2.4,-28.901408450704213,12.0
9944201,pdc_clip_only,36,157.65072229825205,-0.5676863215285266,2.131619220133721,2.4,-28.901408450704213,12.0
9944201,pdc_clip_only,37,158.38817313031558,22.031643401051042,1.8540299162338933,2.4,-28.901408450704213,12.0
9944201,pdc_clip_only,38,159.08858254419482,-8.708669061743421,2.177884144862156,2.4,-28.901408450704213,12.0
9944201,pdc_clip_only,39,159.81477191358738,-2.325845585405659,1.3144078248520454,2.4,-28.901408450704213,12.0
9944201,pdc_clip_only,40,160.53817662790377,0.04707458128905273,2.1788101651960368,3.36,28.698591549295784,12.0
9944201,pdc_clip_only,41,161.2542149113045,-8.187665770556123,2.180180068933572,2.4,-28.901408450704213,12.0
9944201,pdc_clip_only,42,161.888104194,-134.71696713799247,60.0,2.4,-28.901408450704213,12.0
9944201,pdc_clip_only,43,162.698689601,-6.803849506868573,2.642968070813084,2.4,-28.901408450704213,12.0
9944201,pdc_clip_only,45,164.05267291500002,-135.7276142446699,60.0,2.4,-28.901408450704213,12.0
9944201,pdc_clip_only,46,164.94264243806435,106.4986305190314,1.1786886224595738,3.92,62.298591549295786,12.0
9944201,pdc_clip_only,53,169.91411197091824,-9.894321313777255,2.191140409371493,3.5999999999999996,43.09859154929577,12.0
9944201,pdc_clip_only,54,170.607316578,-51.00955556495592,5.958794765349507,2.4,-28.901408450704213,12.0
9944201,pdc_clip_only,55,171.3854638250402,30.192611724000926,2.1989238824199226,2.4,-28.901408450704213,12.0
9944201,pdc_clip_only,56,172.12136218055286,50.556375213327556,2.200350544200682,2.4,-28.901408450704213,12.0
9944201,pdc_clip_only,57,172.79137128314562,-23.96038550200501,1.8329969850728756,2.4,-28.901408450704213,12.0
9944201,pdc_clip_only,58,173.52624587788023,-5.070837533075974,1.9041786883189278,2.4,-28.901408450704213,12.0
9944201,pdc_clip_only,59,174.2410783608244,-15.041930542429327,1.6759028374626435,4.08,71.8985915492958,12.0
9944201,pdc_clip_only,60,174.94710309903266,-37.696175971423145,3.1107468365081776,3.9999999999999996,67.09859154929576,12.0
9944201,pdc_clip_only,61,175.6978981400443,4.118814636417483,2.2994828718354827,2.4,-28.901408450704213,12.0
9944201,pdc_clip_only,62,176.318562334,-141.45461451629217,60.0,2.4,-28.901408450704213,12.0
9944201,pdc_clip_only,63,177.1104062004605,-40.52931526210159,3.107864404830663,2.48,-24.10140845070421,12.0
9944201,pdc_clip_only,64,177.84607131564988,-20.501417838281668,2.197650430727798,2.4,-28.901408450704213,12.0
9944201,pdc_clip_only,65,178.483131055,-142.46526162301052,60.0,2.88,-0.10140845070421456,12.0
9944201,pdc_clip_only,66,179.29437972443904,-13.597046079739812,2.1981802020734253,3.28,23.89859154929578,12.0
9944201,pdc_clip_only,67,180.0114954287612,-20.280300304721095,2.1976709575295788,2.4,-28.901408450704213,12.0
9944201,pdc_clip_only,68,180.7443600386648,-4.2851304924806755,2.198494629620856,2.4,-28.901408450704213,12.0
9944201,pdc_clip_only,69,181.49542840238956,37.923444822263264,3.712260975570631,4.08,71.8985915492958,12.0
9944201,pdc_clip_only,72,183.533791404,-144.82343820546248,60.0,2.4,-28.901408450704213,12.0
9944201,pdc_clip_only,73,184.3452927119354,-15.591423227388077,2.1857536364298813,2.6399999999999997,-14.501408450704227,12.0
9944201,pdc_clip_only,74,184.97683721800001,-145.49720294324743,60.0,3.84,57.49859154929578,12.0
9944201,pdc_clip_only,75,185.70427699929357,-137.31378632947326,3.4258810631575938,3.9999999999999996,67.09859154929576,12.0
9944201,pdc_clip_only,76,186.51015780979108,-16.175287661958464,2.1982343955172197,2.7199999999999998,-9.701408450704223,12.0
9944201,pdc_clip_only,77,187.22706367701173,-23.160707313131752,2.1987703434442794,2.4,-28.901408450704213,12.0
9944201,pdc_clip_only,78,187.99568044121932,44.317564696898444,2.2669471021043424,2.4,-28.901408450704213,12.0
9944201,pdc_clip_only,79,188.71234991993208,36.99174559432777,2.2002574464211007,2.4,-28.901408450704213,12.0
9944201,pdc_clip_only,80,189.3847694489478,-34.05400107194964,2.5116318195861855,3.9999999999999996,67.09859154929576,12.0
9944201,pdc_clip_only,81,190.1181352532157,-17.33711137504997,1.916278727337176,2.4,-28.901408450704213,12.0
9944201,pdc_clip_only,82,190.83964434170295,-17.693892402371603,2.2003215266803675,3.6799999999999997,47.89859154929577,12.0
9944201,pdc_clip_only,83,191.55714771650156,-23.818901141276,2.20046593295214,2.4,-28.901408450704213,12.0
9944201,pdc_clip_only,84,192.28736151739352,-11.640896305757451,3.7295798269492564,2.4,-28.901408450704213,12.0
9944201,pdc_clip_only,85,193.00494205360744,-17.654792606622323,1.7177927786650473,3.76,52.69859154929578,12.0
9944201,pdc_clip_only,86,193.72279992537176,-23.26932571494126,2.2008967681399287,2.4,-28.901408450704213,12.0
9944201,pdc_clip_only,87,194.45592741687324,-6.895606401717487,2.2008195230180427,2.4,-28.901408450704213,12.0
9944201,pdc_clip_only,88,195.17679193611468,-8.18056714298109,2.2006433462342967,3.36,28.698591549295784,12.0
9944201,pdc_clip_only,89,195.88721050721023,-24.50769321430016,2.200478750155673,2.4,-28.901408450704213,12.0
9944201,pdc_clip_only,90,196.6062213627453,-28.461929692716694,2.1996981012578516,2.4,-28.901408450704213,12.0
9944201,pdc_clip_only,91,197.3794604382933,45.672470647527916,2.2006454696657647,2.48,-24.10140845070421,12.0
9944201,pdc_clip_only,92,198.09628760806183,38.573726665295,2.200864588988051,2.4,-28.901408450704213,12.0
9944201,pdc_clip_only,93,198.7715071514961,-28.439999238285054,2.2002928187269863,2.56,-19.301408450704205,12.0
9944201,pdc_clip_only,94,199.5035519769366,-13.625319052935083,2.201352229407815,3.5199999999999996,38.298591549295764,12.0
9944201,pdc_clip_only,95,200.27112109903703,52.34434832279476,1.8752132798538725,3.84,57.49859154929578,12.0
9944201,pdc_clip_only,96,200.93970871564656,-24.219352208388045,2.2088738788765983,2.8,-4.901408450704219,12.0
9944201,pdc_clip_only,97,201.67227446520684,-8.65454129048885,2.2091338745623923,2.88,-0.10140845070421456,12.0
9944201,pdc_clip_only,98,202.38586290887568,-20.417050856262904,2.208788358617699,3.6799999999999997,47.89859154929577,12.0
9944201,pdc_clip_only,99,203.05709739300002,-93.16926216615684,2.6653419763815593,5.6,163.09859154929578,12.0
9944201,pdc_clip_only,100,203.83792500568634,-8.10736834675481,2.2091677221545662,2.7199999999999998,-9.701408450704223,12.0
9944201,pdc_clip_only,101,204.57067793372596,7.726979581348132,2.208809133120456,2.4,-28.901408450704213,12.0
9944201,pdc_clip_only,102,205.26828813612494,-27.044197413028996,2.2088643974249256,2.4,-28.901408450704213,12.0
9944201,pdc_clip_only,103,206.0032110649028,-8.085048421789907,2.208979764941412,2.8,-4.901408450704219,12.0
9944201,pdc_clip_only,104,206.79063762582783,86.47933086132525,1.3111565902313496,2.4,-28.901408450704213,12.0
9944201,pdc_clip_only,105,207.4335107061359,-27.11330194394577,2.2075690080630848,2.4,-28.901408450704213,12.0
9944201,pdc_clip_only,106,208.15996016865532,-20.355944364937386,1.8262336279177025,2.4,-28.901408450704213,12.0
9944201,pdc_clip_only,107,208.88468906184502,-16.07620662066438,2.207787422405533,2.4,-28.901408450704213,12.0
9944201,pdc_clip_only,108,209.62319387100985,8.040850127736121,2.207833072347752,2.4,-28.901408450704213,12.0
9944201,pdc_clip_only,109,210.35345770271132,20.29089932896113,2.2078205124579777,2.4,-28.901408450704213,12.0
9944201,pdc_clip_only,110,211.04820430727545,-18.603858547594427,2.2078285000005473,2.4,-28.901408450704213,12.0
9944201,pdc_clip_only,111,211.75415226369697,-41.36866974952227,1.3262952325037634,2.4,-28.901408450704213,12.0
9944201,pdc_clip_only,112,212.4830227332283,-31.1250620733108,2.2070805508067326,2.4,-28.901408450704213,12.0
9944201,pdc_clip_only,113,213.21510997006152,-16.24930948241399,2.2075255602034294,2.4,-28.901408450704213,12.0
9944201,pdc_clip_only,114,213.92969508387665,-26.576614037567197,2.207302005623967,2.4,-28.901408450704213,12.0
9944201,pdc_clip_only,115,214.64462516043756,-36.40717223876891,2.207350574944959,3.4399999999999995,33.49859154929576,12.0
9944201,pdc_clip_only,116,215.38303993708075,-12.419762321469534,2.2078077663409124,2.6399999999999997,-14.501408450704227,12.0
9944201,pdc_clip_only,117,216.0976882695633,-22.65603199551606,2.2079596856688415,3.5199999999999996,38.298591549295764,12.0
9944201,pdc_clip_only,118,216.81353822981006,-31.161957689068913,2.2080814009943355,2.4,-28.901408450704213,12.0
9944201,pdc_clip_only,119,217.54618003090303,-15.487632564140767,2.298793559269433,2.4,-28.901408450704213,12.0
9944201,pdc_clip_only,120,218.25790602756518,-29.932065819543823,1.3957140697077428,3.9999999999999996,67.09859154929576,12.0
9944201,pdc_clip_only,121,218.98284915470424,-25.34383118824735,2.2068598340903183,2.6399999999999997,-14.501408450704227,12.0
9944201,pdc_clip_only,122,219.71541036964007,-9.785550129558942,2.2072107723015817,2.7199999999999998,-9.701408450704223,12.0
9944201,pdc_clip_only,123,220.4842676787169,58.0391064921605,2.0664160687005233,3.28,23.89859154929578,12.0
9944201,pdc_clip_only,124,221.14521923260918,-29.52052435184669,2.2075119614013294,2.48,-24.10140845070421,12.0
9944201,pdc_clip_only,125,221.88108707504807,-9.200699688744862,2.2076839141404245,2.56,-19.301408450704205,12.0
9944201,pdc_clip_only,126,222.596895197219,-17.766872211554983,2.2073475952777466,2.96,4.69859154929579,12.0
9944201,pdc_clip_only,127,223.30015119561094,-44.40810297606731,3.423590562345094,2.4,-28.901408450704213,12.0
9944201,pdc_clip_only,128,224.04504462331005,-11.09143553829199,2.207169257088048,2.4,-28.901408450704213,12.0
9944201,pdc_clip_only,129,224.76128208944223,-19.03935275684944,2.20675028498702,2.8,-4.901408450704219,12.0
9944201,pdc_clip_only,130,225.53975235839042,62.62796607963082,2.2069719142211204,2.4,-28.901408450704213,12.0
9944201,pdc_clip_only,131,226.21291319412225,-7.350298915430358,2.2067872278863803,2.56,-19.301408450704205,12.0
9944201,pdc_clip_only,132,226.92961902588476,-14.62376962631879,2.2062804911914227,2.7199999999999998,-9.701408450704223,12.0
9944201,pdc_clip_only,133,227.64127762602132,-29.165253878618387,2.206032774526513,3.6799999999999997,47.89859154929577,12.0
9944201,pdc_clip_only,134,228.35801209669816,-36.39748455291283,2.205819315789623,2.4,-28.901408450704213,12.0
9944201,pdc_clip_only,135,229.13471834034868,42.7296378549363,2.2063963421393202,2.88,-0.10140845070421456,12.0
9944201,pdc_clip_only,136,229.80985805153634,-24.399046483745224,2.206337651377418,3.1199999999999997,14.298591549295772,12.0
9944201,pdc_clip_only,138,231.154303266,-167.05767455388013,60.0,,,
9944201,pdc_clip_only,139,231.97502210086424,-24.5524207983226,2.203625286333926,3.6799999999999997,47.89859154929577,12.0
9944201,pdc_clip_only,140,232.72916213478274,22.079359595418282,2.2074345194675424,2.4,-28.901408450704213,12.0
9944201,pdc_clip_only,141,233.4666002784257,44.66041799231789,2.209637774372632,2.88,-0.10140845070421456,12.0
9944201,pdc_clip_only,142,234.14201708609048,-22.06924741929015,2.210263043697675,2.8,-4.901408450704219,12.0
9944201,pdc_clip_only,143,234.85273320673176,-37.96790214475095,2.210903910869132,2.4,-28.901408450704213,12.0
9944201,pdc_clip_only,144,235.5916108505281,-13.313963526920816,2.2114899025738715,2.4,-28.901408450704213,12.0
9944201,pdc_clip_only,145,236.29583032767408,-38.56778488560849,1.7635512737728332,2.4,-28.901408450704213,12.0
9944201,pdc_clip_only,146,237.02228502005394,-31.802896307553965,2.2116628043543436,3.5199999999999996,38.298591549295764,12.0
9944201,pdc_clip_only,147,237.80633566924465,57.9001700781555,1.133774308605901,3.9999999999999996,67.09859154929576,12.0
9944201,pdc_clip_only,148,238.47366420546032,-20.476606220213398,2.2112017674424482,2.88,-0.10140845070421456,12.0
9944201,pdc_clip_only,149,239.186421959288,-33.4353091572666,2.211215785103529,3.5999999999999996,43.09859154929577,12.0
9944201,pdc_clip_only,150,239.90307502465822,-40.78476347304786,2.210968041067731,2.48,-24.10140845070421,12.0
9944201,pdc_clip_only,151,240.67507393526762,31.563799355581068,2.2104874219939883,2.4,-28.901408450704213,12.0
9944201,pdc_clip_only,152,241.3741418481939,-1.1082744794975952,2.210906907405794,2.4,-28.901408450704213,12.0
9944201,pdc_clip_only,153,242.13727995214117,58.48072675564708,1.3961930620225638,3.92,62.298591549295786,12.0
9944201,pdc_clip_only,154,242.80691585197786,-16.573445928461297,2.211276472328682,2.4,-28.901408450704213,12.0
9944201,pdc_clip_only,155,243.54068394081153,0.7227335431207393,2.211773332567541,2.4,-28.901408450704213,12.0
9944201,pdc_clip_only,156,244.3052126046557,62.314141029828534,1.5268067991537748,2.4,-28.901408450704213,12.0
9944201,pdc_clip_only,157,245.001637408716,25.83599042773585,1.6598147177779154,2.4,-28.901408450704213,12.0
9944201,pdc_clip_only,158,245.6842558489915,-30.523324024420617,2.21174476124093,2.4,-28.901408450704213,12.0
9944201,pdc_clip_only,159,246.4010797591101,-37.62676190259299,2.219324275119367,3.5199999999999996,38.298591549295764,12.0
9944201,pdc_clip_only,160,247.13774340851162,-16.1609752133063,2.217419520148704,2.6399999999999997,-14.501408450704227,12.0
9944201,pdc_clip_only,161,247.84018371312078,-43.97680502506773,1.7311231077195177,3.84,57.49859154929578,12.0
9944201,pdc_clip_only,162,248.5772726595646,-21.898590594851157,1.6347446390748257,2.4,-28.901408450704213,12.0
9944201,pdc_clip_only,163,249.28083733077938,-48.09533249449487,2.2195430955865985,2.4,-28.901408450704213,12.0
9944201,pdc_clip_only,164,250.03920444241058,4.6234398055321435,2.2196716435572603,2.4,-28.901408450704213,12.0
9944201,pdc_clip_only,165,250.80885925500002,73.59650148541732,2.937695905747803,2.4,-28.901408450704213,12.0
9944201,pdc_clip_only,166,251.46773652944307,-16.95009176552503,2.219581826168073,2.4,-28.901408450704213,12.0
9944201,pdc_clip_only,167,252.2023797876512,1.606331605289597,2.219438080229536,2.4,-28.901408450704213,12.0
9944201,pdc_clip_only,168,252.92220220107038,-1.179261520055661,2.218856349549564,2.4,-28.901408450704213,12.0
9944201,pdc_clip_only,169,253.65416764396144,13.521107794176714,2.218914215161763,2.4,-28.901408450704213,12.0
9944201,pdc_clip_only,170,254.4067276929361,57.877709868780585,3.1120066666541772,3.9999999999999996,67.09859154929576,12.0
9944201,pdc_clip_only,171,255.06588714265902,-32.262550979116895,2.219455636817597,2.8,-4.901408450704219,12.0
9944201,pdc_clip_only,173,256.51324328718385,-26.72943976116585,2.2195310802727826,2.4,-28.901408450704213,12.0
9944201,pdc_clip_only,174,257.27223870324093,26.894090912037427,2.219551319454829,2.4,-28.901408450704213,12.0
9944201,pdc_clip_only,175,257.9396581649978,-51.35175260696087,1.4516101674094763,2.4,-28.901408450704213,12.0
9944201,pdc_clip_only,178,260.015219546,-180.53296931047953,60.0,,,
9944201,pdc_clip_only,179,260.84748400980186,-21.4020098848232,2.1099916152557223,2.56,-19.301408450704205,12.0
9944201,pdc_clip_only,180,261.54366167584186,-58.236039236044235,2.9832039639951624,3.9999999999999996,67.09859154929576,12.0
9944201,pdc_clip_only,181,262.27439762221104,-45.30614491341112,1.7673215570201943,3.76,52.69859154929578,12.0
9944201,pdc_clip_only,182,263.016256552053,-16.35915438990196,2.1114224375409942,2.4,-28.901408450704213,12.0
9944201,pdc_clip_only,183,263.72685231130714,-32.43112951283365,2.1118205665869256,2.4,-28.901408450704213,12.0
9944201,pdc_clip_only,184,264.44286093336586,-40.70858219717593,2.112544881472139,2.96,4.69859154929579,12.0
9944201,pdc_clip_only,185,265.225782781352,47.36901045394916,1.6349045050303281,3.92,62.298591549295786,12.0
9944201,pdc_clip_only,186,265.8939567711835,-29.79031263763318,2.1136012281876666,2.4,-28.901408450704213,12.0
9944201,pdc_clip_only,187,266.63044070279466,-8.583319566423597,2.113670273854315,2.48,-24.10140845070421,12.0
9944201,pdc_clip_only,188,267.400761116,61.348207000301045,4.872496857303229,2.4,-28.901408450704213,12.0
9944201,pdc_clip_only,189,268.1004610670553,29.586268070979713,2.114153106905266,2.88,-0.10140845070421456,12.0
9944201,pdc_clip_only,190,268.8174552983652,22.728092708348413,2.114269119977144,2.4,-28.901408450704213,12.0
9944201,pdc_clip_only,191,269.50134082661765,-31.806615057012095,1.7415314450025812,2.6399999999999997,-14.501408450704227,12.0
9944201,pdc_clip_only,192,270.2277005587448,-25.17846924281912,2.113801922442364,2.4,-28.901408450704213,12.0
9944201,pdc_clip_only,193,270.9627398707265,-6.051728438123973,2.1134541616326348,2.4,-28.901408450704213,12.0
9944201,pdc_clip_only,194,271.55958605800004,-185.92308721308655,60.0,2.4,-28.901408450704213,12.0
9944201,pdc_clip_only,195,272.41269647878926,3.226050274406589,2.112362396383163,2.4,-28.901408450704213,12.0
9944201,pdc_clip_only,196,273.148658297814,23.681201221124866,2.1135847751623364,2.6399999999999997,-14.501408450704227,12.0
9944201,pdc_clip_only,197,273.8225139119052,-45.2965829364166,2.1122513461691286,3.28,23.89859154929578,12.0
9944201,pdc_clip_only,198,274.57673800450175,1.4562419536014204,2.1124752375691456,2.48,-24.10140845070421,12.0
9944201,pdc_clip_only,199,275.31343659123377,22.972338398885768,2.1131462554237013,2.8,-4.901408450704219,12.0
9944201,pdc_clip_only,200,275.9865800389133,-47.030965391568316,2.1129725405222515,3.04,9.498591549295794,12.0
9944201,pdc_clip_only,201,276.74587676132415,7.026446431236764,2.112567743402242,2.48,-24.10140845070421,12.0
9944201,pdc_clip_only,202,277.4408275082695,-31.574346416482513,2.1128179374263008,2.6399999999999997,-14.501408450704227,12.0
9944201,pdc_clip_only,203,278.17507169897954,-13.59258024290284,2.112747312548589,2.48,-24.10140845070421,12.0
9944201,pdc_clip_only,204,278.8605407503649,-65.8470146968557,2.0681200004591034,2.4,-28.901408450704213,12.0
9944201,pdc_clip_only,205,279.64715526150474,27.54801289549505,2.1128109397746866,2.96,4.69859154929579,12.0
9944201,pdc_clip_only,206,280.3600754515344,14.82321808936831,2.1127431697680294,2.7199999999999998,-9.701408450704223,12.0
9944201,pdc_clip_only,208,281.8112899699481,25.91238770725795,2.112785174859776,2.4,-28.901408450704213,12.0
9944201,pdc_clip_only,209,282.485899583359,-41.97963742995853,2.1124814393959817,2.8,-4.901408450704219,12.0
9944201,pdc_clip_only,210,283.202036375037,-50.07252586258801,2.112799607509858,3.28,23.89859154929578,12.0
9944201,pdc_clip_only,211,283.97872391675935,29.02766576871727,2.1127014438625284,3.5999999999999996,43.09859154929577,12.0
9944201,pdc_clip_only,212,284.69504839493635,21.20504589461234,2.1132510260563095,2.4,-28.901408450704213,12.0
9944201,pdc_clip_only,213,285.37256371874213,-42.502756273888735,2.112624136727829,3.28,23.89859154929578,12.0
9944201,pdc_clip_only,214,286.14885507940977,36.02693463853029,1.991078600272941,2.4,-28.901408450704213,12.0
9944201,pdc_clip_only,215,286.8674581380499,31.48547063145088,1.4327756606367992,2.4,-28.901408450704213,12.0
9944201,pdc_clip_only,216,287.5323090303757,-50.45911286833871,2.112513476494365,3.04,9.498591549295794,12.0
9944201,pdc_clip_only,217,288.2905152618435,2.027991996383207,2.112895592465834,2.48,-24.10140845070421,12.0
9944201,pdc_clip_only,218,289.0260948626027,21.932748640720092,2.1123711947504265,2.88,-0.10140845070421456,12.0
9944201,pdc_clip_only,219,289.7230955138447,-13.716182019734333,2.112651929709842,2.4,-28.901408450704213,12.0
9944201,pdc_clip_only,220,290.4764425614053,31.77369801866007,2.111402821701996,2.4,-28.901408450704213,12.0
9944201,pdc_clip_only,222,291.8697981966511,-40.45392412524052,2.1114924581940984,3.36,28.698591549295784,12.0
9944201,pdc_clip_only,223,292.6422239865621,32.509344897671326,2.1117046968277777,2.48,-24.10140845070421,12.0
9944201,pdc_clip_only,224,293.3566455626431,21.946546005419805,2.111919357868658,3.1999999999999997,19.098591549295776,12.0
9944201,pdc_clip_only,225,294.0849645611222,31.396035366415163,2.051958999624529,3.92,62.298591549295786,12.0
9944201,pdc_clip_only,226,294.8068025060201,31.51280757042514,2.1116010594886427,2.6399999999999997,-14.501408450704227,12.0
9944201,pdc_clip_only,227,295.5240176817262,24.972792138369186,2.111681945681549,3.5999999999999996,43.09859154929577,12.0
9944201,pdc_clip_only,228,296.2364827734185,11.592655726308294,2.1114912069115146,2.8,-4.901408450704219,12.0
9944201,pdc_clip_only,229,296.9721617275678,31.64048125240697,2.111301457120226,2.4,-28.901408450704213,12.0
9944201,pdc_clip_only,230,297.6911584212095,27.665851647489035,2.110725398787915,3.6799999999999997,47.89859154929577,12.0
9944201,pdc_clip_only,231,298.4017326629642,11.562891325393139,2.110502131691579,2.8,-4.901408450704219,12.0
9944201,pdc_clip_only,232,299.09994116886793,-22.346728622151204,2.1108987551779683,2.48,-24.10140845070421,12.0
9944201,pdc_clip_only,233,299.85670664331496,28.065686132595147,2.110848459187113,2.56,-19.301408450704205,12.0
9944201,pdc_clip_only,234,300.5716240349992,18.21686170909743,2.1107604739714234,3.04,9.498591549295794,12.0
9944201,pdc_clip_only,235,301.2956018881209,21.415101755374053,1.5284109727122421,2.4,-28.901408450704213,12.0
9944201,pdc_clip_only,236,302.01869313282515,23.336625680549332,2.1103166695458615,2.6399999999999997,-14.501408450704227,12.0
9944201,pdc_clip_only,237,302.7358971282721,16.780510675234837,2.1106346529659477,3.04,9.498591549295794,12.0
9944201,pdc_clip_only,238,303.45152812372345,7.959275676212201,2.1104579736835647,2.8,-4.901408450704219,12.0
9944201,pdc_clip_only,239,304.18833623167416,29.633082676409686,2.109906803655659,2.48,-24.10140845070421,12.0
9944201,pdc_clip_only,240,304.9043238578587,21.325395933145046,2.109611402405657,3.6799999999999997,47.89859154929577,12.0
9944201,pdc_clip_only,241,305.614990305102,5.355211514734037,2.110345239760468,2.7199999999999998,-9.701408450704223,12.0
9944201,pdc_clip_only,242,306.35077901287434,25.561082257881935,2.1104577284075425,2.8,-4.901408450704219,12.0
9944201,pdc_clip_only,243,307.0668873337705,17.427195899481376,2.1096728401756395,3.5999999999999996,43.09859154929577,12.0
9944201,pdc_clip_only,244,307.7828190488141,9.03899711329359,2.109925611195876,2.88,-0.10140845070421456,12.0
9944201,pdc_clip_only,245,308.5174719024114,27.609237844435484,2.109516433634254,2.48,-24.10140845070421,12.0
9944201,pdc_clip_only,246,309.23326113344245,19.015862080350416,2.109509278784206,3.5999999999999996,43.09859154929577,12.0
9944201,pdc_clip_only,247,309.94663614062637,6.9460039761997905,2.108934743902517,2.88,-0.10140845070421456,12.0
9944201,pdc_clip_only,248,310.664026413106,0.6581278979683702,2.108603536406159,2.6399999999999997,-14.501408450704227,12.0
9944201,pdc_clip_only,249,311.37993366230825,-7.765301699701013,2.1078684152600404,2.56,-19.301408450704205,12.0
9944201,pdc_clip_only,250,312.11484003426915,11.170005475096332,2.1082346064799276,3.5999999999999996,43.09859154929577,12.0
9944201,pdc_clip_only,251,312.81467204991975,-20.401760436943732,2.099170830893909,2.4,-28.901408450704213,12.0
9944201,pdc_clip_only,252,313.5665867133726,23.025486486176305,2.1076173524826727,2.56,-19.301408450704205,12.0
9944201,pdc_clip_only,253,314.2818965017393,13.741713285417063,2.1074589828278922,3.5999999999999996,43.09859154929577,12.0
9944201,pdc_clip_only,254,314.99495196085917,1.2117059690262977,2.106792289150199,2.96,4.69859154929579,12.0
9944201,pdc_clip_only,255,315.7337557633173,25.759313059797933,2.10647695552688,2.56,-19.301408450704205,12.0
9944201,pdc_clip_only,256,316.44643761835454,12.691315864549324,2.1067589244045473,3.5999999999999996,43.09859154929577,12.0
9944201,pdc_clip_only,257,317.16148372122336,3.0278355467544316,2.1071943265247755,2.88,-0.10140845070421456,12.0
9944201,pdc_clip_only,258,317.87503644372725,-8.786112496545684,2.107134343316506,2.7199999999999998,-9.701408450704223,12.0
9944201,pdc_clip_only,259,318.59504706637733,-11.300684329416981,2.107175191217985,2.48,-24.10140845070421,12.0
9944201,pdc_clip_only,260,319.32973393363983,7.318536079756086,2.1074069898300296,2.96,4.69859154929579,12.0
9944201,pdc_clip_only,261,320.0630355066601,23.942932780000774,2.1076697741556956,2.6399999999999997,-14.501408450704227,12.0
9944201,pdc_clip_only,262,320.77792157953115,14.04900926537266,2.1080040672325002,3.6799999999999997,47.89859154929577,12.0
9944201,pdc_clip_only,263,321.4996503574838,14.008581068283092,2.480980397175528,3.9999999999999996,67.09859154929576,12.0
9944201,pdc_clip_only,266,323.6617355701165,9.421681912563145,2.1004376817215675,3.5999999999999996,43.09859154929577,12.0
9944201,pdc_clip_only,267,324.38981781495465,18.530246030695707,2.097702257385766,3.84,57.49859154929578,12.0
9944201,pdc_clip_only,268,325.10860297201316,14.25100374595786,2.1013188623376116,2.7199999999999998,-9.701408450704223,12.0
9944201,pdc_clip_only,269,325.8263582618674,8.48875268719894,2.1037622031889747,3.6799999999999997,47.89859154929577,12.0
9944201,pdc_clip_only,270,326.5415738965437,-0.9306018278766715,2.1045255392982205,2.8,-4.901408450704219,12.0
9944201,pdc_clip_only,271,327.27784725933236,19.973172138816153,2.1051285197493383,2.48,-24.10140845070421,12.0
9944201,pdc_clip_only,272,327.9924266617992,9.637643242222111,2.105554562503243,3.6799999999999997,47.89859154929577,12.0
9944201,pdc_clip_only,273,328.70507617557195,-3.4769253739887063,2.105623073155867,2.88,-0.10140845070421456,12.0
9944201,pdc_clip_only,274,329.41997248632975,-13.35610633156648,2.1065922691927823,2.8,-4.901408450704219,12.0
9944201,pdc_clip_only,275,330.15541984645506,6.358223799888947,2.107060960685726,3.4399999999999995,33.49859154929576,12.0
9944201,pdc_clip_only,276,330.8717674589433,-1.4310826659766462,2.107623194142504,2.8,-4.901408450704219,12.0
9944201,pdc_clip_only,277,331.60587206353443,16.349679496379395,2.1073425012674996,2.8,-4.901408450704219,12.0
9944201,pdc_clip_only,278,332.32359250364834,10.53724481142126,2.107765792443114,2.56,-19.301408450704205,12.0
9944201,pdc_clip_only,279,333.0413257855715,4.743302331908126,2.0213336016081334,3.76,52.69859154929578,12.0
9944201,pdc_clip_only,280,333.768030336028,11.867986540328275,2.9289329631460554,3.9999999999999996,67.09859154929576,12.0
9944201,pdc_clip_only,281,334.48933969409654,11.22359371011953,2.109033597673554,2.56,-19.301408450704205,12.0
9944201,pdc_clip_only,282,335.18403997594135,-27.73786888226823,2.1086525172308193,2.6399999999999997,-14.501408450704227,12.0
9944201,pdc_clip_only,283,335.92052658132087,-6.527025584655348,2.108894078787569,2.88,-0.10140845070421456,12.0
9944201,pdc_clip_only,284,336.6537873155603,10.038563271209568,2.1081921756570607,2.88,-0.10140845070421456,12.0
9944201,pdc_clip_only,285,337.33156434968254,-53.29237604174523,2.1086915138379108,2.6399999999999997,-14.501408450704227,12.0
9944201,pdc_clip_only,286,338.09537180360263,7.26048915436877,3.151617183763186,3.92,62.298591549295786,12.0
9944201,pdc_clip_only,287,338.81952605284283,10.7127396112719,2.1086706285590666,2.6399999999999997,-14.501408450704227,12.0
9944201,pdc_clip_only,288,339.5364835719893,3.8016987333139696,2.1089052129317967,3.6799999999999997,47.89859154929577,12.0
9944201,pdc_clip_only,289,340.2512848154484,-6.214379134517003,2.108566646230478,2.96,4.69859154929579,12.0
9944201,pdc_clip_only,290,340.98470116414984,10.575294546652003,2.1086293547151174,2.7199999999999998,-9.701408450704223,12.0
9944201,pdc_clip_only,291,341.700403097247,1.856209757625038,2.108797818020892,3.5999999999999996,43.09859154929577,12.0
9944201,pdc_clip_only,292,342.3966978469356,-34.80921913976999,2.1089618830189054,2.7199999999999998,-9.701408450704223,12.0
9944201,pdc_clip_only,293,343.131230388721,-16.412227417577014,2.1094745726075446,2.7199999999999998,-9.701408450704223,12.0
9944201,pdc_clip_only,294,343.8682606324514,5.581455105175337,2.1089230504935372,2.56,-19.301408450704205,12.0
9944201,pdc_clip_only,295,344.5620264350937,-34.72565753881099,2.1089275382273636,2.56,-19.301408450704205,12.0
9944201,pdc_clip_only,296,345.30911523825193,1.7523505601639044,4.906476059227681,4.08,71.8985915492958,12.0
9944201,pdc_clip_only,297,346.01171124029867,-25.839274941445183,2.1088715830452736,2.6399999999999997,-14.501408450704227,12.0
9944201,pdc_clip_only,298,346.723916674859,-39.593317623430266,2.1761192234204425,2.7199999999999998,-9.701408450704223,12.0
9944201,pdc_clip_only,299,347.46429541805475,-12.777795870579212,2.10828402872211,2.7199999999999998,-9.701408450704223,12.0
9944201,pdc_clip_only,300,348.1997913556444,7.0064858096702665,2.108168631840437,2.48,-24.10140845070421,12.0
9944201,pdc_clip_only,301,348.89427580485716,-32.26577577291209,2.107808337634619,2.8,-4.901408450704219,12.0
9944201,pdc_clip_only,302,349.57864268253803,-86.10734036135909,4.008449877203915,4.08,71.8985915492958,12.0
9944201,pdc_masked_default_duration,0,131.6665057295979,-12.532753141676949,0.4011041927218949,2.88,7.301408450704248,12.0
9944201,pdc_masked_default_duration,1,132.40085371578397,5.6723750684659535,0.4010072634935037,2.6399999999999997,-7.098591549295765,12.0
9944201,pdc_masked_default_duration,2,133.13584640612524,24.805877262147078,0.4009052476001368,2.4,-21.498591549295753,12.0
9944201,pdc_masked_default_duration,3,133.85106084437265,15.458696440632593,0.4012082878029004,2.4,-21.498591549295753,12.0
9944201,pdc_masked_default_duration,4,134.5664048915915,6.298152537983697,0.4012916614187838,2.4,-21.498591549295753,12.0
9944201,pdc_masked_default_duration,5,135.28218053662386,-2.2408905132215295,0.4016038346449448,2.7199999999999998,-2.298591549295761,12.0
9944201,pdc_masked_default_duration,6,135.99843179290184,-10.095053370673668,0.4017487650648403,2.8,2.5014084507042433,12.0
9944201,pdc_masked_default_duration,7,136.7331370341102,8.624522071572756,0.4016192629863722,2.56,-11.898591549295743,12.0
9944201,pdc_masked_default_duration,8,137.43390025985747,-21.532404750155365,0.38483123940731595,3.76,60.10140845070424,12.0
9944201,pdc_masked_default_duration,9,138.16373763130963,-9.822561756791401,0.40179594644997235,2.8,2.5014084507042433,12.0
9944201,pdc_masked_default_duration,10,138.88086879202825,-16.409662219766687,0.40142334575159716,3.5199999999999996,45.70140845070423,12.0
9944201,pdc_masked_default_duration,11,139.6133352370972,-0.9139532182689436,0.4016607840833699,2.6399999999999997,-7.098591549295765,12.0
9944201,pdc_masked_default_duration,12,140.31797583676922,-25.487461588354563,0.36524872893611965,3.92,69.70140845070425,12.0
9944201,pdc_masked_default_duration,13,141.06450497614523,10.258527215346476,0.40202573363972344,2.4,-21.498591549295753,12.0
9944201,pdc_masked_default_duration,14,141.78018307628275,1.5790195155886977,0.40188203268243455,2.6399999999999997,-7.098591549295765,12.0
9944201,pdc_masked_default_duration,15,142.49595302600852,-6.968224777097021,0.40201656584170903,2.7199999999999998,-2.298591549295761,12.0
9944201,pdc_masked_default_duration,16,143.29106597228323,98.73844596073923,0.40251127178130597,3.1999999999999997,26.50140845070424,12.0
9944201,pdc_masked_default_duration,17,143.9464489132609,3.233909070777372,0.4024349438068014,2.56,-11.898591549295743,12.0
9944201,pdc_masked_default_duration,18,144.66165920846078,-6.119237739185337,0.4025389167986065,2.7199999999999998,-2.298591549295761,12.0
9944201,pdc_masked_default_duration,19,145.4375294363851,71.87791857403681,0.4024180026977578,2.48,-16.69859154929575,12.0
9944201,pdc_masked_default_duration,20,146.11208541697627,3.9825587275845464,0.4025380423485247,2.56,-11.898591549295743,12.0
9944201,pdc_masked_default_duration,21,146.82692767804213,-5.900557235377164,0.40252868633322797,2.7199999999999998,-2.298591549295761,12.0
9944201,pdc_masked_default_duration,22,147.5434367860906,-13.383413543351708,0.4025199305060278,2.8,2.5014084507042433,12.0
9944201,pdc_masked_default_duration,23,148.2780089541065,5.144536501775292,0.40280740163913376,2.56,-11.898591549295743,12.0
9944201,pdc_masked_default_duration,24,148.99387422906426,-3.2654394568362477,0.40282194017376277,2.48,-16.69859154929575,12.0
9944201,pdc_masked_default_duration,25,149.70888473332323,-12.906285221711187,0.40294379654514495,2.8,2.5014084507042433,12.0
9944201,pdc_masked_default_duration,26,150.44416152010803,6.636315850601022,0.4027806764640627,2.4,-21.498591549295753,12.0
9944201,pdc_masked_default_duration,27,151.15941013546384,-2.6616499347710487,0.4028652602876181,2.6399999999999997,-7.098591549295765,12.0
9944201,pdc_masked_default_duration,28,151.87457254165986,-12.083756910301418,0.40279202067560715,2.48,-16.69859154929575,12.0
9944201,pdc_masked_default_duration,29,152.758306403,221.23703152171856,60.0,2.4,-21.498591549295753,12.0
9944201,pdc_masked_default_duration,30,153.32533216339337,-1.5018454095888956,0.40266448124969556,2.6399999999999997,-7.098591549295765,12.0
9944201,pdc_masked_default_duration,31,154.04071768162544,-10.602671053202357,0.4032401470611618,2.8,2.5014084507042433,12.0
9944201,pdc_masked_default_duration,32,154.75650175818353,-19.12957270733841,0.4030817278303431,3.36,36.10140845070425,12.0
9944201,pdc_masked_default_duration,33,155.51114351153421,28.298580219852738,0.40346722761123205,2.4,-21.498591549295753,12.0
9944201,pdc_masked_default_duration,34,156.20649215355323,-9.655347170560162,0.4034328833201001,2.7199999999999998,-2.298591549295761,12.0
9944201,pdc_masked_default_duration,35,156.92254061376684,-17.80153636070736,0.40318385067871143,2.88,7.301408450704248,12.0
9944201,pdc_masked_default_duration,36,157.65710228965554,0.7113050212274175,0.4035034337618905,2.4,-21.498591549295753,12.0
9944201,pdc_masked_default_duration,37,158.39272713213182,20.755106289284413,0.4031807428197424,2.4,-21.498591549295753,12.0
9944201,pdc_masked_default_duration,38,159.08868380634382,-16.323254743188045,0.4032850804158371,2.8,2.5014084507042433,12.0
9944201,pdc_masked_default_duration,39,159.82333177319995,2.313845631847471,0.40337137245362914,2.4,-21.498591549295753,12.0
9944201,pdc_masked_default_duration,40,160.53945927506888,-5.718523574691972,0.4032891575911788,2.6399999999999997,-7.098591549295765,12.0
9944201,pdc_masked_default_duration,41,161.2545826202964,-15.19687834486831,0.40378200896062916,3.1999999999999997,26.50140845070424,12.0
9944201,pdc_masked_default_duration,42,161.9638951709126,-33.04277735528558,0.3944955237472976,3.92,69.70140845070425,12.0
9944201,pdc_masked_default_duration,43,162.6953033514738,-19.070969244944536,0.6024167556212192,3.9999999999999996,74.50140845070423,12.0
9944201,pdc_masked_default_duration,45,164.05267291500002,-142.97074156273084,60.0,2.4,-21.498591549295753,12.0
9944201,pdc_masked_default_duration,46,165.02419582200002,216.76627261948852,60.0,2.4,-21.498591549295753,12.0
9944201,pdc_masked_default_duration,53,169.9180473107854,-10.87938681403557,0.4055510129179934,2.6399999999999997,-7.098591549295765,12.0
9944201,pdc_masked_default_duration,54,170.62079467278429,-38.17915743342837,0.5194169213621141,3.9999999999999996,74.50140845070423,12.0
9944201,pdc_masked_default_duration,55,171.3888847884163,28.614637178889097,0.4069396992378855,2.4,-21.498591549295753,12.0
9944201,pdc_masked_default_duration,56,172.1248972619533,49.216627174400855,0.4075427999635807,2.4,-21.498591549295753,12.0
9944201,pdc_masked_default_duration,57,172.79806266699742,-20.68116145984277,0.4077789330633067,2.8,2.5014084507042433,12.0
9944201,pdc_masked_default_duration,58,173.534713202544,0.8396378294310125,0.4078723379911354,2.4,-21.498591549295753,12.0
9944201,pdc_masked_default_duration,59,174.23339035573818,-32.321233468696846,0.4078067230143376,3.5999999999999996,50.50140845070423,12.0
9944201,pdc_masked_default_duration,60,174.95453147763735,-33.13398983169009,0.46812074721016145,2.4,-21.498591549295753,12.0
9944201,pdc_masked_default_duration,61,175.70102579258077,2.5618517890416115,0.4079889892507679,2.48,-16.69859154929575,12.0
9944201,pdc_masked_default_duration,62,176.41580507078714,-7.41195949156463,0.40815021982699995,2.4,-21.498591549295753,12.0
9944201,pdc_masked_default_duration,63,177.13086560093257,-16.980767979907796,0.40782486156408043,2.7199999999999998,-2.298591549295761,12.0
9944201,pdc_masked_default_duration,64,177.86748717479824,4.498326488874227,0.40779995198406227,2.48,-16.69859154929575,12.0
9944201,pdc_masked_default_duration,65,178.58186984306275,-6.046603108029558,0.4077997057864312,2.4,-21.498591549295753,12.0
9944201,pdc_masked_default_duration,66,179.29715455286222,-15.29259289453421,0.40762953296681315,2.96,12.101408450704252,12.0
9944201,pdc_masked_default_duration,67,180.0127472357266,-24.095101467614768,0.4075556255141183,2.8,2.5014084507042433,12.0
9944201,pdc_masked_default_duration,68,180.74764500748105,-5.098282039002697,0.40714227855952384,2.56,-11.898591549295743,12.0
9944201,pdc_masked_default_duration,69,181.49566556581294,32.79535006112383,0.6675782207420762,3.9999999999999996,74.50140845070423,12.0
9944201,pdc_masked_default_duration,72,183.533791404,-150.0713586428492,60.0,2.4,-21.498591549295753,12.0
9944201,pdc_masked_default_duration,73,184.34492235487934,-21.298761274342723,0.4055351333297623,2.7199999999999998,-2.298591549295761,12.0
9944201,pdc_masked_default_duration,74,185.07906080553215,-3.3953642320921062,0.40728547067318704,3.4399999999999995,40.901408450704224,12.0
9944201,pdc_masked_default_duration,75,185.77179762500003,-45.11031609613383,1.2101354388368215,3.76,60.10140845070424,12.0
9944201,pdc_masked_default_duration,76,186.51109466532782,-19.778549921916238,0.407643121237246,2.7199999999999998,-2.298591549295761,12.0
9944201,pdc_masked_default_duration,77,187.22641077849426,-28.979318859996965,0.4077464777749573,2.8,2.5014084507042433,12.0
9944201,pdc_masked_default_duration,78,188.00154384643668,47.95632707929599,0.40802162575237966,2.4,-21.498591549295753,12.0
9944201,pdc_masked_default_duration,79,188.7168953918275,38.80658054430114,0.40793764912493985,2.4,-21.498591549295753,12.0
9944201,pdc_masked_default_duration,80,189.38190789037688,-42.83139344235224,0.3835547681054331,3.9999999999999996,74.50140845070423,12.0
9944201,pdc_masked_default_duration,81,190.12665892922712,-9.64586939579931,0.4080180883661647,2.4,-21.498591549295753,12.0
9944201,pdc_masked_default_duration,82,190.84220965033552,-18.508802897495116,0.4081224121541728,2.8,2.5014084507042433,12.0
9944201,pdc_masked_default_duration,83,191.55774682527627,-27.391242880607933,0.4080359463021442,3.1999999999999997,26.50140845070424,12.0
9944201,pdc_masked_default_duration,84,192.29292727377876,-7.987368934814185,0.40816252721337376,2.4,-21.498591549295753,12.0
9944201,pdc_masked_default_duration,85,193.0082225621914,-17.21812551835228,0.40794326479209325,2.6399999999999997,-7.098591549295765,12.0
9944201,pdc_masked_default_duration,86,193.72388337349778,-25.922529134959404,0.40813898965013284,2.7199999999999998,-2.298591549295761,12.0
9944201,pdc_masked_default_duration,87,194.4591315950876,-6.421061943378845,0.4081991331565284,2.4,-21.498591549295753,12.0
9944201,pdc_masked_default_duration,88,195.1946085032456,13.409713906357865,0.40809957106883066,2.4,-21.498591549295753,12.0
9944201,pdc_masked_default_duration,89,195.8896822840556,-24.94001362504605,0.4082017653043371,2.7199999999999998,-2.298591549295761,12.0
9944201,pdc_masked_default_duration,90,196.62537782608314,-4.794405003176507,0.408330589985345,2.48,-16.69859154929575,12.0
9944201,pdc_masked_default_duration,91,197.3813977074589,44.61825228011094,0.4081303208054196,2.48,-16.69859154929575,12.0
9944201,pdc_masked_default_duration,92,198.0969114928211,35.702131303955866,0.4082672049748209,2.4,-21.498591549295753,12.0
9944201,pdc_masked_default_duration,93,198.77145873644673,-32.205809772935936,0.4081658427432316,2.8,2.5014084507042433,12.0
9944201,pdc_masked_default_duration,94,199.50637213182424,-13.186492327081396,0.40832035062603306,2.56,-11.898591549295743,12.0
9944201,pdc_masked_default_duration,95,200.27242997019022,50.68082302213952,0.41307198108846327,2.4,-21.498591549295753,12.0
9944201,pdc_masked_default_duration,96,200.93764757556022,-30.661797142847718,0.40962603484562715,2.88,7.301408450704248,12.0
9944201,pdc_masked_default_duration,97,201.69297675750687,17.756252962535655,0.40973445906425554,2.4,-21.498591549295753,12.0
9944201,pdc_masked_default_duration,98,202.46321750818157,87.64696203631502,0.3680458578754953,3.6799999999999997,55.30140845070424,12.0
9944201,pdc_masked_default_duration,99,203.08990591148782,-49.17770910044055,0.526465197913672,3.9999999999999996,74.50140845070423,12.0
9944201,pdc_masked_default_duration,100,203.8387786722885,-10.056905445253506,0.4096477949996714,2.48,-16.69859154929575,12.0
9944201,pdc_masked_default_duration,101,204.573884568623,9.23961337865876,0.4097742417330568,2.4,-21.498591549295753,12.0
9944201,pdc_masked_default_duration,102,205.2691882227075,-28.77909663743594,0.4095398424861133,2.7199999999999998,-2.298591549295761,12.0
9944201,pdc_masked_default_duration,103,206.00440943309638,-9.316525575231935,0.4095970141883138,2.56,-11.898591549295743,12.0
9944201,pdc_masked_default_duration,104,206.79373841164525,88.06123163734355,0.3834963256713114,3.76,60.10140845070424,12.0
9944201,pdc_masked_default_duration,105,207.51186121437345,82.90209566816429,0.4089124918439035,3.5199999999999996,45.70140845070423,12.0
9944201,pdc_masked_default_duration,106,208.17011020245067,-8.47533339839174,0.40927938924738333,2.4,-21.498591549295753,12.0
9944201,pdc_masked_default_duration,107,208.88549779709808,-17.57316900391288,0.4096975260940883,2.4,-21.498591549295753,12.0
9944201,pdc_masked_default_duration,108,209.62181634062574,3.469561778165371,0.40918761465589665,2.4,-21.498591549295753,12.0
9944201,pdc_masked_default_duration,109,210.35632944784157,21.91246427117221,0.4093396445511583,2.4,-21.498591549295753,12.0
9944201,pdc_masked_default_duration,110,211.0514839839413,-16.320975643020574,0.40932718012513525,2.56,-11.898591549295743,12.0
9944201,pdc_masked_default_duration,111,211.75254546233867,-46.04841864858827,0.40868159509111013,3.6799999999999997,55.30140845070424,12.0
9944201,pdc_masked_default_duration,112,212.48237442079005,-34.350690376395505,0.409241462350602,2.4,-21.498591549295753,12.0
9944201,pdc_masked_default_duration,113,213.21739417608572,-15.17821464838562,0.4092913954283318,2.4,-21.498591549295753,12.0
9944201,pdc_masked_default_duration,114,213.93260040586733,-24.53721566065269,0.40925367172822963,2.6399999999999997,-7.098591549295765,12.0
9944201,pdc_masked_default_duration,115,214.64746909262033,-34.38227863409338,0.4094176487542645,3.1999999999999997,26.50140845070424,12.0
9944201,pdc_masked_default_duration,116,215.38398830057415,-13.050591078385878,0.409400334892982,2.48,-16.69859154929575,12.0
9944201,pdc_masked_default_duration,117,216.09865704347072,-23.18357320510586,0.4094735144912864,2.6399999999999997,-7.098591549295765,12.0
9944201,pdc_masked_default_duration,118,216.81393011908523,-32.44631621801091,0.4094642621053713,2.7199999999999998,-2.298591549295761,12.0
9944201,pdc_masked_default_duration,119,217.54922460543614,-12.87822777049314,0.40949025084969515,2.4,-21.498591549295753,12.0
9944201,pdc_masked_default_duration,120,218.23959103376706,-58.00654287172165,0.4811048522256802,3.9999999999999996,74.50140845070423,12.0
9944201,pdc_masked_default_duration,121,218.99986116788526,-2.4735216393037263,0.4092842892200062,2.4,-21.498591549295753,12.0
9944201,pdc_masked_default_duration,122,219.71596364002974,-10.541933648996746,0.409359362595981,2.48,-16.69859154929575,12.0
9944201,pdc_masked_default_duration,123,220.49069374502588,65.81344564765004,0.40937687605115314,3.04,16.901408450704256,12.0
9944201,pdc_masked_default_duration,124,221.14598917286585,-29.817110160579432,0.40942479057562753,2.7199999999999998,-2.298591549295761,12.0
9944201,pdc_masked_default_duration,125,221.881593791183,-9.802431681669077,0.4095763715994002,2.48,-16.69859154929575,12.0
9944201,pdc_masked_default_duration,126,222.56975619960653,-58.104535449588184,0.5258275518652777,3.9999999999999996,74.50140845070423,12.0
9944201,pdc_masked_default_duration,127,223.29727524438067,-49.73308287261716,0.3837866468719571,3.5999999999999996,50.50140845070423,12.0
9944201,pdc_masked_default_duration,128,224.04711006282497,-9.226916210577656,0.4091614508851845,2.4,-21.498591549295753,12.0
9944201,pdc_masked_default_duration,129,224.76267719621106,-18.066216032361808,0.4094589234147141,2.48,-16.69859154929575,12.0
9944201,pdc_masked_default_duration,130,225.5393885698845,61.142190159594065,0.4093190867753361,2.6399999999999997,-7.098591549295765,12.0
9944201,pdc_masked_default_duration,131,226.21362834437826,-7.208506467168263,0.4092729401352703,2.48,-16.69859154929575,12.0
9944201,pdc_masked_default_duration,132,226.90079387103458,-56.946119979866126,0.4223122801797493,3.9999999999999996,74.50140845070423,12.0
9944201,pdc_masked_default_duration,133,227.64364292837726,-26.499449304196787,0.40919679053009417,2.56,-11.898591549295743,12.0
9944201,pdc_masked_default_duration,134,228.42015816159693,52.426514634335035,0.40921274537873165,2.56,-11.898591549295743,12.0
9944201,pdc_masked_default_duration,135,229.1638949407223,84.15150467709736,0.35621517313751266,3.92,69.70140845070425,12.0
9944201,pdc_masked_default_duration,136,229.8299618083066,4.03182210070554,0.40907506507912184,2.4,-21.498591549295753,12.0
9944201,pdc_masked_default_duration,138,231.154303266,-167.42842261633086,60.0,,,
9944201,pdc_masked_default_duration,139,231.975751472346,-23.798977375895447,0.409011546942746,2.56,-11.898591549295743,12.0
9944201,pdc_masked_default_duration,140,232.7313577266183,25.018056878457173,0.4092895893642132,2.48,-16.69859154929575,12.0
9944201,pdc_masked_default_duration,141,233.4469409727733,16.201959443833402,0.40975548039856335,2.4,-21.498591549295753,12.0
9944201,pdc_masked_default_duration,142,234.16180582591366,6.351376068214449,0.41005784572452886,2.4,-21.498591549295753,12.0
9944201,pdc_masked_default_duration,143,234.8562857445654,-32.85351297105535,0.4101005509631956,2.6399999999999997,-7.098591549295765,12.0
9944201,pdc_masked_default_duration,144,235.59229600036485,-12.254716517609268,0.410165383644498,2.4,-21.498591549295753,12.0
9944201,pdc_masked_default_duration,145,236.28897776532696,-48.28894686996591,0.41002273876278544,3.5199999999999996,45.70140845070423,12.0
9944201,pdc_masked_default_duration,146,237.0429299383574,-1.8537896039424595,0.410112897942361,2.48,-16.69859154929575,12.0
9944201,pdc_masked_default_duration,147,237.81543410923885,71.29624456757028,0.4096069882574153,3.5999999999999996,50.50140845070423,12.0
9944201,pdc_masked_default_duration,148,238.5436215797263,80.63023017171417,0.35672474015274125,3.92,69.70140845070425,12.0
9944201,pdc_masked_default_duration,149,239.22928783291397,28.73366286419696,0.4100142317642569,2.4,-21.498591549295753,12.0
9944201,pdc_masked_default_duration,150,239.90388733723793,-39.09902280708593,0.41003899223019263,2.7199999999999998,-2.298591549295761,12.0
9944201,pdc_masked_default_duration,151,240.6793934783788,38.37384853803087,0.41007980375325953,2.48,-16.69859154929575,12.0
9944201,pdc_masked_default_duration,152,241.39536220524616,30.112843329216048,0.4100032100236256,2.48,-16.69859154929575,12.0
9944201,pdc_masked_default_duration,153,242.14576743213271,71.44039814806547,0.40943552851397613,3.5999999999999996,50.50140845070423,12.0
9944201,pdc_masked_default_duration,154,242.8056416276998,-17.596732133124533,0.40994284751138027,2.48,-16.69859154929575,12.0
9944201,pdc_masked_default_duration,155,243.56128249188404,31.27014039439473,0.4098019816363707,2.48,-16.69859154929575,12.0
9944201,pdc_masked_default_duration,156,244.3102309032212,70.4998808221444,0.4027462992905865,3.6799999999999997,55.30140845070424,12.0
9944201,pdc_masked_default_duration,157,245.011707680057,41.370467567890046,0.4098801978634825,2.56,-11.898591549295743,12.0
9944201,pdc_masked_default_duration,158,245.6860686746767,-26.805672077466625,0.40987960282022917,2.4,-21.498591549295753,12.0
9944201,pdc_masked_default_duration,159,246.40128229079673,-36.15403676242295,0.411759102033124,2.88,7.301408450704248,12.0
9944201,pdc_masked_default_duration,160,247.1374045329674,-15.393979934456183,0.41144683076600475,2.4,-21.498591549295753,12.0
9944201,pdc_masked_default_duration,161,247.83358601294552,-52.1486206637519,0.4113710173123043,3.5199999999999996,45.70140845070423,12.0
9944201,pdc_masked_default_duration,162,248.58749380414696,-5.777373231467209,0.4115366030645445,2.48,-16.69859154929575,12.0
9944201,pdc_masked_default_duration,163,249.28241658327693,-44.344543182064626,0.41156487484231363,2.7199999999999998,-2.298591549295761,12.0
9944201,pdc_masked_default_duration,164,250.03874106279403,5.506735424773979,0.4114636746973393,2.4,-21.498591549295753,12.0
9944201,pdc_masked_default_duration,165,250.81084392743838,78.07888861489118,0.5795121487964779,3.9999999999999996,74.50140845070423,12.0
9944201,pdc_masked_default_duration,166,251.46877274333505,-13.759588391699253,0.41131162633165524,2.48,-16.69859154929575,12.0
9944201,pdc_masked_default_duration,167,252.20428323748436,6.119551285514717,0.41155882237793673,2.4,-21.498591549295753,12.0
9944201,pdc_masked_default_duration,168,252.92017958808088,-2.245675753283649,0.41132823843071814,2.4,-21.498591549295753,12.0
9944201,pdc_masked_default_duration,169,253.65527203889567,17.03148152222184,0.4113451523946181,2.4,-21.498591549295753,12.0
9944201,pdc_masked_default_duration,170,254.41930269642964,77.9796564733806,0.5205013703841423,3.9999999999999996,74.50140845070423,12.0
9944201,pdc_masked_default_duration,171,255.0854306209826,-2.0521040681387603,0.41140945077287505,2.4,-21.498591549295753,12.0
9944201,pdc_masked_default_duration,173,256.51517058086256,-21.738505636549235,0.4112720177996356,2.4,-21.498591549295753,12.0
9944201,pdc_masked_default_duration,174,257.2720591625264,28.925080061553672,0.4115953520208438,2.4,-21.498591549295753,12.0
9944201,pdc_masked_default_duration,175,257.94521974108204,-40.97965871607812,0.41152023489474204,2.4,-21.498591549295753,12.0
9944201,pdc_masked_default_duration,178,260.015219546,-177.94785532747483,60.0,,,
9944201,pdc_masked_default_duration,179,260.86806281943916,10.890486527005123,0.39166769656679284,2.48,-16.69859154929575,12.0
9944201,pdc_masked_default_duration,180,261.5337373609245,-69.79414563184946,0.364021641841368,3.92,69.70140845070425,12.0
9944201,pdc_masked_default_duration,181,262.277510932782,-38.01617405483739,0.3915255728082358,2.56,-11.898591549295743,12.0
9944201,pdc_masked_default_duration,182,263.03357760761844,11.463865811874712,0.3915181887497201,2.4,-21.498591549295753,12.0
9944201,pdc_masked_default_duration,183,263.749515638654,3.15865860525264,0.3917221685544732,2.4,-21.498591549295753,12.0
9944201,pdc_masked_default_duration,184,264.4437704300072,-36.37041374390719,0.3917687658125672,2.56,-11.898591549295743,12.0
9944201,pdc_masked_default_duration,185,265.2352279147876,64.07239244213088,0.3935873152615892,3.5999999999999996,50.50140845070423,12.0
9944201,pdc_masked_default_duration,186,265.8946282111049,-25.64715275882918,0.39195263248445,2.48,-16.69859154929575,12.0
9944201,pdc_masked_default_duration,187,266.6303598612714,-5.449548416718244,0.39195513017786265,2.48,-16.69859154929575,12.0
9944201,pdc_masked_default_duration,188,267.406925051889,73.54835417481809,0.5524253146354834,3.9999999999999996,74.50140845070423,12.0
9944201,pdc_masked_default_duration,189,268.1012992682548,34.19125384380095,0.3919740017819439,2.56,-11.898591549295743,12.0
9944201,pdc_masked_default_duration,190,268.8169002842401,25.400744964799742,0.3920120859117569,2.4,-21.498591549295753,12.0
9944201,pdc_masked_default_duration,191,269.50120368946426,-28.458323410186495,0.41461083038067065,2.4,-21.498591549295753,12.0
9944201,pdc_masked_default_duration,192,270.22684019282167,-22.79773047323033,0.3918391370266237,2.4,-21.498591549295753,12.0
9944201,pdc_masked_default_duration,193,270.96223121624575,-3.0906286404206185,0.39175824378016866,2.4,-21.498591549295753,12.0
9944201,pdc_masked_default_duration,194,271.55958605800004,-182.15562841196515,60.0,2.4,-21.498591549295753,12.0
9944201,pdc_masked_default_duration,195,272.4129219157019,7.392034780887116,0.3916780438144737,2.4,-21.498591549295753,12.0
9944201,pdc_masked_default_duration,196,273.1483939205031,27.2157497968783,0.39195411283870274,2.48,-16.69859154929575,12.0
9944201,pdc_masked_default_duration,197,273.82263258582,-41.13654404462977,0.3917419587617759,2.56,-11.898591549295743,12.0
9944201,pdc_masked_default_duration,198,274.5784078127505,7.92381083757391,0.3918385780117618,2.48,-16.69859154929575,12.0
9944201,pdc_masked_default_duration,199,275.31419472219795,28.200988544158463,0.3919397892725762,2.56,-11.898591549295743,12.0
9944201,pdc_masked_default_duration,200,275.988183461096,-40.51119934050803,0.39200291742844856,2.56,-11.898591549295743,12.0
9944201,pdc_masked_default_duration,201,276.7448988719896,9.903020448573443,0.3918921617965565,2.4,-21.498591549295753,12.0
9944201,pdc_masked_default_duration,202,277.43949348313043,-29.1367114064451,0.39200110027183915,2.48,-16.69859154929575,12.0
9944201,pdc_masked_default_duration,203,278.1749840945892,-9.286202803605192,0.39181204364789357,2.48,-16.69859154929575,12.0
9944201,pdc_masked_default_duration,204,278.8553601226846,-68.80069424402791,0.3857104193585964,3.6799999999999997,55.30140845070424,12.0
9944201,pdc_masked_default_duration,205,279.646279712121,30.867542646574293,0.3919265588039803,2.56,-11.898591549295743,12.0
9944201,pdc_masked_default_duration,206,280.3610085962747,20.821163930213515,0.39187955266688623,2.48,-16.69859154929575,12.0
9944201,pdc_masked_default_duration,208,281.81188202920083,31.566963548257263,0.3918734960587572,2.4,-21.498591549295753,12.0
9944201,pdc_masked_default_duration,209,282.4861314919976,-36.76978192221213,0.39185507080576076,2.48,-16.69859154929575,12.0
9944201,pdc_masked_default_duration,210,283.20155359684105,-45.81792284540825,0.39178495895819826,2.56,-11.898591549295743,12.0
9944201,pdc_masked_default_duration,211,283.97805469297293,33.08768368670826,0.3918550025571798,2.56,-11.898591549295743,12.0
9944201,pdc_masked_default_duration,212,284.6524151199966,-35.089273297016916,0.39181777428037273,2.48,-16.69859154929575,12.0
9944201,pdc_masked_default_duration,213,285.36827731745456,-43.50368085525588,0.39171001183041926,2.6399999999999997,-7.098591549295765,12.0
9944201,pdc_masked_default_duration,214,286.14467953594766,35.25954187693969,0.3919296120472428,2.4,-21.498591549295753,12.0
9944201,pdc_masked_default_duration,215,286.8764883614819,49.80827874854185,0.39147956133620737,3.5199999999999996,45.70140845070423,12.0
9944201,pdc_masked_default_duration,216,287.53295251920935,-44.13930602173423,0.3916990767228444,2.56,-11.898591549295743,12.0
9944201,pdc_masked_default_duration,217,288.2895189070175,6.06032052422961,0.3918415297755787,2.48,-16.69859154929575,12.0
9944201,pdc_masked_default_duration,218,289.02481234123024,25.626893892776934,0.3918250796606494,2.56,-11.898591549295743,12.0
9944201,pdc_masked_default_duration,219,289.7200998564924,-12.415056027475657,0.3917634969815221,2.4,-21.498591549295753,12.0
9944201,pdc_masked_default_duration,220,290.4757879737,36.51986085371391,0.39156460295083606,2.6399999999999997,-7.098591549295765,12.0
9944201,pdc_masked_default_duration,222,291.8657982835245,-40.37723679458395,0.3915322611729387,2.56,-11.898591549295743,12.0
9944201,pdc_masked_default_duration,223,292.62080553597684,7.577234839000084,0.39173497479515773,2.48,-16.69859154929575,12.0
9944201,pdc_masked_default_duration,224,293.35658369441785,27.841811096259335,0.3916022403061594,2.56,-11.898591549295743,12.0
9944201,pdc_masked_default_duration,225,294.09069037353015,45.69945712018125,0.3916097606549339,3.5199999999999996,45.70140845070423,12.0
9944201,pdc_masked_default_duration,226,294.8070609755677,38.01715215647164,0.3916231986277305,2.7199999999999998,-2.298591549295761,12.0
9944201,pdc_masked_default_duration,227,295.52260961572364,29.151222083301036,0.39155974783018005,2.6399999999999997,-7.098591549295765,12.0
9944201,pdc_masked_default_duration,228,296.2372990653284,19.048057616264487,0.39157191019183846,2.56,-11.898591549295743,12.0
9944201,pdc_masked_default_duration,229,296.9728552051631,38.99292708056237,0.39146116048880275,2.8,2.5014084507042433,12.0
9944201,pdc_masked_default_duration,230,297.68877214607227,30.65735009195123,0.39142851614789614,2.6399999999999997,-7.098591549295765,12.0
9944201,pdc_masked_default_duration,231,298.3833526410559,-8.402709029378457,0.3912595994161059,2.48,-16.69859154929575,12.0
9944201,pdc_masked_default_duration,232,299.09856059284317,-17.759230353531166,0.3914023431427361,2.48,-16.69859154929575,12.0
9944201,pdc_masked_default_duration,233,299.8543787234656,31.362905844935085,0.39142728312663894,2.6399999999999997,-7.098591549295765,12.0
9944201,pdc_masked_default_duration,234,300.56963630535665,22.077851870380982,0.39150053646040406,2.56,-11.898591549295743,12.0
9944201,pdc_masked_default_duration,235,301.3041781675445,40.56216152297566,0.3912539569902716,2.8,2.5014084507042433,12.0
9944201,pdc_masked_default_duration,236,302.01977022836843,31.758757211755437,0.39134899552523084,2.7199999999999998,-2.298591549295761,12.0
9944201,pdc_masked_default_duration,237,302.7145632256815,-6.995298555211775,0.3913579557741764,2.48,-16.69859154929575,12.0
9944201,pdc_masked_default_duration,238,303.4103389439671,-44.334236121776485,0.3914474010015316,2.56,-11.898591549295743,12.0
9944201,pdc_masked_default_duration,239,304.18612519330765,33.54199103085193,0.3913000698025993,2.7199999999999998,-2.298591549295761,12.0
9944201,pdc_masked_default_duration,240,304.82897093794173,-80.01610859385437,0.39151454541146924,3.84,64.90140845070425,12.0
9944201,pdc_masked_default_duration,241,305.6158894476884,13.89057354364013,0.3914335801782362,2.48,-16.69859154929575,12.0
9944201,pdc_masked_default_duration,242,306.3514556494661,33.84993220567594,0.39134159973472904,2.8,2.5014084507042433,12.0
9944201,pdc_masked_default_duration,243,307.06679451707066,24.681929658509034,0.3912886229511295,2.6399999999999997,-7.098591549295765,12.0
9944201,pdc_masked_default_duration,244,307.78213217173146,15.512180472269392,0.39128080909485385,2.56,-11.898591549295743,12.0
9944201,pdc_masked_default_duration,245,308.4309482051957,-89.44870323701252,0.5525704918052111,3.9999999999999996,74.50140845070423,12.0
9944201,pdc_masked_default_duration,246,309.23271566353037,25.84046486711486,0.39122429300137385,2.6399999999999997,-7.098591549295765,12.0
9944201,pdc_masked_default_duration,247,309.927604062352,-12.776212727567327,0.3910988182293293,2.48,-16.69859154929575,12.0
9944201,pdc_masked_default_duration,248,310.6633128917601,7.388529722402382,0.3910946281426615,2.48,-16.69859154929575,12.0
9944201,pdc_masked_default_duration,249,311.37849921815416,-1.9991321680026886,0.39088987158936117,2.48,-16.69859154929575,12.0
9944201,pdc_masked_default_duration,250,312.11381309117115,17.59687307875538,0.39102267240371796,2.56,-11.898591549295743,12.0
9944201,pdc_masked_default_duration,251,312.80967069436,-19.624150227064092,0.3910490843698415,2.4,-21.498591549295753,12.0
9944201,pdc_masked_default_duration,252,313.56475860812185,28.44647369217455,0.39101856531308676,2.7199999999999998,-2.298591549295761,12.0
9944201,pdc_masked_default_duration,253,314.28006804888713,19.2360964963882,0.3909050208911444,2.7199999999999998,-2.298591549295761,12.0
9944201,pdc_masked_default_duration,254,314.9947297528027,9.092978237013085,0.3908893302603951,2.56,-11.898591549295743,12.0
9944201,pdc_masked_default_duration,255,315.7309545900734,30.000772009107095,0.3907943804701412,2.7199999999999998,-2.298591549295761,12.0
9944201,pdc_masked_default_duration,256,316.4456585829248,19.918549817266467,0.39078822886280096,2.6399999999999997,-7.098591549295765,12.0
9944201,pdc_masked_default_duration,257,317.16073670980353,10.375080624917246,0.39087564403637254,2.48,-16.69859154929575,12.0
9944201,pdc_masked_default_duration,258,317.8556991885727,-28.134921845248755,0.3910053754910484,2.48,-16.69859154929575,12.0
9944201,pdc_masked_default_duration,259,318.59166016370057,-7.607089558932785,0.39084909398400347,2.48,-16.69859154929575,12.0
9944201,pdc_masked_default_duration,260,319.327102058275,12.173266730442265,0.39094535570226857,2.56,-11.898591549295743,12.0
9944201,pdc_masked_default_duration,261,320.06246003427486,31.8327802724707,0.3909189107204279,2.8,2.5014084507042433,12.0
9944201,pdc_masked_default_duration,262,320.77735194985024,22.021166803306187,0.39097138328028197,2.6399999999999997,-7.098591549295765,12.0
9944201,pdc_masked_default_duration,263,321.5203349468204,52.66071054247732,0.5519550168842348,3.9999999999999996,74.50140845070423,12.0
9944201,pdc_masked_default_duration,266,323.509235362,-201.09060729217163,60.0,2.4,-21.498591549295753,12.0
9944201,pdc_masked_default_duration,267,324.3931816095371,32.536017263455506,0.38906429360393957,3.28,31.301408450704244,12.0
9944201,pdc_masked_default_duration,268,325.1090143428752,24.079181372471794,0.38980335528428145,2.7199999999999998,-2.298591549295761,12.0
9944201,pdc_masked_default_duration,269,325.82445760786976,15.061511066951425,0.39020819770429144,2.56,-11.898591549295743,12.0
9944201,pdc_masked_default_duration,270,326.499288292166,-52.438275444337705,0.3903978895821651,2.56,-11.898591549295743,12.0
9944201,pdc_masked_default_duration,271,327.2754707043394,26.008426187645455,0.39041774105266064,2.7199999999999998,-2.298591549295761,12.0
9944201,pdc_masked_default_duration,272,327.9296424458161,-71.24023798375674,0.3905664886811677,3.4399999999999995,40.901408450704224,12.0
9944201,pdc_masked_default_duration,273,328.6849701487155,-22.824317706381407,0.3906441058552061,2.48,-16.69859154929575,12.0
9944201,pdc_masked_default_duration,274,329.36447124771877,-83.5987070394367,0.4267400092650307,3.5999999999999996,50.50140845070423,12.0
9944201,pdc_masked_default_duration,275,330.08285022736015,-88.3889482536324,0.3513715509883053,3.76,60.10140845070424,12.0
9944201,pdc_masked_default_duration,276,330.85060155981034,-22.083001423070527,0.39091710740500474,2.48,-16.69859154929575,12.0
9944201,pdc_masked_default_duration,277,331.6065692267954,27.254467137518077,0.39087543489736065,2.8,2.5014084507042433,12.0
9944201,pdc_masked_default_duration,278,332.32221988832845,18.535447847416435,0.39095746421913696,2.48,-16.69859154929575,12.0
9944201,pdc_masked_default_duration,279,333.0378762576447,9.82464776496272,0.3909862158175379,2.56,-11.898591549295743,12.0
9944201,pdc_masked_default_duration,280,333.7633714593336,15.281766299249284,0.4639258167540964,2.4,-21.498591549295753,12.0
9944201,pdc_masked_default_duration,281,334.4879661566279,19.44215850528053,0.3911152521512664,2.7199999999999998,-2.298591549295761,12.0
9944201,pdc_masked_default_duration,282,335.1320089503409,-92.39219044583479,0.3521392191617427,3.92,69.70140845070425,12.0
9944201,pdc_masked_default_duration,283,335.9185460312546,0.9652341722085112,0.3911297183444123,2.56,-11.898591549295743,12.0
9944201,pdc_masked_default_duration,284,336.6536509225267,20.26030570616058,0.3911072895890876,2.7199999999999998,-2.298591549295761,12.0
9944201,pdc_masked_default_duration,285,337.32853603139563,-47.161109420303546,0.39119422883161153,2.48,-16.69859154929575,12.0
9944201,pdc_masked_default_duration,286,338.10302659984507,28.849337249012024,0.3909183470144489,3.5199999999999996,45.70140845070423,12.0
9944201,pdc_masked_default_duration,287,338.8196439951223,21.522414550527174,0.3911324644019198,2.7199999999999998,-2.298591549295761,12.0
9944201,pdc_masked_default_duration,288,339.5349410568695,12.294211568714672,0.3911248716814613,2.6399999999999997,-7.098591549295765,12.0
9944201,pdc_masked_default_duration,289,340.2500396403906,2.7801999412622536,0.3910329037141905,2.56,-11.898591549295743,12.0
9944201,pdc_masked_default_duration,290,340.98529655688566,22.294187796460392,0.39113541386329437,2.8,2.5014084507042433,12.0
9944201,pdc_masked_default_duration,291,341.7004847683346,12.909240385070007,0.3911895144138304,2.6399999999999997,-7.098591549295765,12.0
9944201,pdc_masked_default_duration,292,342.3956007860957,-25.379665936643505,0.39117502105718727,2.48,-16.69859154929575,12.0
9944201,pdc_masked_default_duration,293,343.1311933892609,-5.382289276667507,0.3913281978065681,2.48,-16.69859154929575,12.0
9944201,pdc_masked_default_duration,294,343.86673700987126,14.544552504557942,0.3912769900144011,2.6399999999999997,-7.098591549295765,12.0
9944201,pdc_masked_default_duration,295,344.56130134812696,-24.538772305022576,0.3912306620673344,2.48,-16.69859154929575,12.0
9944201,pdc_masked_default_duration,296,345.32690925600616,38.68064314323419,0.4828506581828192,3.84,64.90140845070425,12.0
9944201,pdc_masked_default_duration,297,345.9915278926088,-43.524492046653904,0.39114219424045277,2.48,-16.69859154929575,12.0
9944201,pdc_masked_default_duration,298,346.7073358552582,-52.016997729442664,0.3911561742326454,2.48,-16.69859154929575,12.0
9944201,pdc_masked_default_duration,299,347.4630594028891,-3.0310610386459302,0.39116198084742376,2.48,-16.69859154929575,12.0
9944201,pdc_masked_default_duration,300,348.1985113582459,16.763782777325105,0.39108816402353486,2.7199999999999998,-2.298591549295761,12.0
9944201,pdc_masked_default_duration,301,348.89305610523166,-22.347753460917374,0.39108964187872713,2.48,-16.69859154929575,12.0
9944201,pdc_masked_default_duration,302,349.57920538745856,-73.54875895198347,0.6739729327204594,4.08,79.30140845070426,12.0
9944201,pdc_masked_catalog_duration,0,131.70787822156188,-2.2180602653725146,0.18647008665567183,1.4520999999999997,7.872680287769782,4.3563
9944201,pdc_masked_catalog_duration,1,132.42510994554678,-8.39406933966984,0.18599665380014102,0.8712599999999999,-26.977719712230204,4.3563
9944201,pdc_masked_catalog_duration,2,133.15458342444714,3.0580486643020777,0.18615465456143174,1.4520999999999997,7.872680287769782,4.3563
9944201,pdc_masked_catalog_duration,3,133.8857430556386,16.938225967478502,0.18567622892377864,1.4520999999999997,7.872680287769782,4.3563
9944201,pdc_masked_catalog_duration,4,134.60282731438582,10.549866950868818,0.18575935524589657,1.4520999999999997,7.872680287769782,4.3563
9944201,pdc_masked_catalog_duration,5,135.3201668842323,4.52915591724377,0.18636186541823385,1.4520999999999997,7.872680287769782,4.3563
9944201,pdc_masked_catalog_duration,6,136.03738215961062,-1.6705391505183798,0.19701035431927752,1.4520999999999997,7.872680287769782,4.3563
9944201,pdc_masked_catalog_duration,7,136.75653929311898,-5.073958511025012,0.18640140502130817,1.4520999999999997,7.872680287769782,4.3563
9944201,pdc_masked_catalog_duration,8,137.47362391329227,-11.461797074025526,0.18623677391515994,1.4520999999999997,7.872680287769782,4.3563
9944201,pdc_masked_catalog_duration,9,138.2030821964554,-0.031560931670355785,0.1866723180619574,1.4520999999999997,7.872680287769782,4.3563
9944201,pdc_masked_catalog_duration,10,138.92176170302955,-4.1227630774437785,0.18654128516066112,1.4520999999999997,7.872680287769782,4.3563
9944201,pdc_masked_catalog_duration,11,139.63907102954346,-10.187024509955336,0.18629243029779408,0.8712599999999999,-26.977719712230204,4.3563
9944201,pdc_masked_catalog_duration,12,140.36867170503032,1.4482565785419865,0.18659422195784167,1.4520999999999997,7.872680287769782,4.3563
9944201,pdc_masked_catalog_duration,13,141.0873003060753,-2.716249529248671,0.18664199696087014,1.4520999999999997,7.872680287769782,4.3563
9944201,pdc_masked_catalog_duration,14,141.8050477382142,-8.149638861768835,0.18629216784667285,0.8712599999999999,-26.977719712230204,4.3563
9944201,pdc_masked_catalog_duration,15,142.5341182638756,2.722226478099401,0.18664724509829256,1.4520999999999997,7.872680287769782,4.3563
9944201,pdc_masked_catalog_duration,16,143.2517850215942,-2.827334019657428,0.3159028394263967,1.481142,9.615200287769795,4.3563
9944201,pdc_masked_catalog_duration,17,143.97028715119149,-7.173959012116029,0.18668776085184277,0.8712599999999999,-26.977719712230204,4.3563
9944201,pdc_masked_catalog_duration,18,144.70009400991603,4.75822593868088,0.1868139556257788,1.4520999999999997,7.872680287769782,4.3563
9944201,pdc_masked_catalog_duration,19,145.4173897433709,-1.325609498844642,0.23165814954013506,1.481142,9.615200287769795,4.3563
9944201,pdc_masked_catalog_duration,20,146.13580036890116,-5.804000347866349,0.18666757090129082,1.4520999999999997,7.872680287769782,4.3563
9944201,pdc_masked_catalog_duration,21,146.86526464567183,5.634866589352896,0.18664295965045563,0.8712599999999999,-26.977719712230204,4.3563
9944201,pdc_masked_catalog_duration,22,147.5827968293897,-0.10848046944829548,0.21163278095616345,1.4520999999999997,7.872680287769782,4.3563
9944201,pdc_masked_catalog_duration,23,148.3010340261009,-4.836608817886372,0.18701386416175064,1.4520999999999997,7.872680287769782,4.3563
9944201,pdc_masked_catalog_duration,24,149.0308147267538,7.05790850973699,0.1869517890802879,1.4520999999999997,7.872680287769782,4.3563
9944201,pdc_masked_catalog_duration,25,149.747888045855,0.6537964029439536,0.18704594903096403,1.4520999999999997,7.872680287769782,4.3563
9944201,pdc_masked_catalog_duration,26,150.4668469982503,-3.035003760373911,0.21105614551543556,1.4520999999999997,7.872680287769782,4.3563
9944201,pdc_masked_catalog_duration,27,151.1841752692604,-9.071985118412158,0.18679611023729473,0.8712599999999999,-26.977719712230204,4.3563
9944201,pdc_masked_catalog_duration,28,151.9139315800895,2.7874108629293914,0.18704217788833802,1.4520999999999997,7.872680287769782,4.3563
9944201,pdc_masked_catalog_duration,29,152.64457747325187,15.927805404203355,0.1867087927774905,1.4520999999999997,7.872680287769782,4.3563
9944201,pdc_masked_catalog_duration,30,153.35025080201527,-6.89229278905259,0.18675481744687564,0.8712599999999999,-26.977719712230204,4.3563
9944201,pdc_masked_catalog_duration,31,154.07958327047706,4.356770183380831,0.18729275896478464,1.4520999999999997,7.872680287769782,4.3563
9944201,pdc_masked_catalog_duration,32,154.79580449147014,-3.2743631991343136,0.18732037221874948,1.4520999999999997,7.872680287769782,4.3563
9944201,pdc_masked_catalog_duration,33,155.51532351496812,-6.1566609745887035,0.18727018239927348,1.4520999999999997,7.872680287769782,4.3563
9944201,pdc_masked_catalog_duration,34,156.2329066937867,-11.826575088412028,0.18697396511557493,1.4520999999999997,7.872680287769782,4.3563
9944201,pdc_masked_catalog_duration,35,156.9617989022903,-1.2114864557815963,0.1874181540470939,1.4520999999999997,7.872680287769782,4.3563
9944201,pdc_masked_catalog_duration,36,157.6806533331903,-5.050797572334886,0.18723407182273016,1.4520999999999997,7.872680287769782,4.3563
9944201,pdc_masked_catalog_duration,37,158.41033090454775,6.695213569855696,0.18694520575413553,1.4520999999999997,7.872680287769782,4.3563
9944201,pdc_masked_catalog_duration,38,159.12738296359987,0.26048699236525863,0.1871613728379505,1.4520999999999997,7.872680287769782,4.3563
9944201,pdc_masked_catalog_duration,39,159.84611028731132,-3.7618584756955897,0.1871962944351116,1.4520999999999997,7.872680287769782,4.3563
9944201,pdc_masked_catalog_duration,40,160.5758343865472,8.051152811426618,0.18675887555695234,0.8712599999999999,-26.977719712230204,4.3563
9944201,pdc_masked_catalog_duration,41,161.29324567411638,2.133715298455172,0.1874371388657458,1.4520999999999997,7.872680287769782,4.3563
9944201,pdc_masked_catalog_duration,42,162.0125794105985,-1.015395779827486,0.18711241191416797,1.4520999999999997,7.872680287769782,4.3563
9944201,pdc_masked_catalog_duration,46,164.8918078056643,-10.885273335247803,0.1364350660196192,0.8712599999999999,-26.977719712230204,4.3563
9944201,pdc_masked_catalog_duration,53,169.95526826674563,7.569949333988006,0.18803621280860855,0.8712599999999999,-26.977719712230204,4.3563
9944201,pdc_masked_catalog_duration,54,170.6727125788542,1.7000671577807225,0.18880144599135712,1.4520999999999997,7.872680287769782,4.3563
9944201,pdc_masked_catalog_duration,55,171.40313183621777,14.514106148767496,0.18819169433278204,1.4520999999999997,7.872680287769782,4.3563
9944201,pdc_masked_catalog_duration,56,172.10833060780018,-8.989354385098522,0.18900495908176063,0.8712599999999999,-26.977719712230204,4.3563
9944201,pdc_masked_catalog_duration,57,172.83857733976458,3.576248031049545,0.18938874236416375,1.4520999999999997,7.872680287769782,4.3563
9944201,pdc_masked_catalog_duration,58,173.55711068217946,-0.7254305040805775,0.18942728959859143,1.4520999999999997,7.872680287769782,4.3563
9944201,pdc_masked_catalog_duration,59,174.27385978417962,-7.5964152363894755,0.189428974591735,1.4520999999999997,7.872680287769782,4.3563
9944201,pdc_masked_catalog_duration,60,175.00377019779987,4.48488876421834,0.1895559048522625,1.4520999999999997,7.872680287769782,4.3563
9944201,pdc_masked_catalog_duration,61,175.72286669482642,0.9941528699118862,0.19404534341764734,1.4520999999999997,7.872680287769782,4.3563
9944201,pdc_masked_catalog_duration,62,176.45165018922788,11.452693195460597,0.1889488803594134,1.4520999999999997,7.872680287769782,4.3563
9944201,pdc_masked_catalog_duration,63,177.16932525479126,5.915095994187141,0.18922406711520712,0.8712599999999999,-26.977719712230204,4.3563
9944201,pdc_masked_catalog_duration,64,177.88628054292704,-0.6589807028785799,0.25520754491065784,1.4520999999999997,7.872680287769782,4.3563
9944201,pdc_masked_catalog_duration,65,178.61737781879071,13.13140492826733,0.18879773095290428,1.4520999999999997,7.872680287769782,4.3563
9944201,pdc_masked_catalog_duration,66,179.33482371014142,7.263796860738694,0.1890912456198671,0.8712599999999999,-26.977719712230204,4.3563
9944201,pdc_masked_catalog_duration,67,180.05198077557733,0.9802794759070821,0.20448285624147397,1.4520999999999997,7.872680287769782,4.3563
9944201,pdc_masked_catalog_duration,68,180.77111298416293,-2.4590317733873235,0.18908850157635354,1.4520999999999997,7.872680287769782,4.3563
9944201,pdc_masked_catalog_duration,73,184.383286930949,4.12299353578419,0.18819456294079107,1.4520999999999997,7.872680287769782,4.3563
9944201,pdc_masked_catalog_duration,74,185.11398682450027,17.341148637074184,0.1883023693049888,1.4520999999999997,7.872680287769782,4.3563
9944201,pdc_masked_catalog_duration,75,185.8310657709784,10.945139953028047,0.1887645016244897,1.4520999999999997,7.872680287769782,4.3563
9944201,pdc_masked_catalog_duration,76,186.54873343704134,5.396887471110858,0.18915598248005075,1.4520999999999997,7.872680287769782,4.3563
9944201,pdc_masked_catalog_duration,77,187.26529090956635,-1.7500437054195572,0.18943298299315167,1.4520999999999997,7.872680287769782,4.3563
9944201,pdc_masked_catalog_duration,78,187.98437594857057,-5.25727915187872,0.1893831034418916,1.4520999999999997,7.872680287769782,4.3563
9944201,pdc_masked_catalog_duration,79,188.71392688483212,6.306377452201559,0.18920455633991526,0.8712599999999999,-26.977719712230204,4.3563
9944201,pdc_masked_catalog_duration,80,189.4308948014026,-0.24951429891189036,0.18941068447545995,1.4520999999999997,7.872680287769782,4.3563
9944201,pdc_masked_catalog_duration,81,190.14990642454143,-3.8624685915283408,0.1894556272166982,1.4520999999999997,7.872680287769782,4.3563
9944201,pdc_masked_catalog_duration,82,190.86685736921507,-10.442799874031152,0.18928621158231765,0.8712599999999999,-26.977719712230204,4.3563
9944201,pdc_masked_catalog_duration,83,191.5973989453106,2.547378090989696,0.2717630677963518,1.4520999999999997,7.872680287769782,4.3563
9944201,pdc_masked_catalog_duration,84,192.31563288116888,-2.1854458856341807,0.18958387831764614,1.4520999999999997,7.872680287769782,4.3563
9944201,pdc_masked_catalog_duration,85,193.0331282590968,-7.981793281978753,0.18920631867577392,0.8712599999999999,-26.977719712230204,4.3563
9944201,pdc_masked_catalog_duration,86,193.76258049487524,3.439734626426798,0.18950728005892276,1.4520999999999997,7.872680287769782,4.3563
9944201,pdc_masked_catalog_duration,87,194.48137797842745,-0.4815806709802928,0.18961049086713658,1.4520999999999997,7.872680287769782,4.3563
9944201,pdc_masked_catalog_duration,88,195.1985330063872,-6.768032021468571,0.1893232685656351,0.8712599999999999,-26.977719712230204,4.3563
9944201,pdc_masked_catalog_duration,89,195.92799210354397,4.663376271723791,0.18946650482381275,1.4520999999999997,7.872680287769782,4.3563
9944201,pdc_masked_catalog_duration,90,196.64541017311078,-1.2442951646244182,0.24216787292756684,1.481142,9.615200287769795,4.3563
9944201,pdc_masked_catalog_duration,91,197.3641993582423,-5.177560187771633,0.18942333162491115,1.4520999999999997,7.872680287769782,4.3563
9944201,pdc_masked_catalog_duration,92,198.09367301802575,6.274818287852213,0.18943221757690618,0.8712599999999999,-26.977719712230204,4.3563
9944201,pdc_masked_catalog_duration,93,198.81058189221758,-0.366094488458657,0.2277887720450739,1.4520999999999997,7.872680287769782,4.3563
9944201,pdc_masked_catalog_duration,94,199.52963888118427,-3.913721989019905,0.18949646287073538,1.4520999999999997,7.872680287769782,4.3563
9944201,pdc_masked_catalog_duration,95,200.24673041939738,-10.291598574644922,0.18930006094100887,1.4520999999999997,7.872680287769782,4.3563
9944201,pdc_masked_catalog_duration,96,200.97597552674873,0.8316643987063799,0.1944709348753102,1.4520999999999997,7.872680287769782,4.3563
9944201,pdc_masked_catalog_duration,97,201.69502928356482,-2.7206173986633075,0.20167845490657407,1.4520999999999997,7.872680287769782,4.3563
9944201,pdc_masked_catalog_duration,98,202.41257547057302,-8.443799719407252,0.18985154977524854,0.8712599999999999,-26.977719712230204,4.3563
9944201,pdc_masked_catalog_duration,99,203.14170086458682,2.5070760479275123,0.190212968085598,1.4520999999999997,7.872680287769782,4.3563
9944201,pdc_masked_catalog_duration,100,203.86065763500534,-1.1848661619569612,0.24396170558876945,1.4520999999999997,7.872680287769782,4.3563
9944201,pdc_masked_catalog_duration,101,204.57761046784046,-7.762478491972615,0.18998140863412463,0.8712599999999999,-26.977719712230204,4.3563
9944201,pdc_masked_catalog_duration,102,205.30741518373148,4.166620778592005,0.1900160900874862,1.4520999999999997,7.872680287769782,4.3563
9944201,pdc_masked_catalog_duration,103,206.02582396182336,-0.31443038168163184,0.2671498494879401,1.481142,9.615200287769795,4.3563
9944201,pdc_masked_catalog_duration,104,206.74298364455234,-6.5941788645022825,0.1899318394816922,1.4520999999999997,7.872680287769782,4.3563
9944201,pdc_masked_catalog_duration,105,207.47272695152503,5.246491563630116,0.18992368657926065,1.4520999999999997,7.872680287769782,4.3563
9944201,pdc_masked_catalog_duration,106,208.1897937532406,-1.1670055785089062,0.19015910385495774,1.4520999999999997,7.872680287769782,4.3563
9944201,pdc_masked_catalog_duration,107,208.9069881099375,-7.396823547528584,0.3447258752600881,0.8712599999999999,-26.977719712230204,4.3563
9944201,pdc_masked_catalog_duration,108,209.6382868160679,6.683621667684747,0.18982852614114865,0.8712599999999999,-26.977719712230204,4.3563
9944201,pdc_masked_catalog_duration,109,210.35538031136946,0.30856328941808897,0.19015199354148937,1.4520999999999997,7.872680287769782,4.3563
9944201,pdc_masked_catalog_duration,110,211.07420200730064,-3.5778861822655017,0.19008055843994864,1.4520999999999997,7.872680287769782,4.3563
9944201,pdc_masked_catalog_duration,111,211.8036926816556,7.898993276376132,0.1896811242420541,0.8712599999999999,-26.977719712230204,4.3563
9944201,pdc_masked_catalog_duration,112,212.49172855283604,-40.31904383638903,0.304350746989752,1.423058,6.130160287769795,4.3563
9944201,pdc_masked_catalog_duration,113,213.2515462544953,14.828754940417639,0.18934618897979766,1.4520999999999997,7.872680287769782,4.3563
9944201,pdc_masked_catalog_duration,114,213.96933551815468,9.455602997363712,0.1896613781556021,0.8712599999999999,-26.977719712230204,4.3563
9944201,pdc_masked_catalog_duration,115,214.68676803168006,3.5687308613250934,0.19005557993073816,1.4520999999999997,7.872680287769782,4.3563
9944201,pdc_masked_catalog_duration,116,215.40544875320415,-0.5207217564839084,0.19012332794318265,1.4520999999999997,7.872680287769782,4.3563
9944201,pdc_masked_catalog_duration,117,216.12247997864438,-6.985448735149475,0.18989193295457876,0.8712599999999999,-26.977719712230204,4.3563
9944201,pdc_masked_catalog_duration,118,216.852189952599,4.807222146987442,0.1899824707823962,1.4520999999999997,7.872680287769782,4.3563
9944201,pdc_masked_catalog_duration,119,217.57133450973552,1.3856928110044464,0.19833038132348557,1.4520999999999997,7.872680287769782,4.3563
9944201,pdc_masked_catalog_duration,120,218.2878492400045,-5.822787214206073,0.19000927807155485,1.4520999999999997,7.872680287769782,4.3563
9944201,pdc_masked_catalog_duration,121,219.0176787078879,6.141954925351456,0.18989948667800371,0.8712599999999999,-26.977719712230204,4.3563
9944201,pdc_masked_catalog_duration,122,219.73430344459462,-0.9081158295384739,0.1901416262470012,1.4520999999999997,7.872680287769782,4.3563
9944201,pdc_masked_catalog_duration,123,220.4536155772468,-4.088336422928478,0.19001856464221337,1.4520999999999997,7.872680287769782,4.3563
9944201,pdc_masked_catalog_duration,124,221.1831658382595,7.474347822758318,0.1899305316530712,0.8712599999999999,-26.977719712230204,4.3563
9944201,pdc_masked_catalog_duration,125,221.89992995676914,0.6249868641407375,0.1902032009523193,1.4520999999999997,7.872680287769782,4.3563
9944201,pdc_masked_catalog_duration,126,222.61908984799112,-2.7744613887989544,0.19015864538592783,1.4520999999999997,7.872680287769782,4.3563
9944201,pdc_masked_catalog_duration,127,223.33633187586804,-8.935632858579083,0.18998204728606122,0.8712599999999999,-26.977719712230204,4.3563
9944201,pdc_masked_catalog_duration,128,224.06516942443864,1.6007454705322743,0.1899356722656902,1.4520999999999997,7.872680287769782,4.3563
9944201,pdc_masked_catalog_duration,129,224.78461209407797,-1.3915018613715802,0.2076465500828352,1.4520999999999997,7.872680287769782,4.3563
9944201,pdc_masked_catalog_duration,130,225.5016687222749,-7.819648870340643,0.18985597582548794,0.8712599999999999,-26.977719712230204,4.3563
9944201,pdc_masked_catalog_duration,131,226.23145571118022,4.083923540729302,0.1900104017946792,1.4520999999999997,7.872680287769782,4.3563
9944201,pdc_masked_catalog_duration,132,226.95052429519887,0.5529929150907265,0.25232161831783273,1.4520999999999997,7.872680287769782,4.3563
9944201,pdc_masked_catalog_duration,133,227.66741717376385,-6.110953563929797,0.18989628327742394,0.8712599999999999,-26.977719712230204,4.3563
9944201,pdc_masked_catalog_duration,134,228.3968001986928,5.210910721211803,0.18987809548917334,1.4520999999999997,7.872680287769782,4.3563
9944201,pdc_masked_catalog_duration,135,229.11379402393672,-1.307672540092426,0.2021326904757225,1.4520999999999997,7.872680287769782,4.3563
9944201,pdc_masked_catalog_duration,136,229.83295855550128,-4.700438699674123,0.18985052680547765,1.4520999999999997,7.872680287769782,4.3563
9944201,pdc_masked_catalog_duration,139,231.9983529599832,-3.5015710833340563,0.18988685029189065,1.4520999999999997,7.872680287769782,4.3563
9944201,pdc_masked_catalog_duration,140,232.72754689822668,7.548008374674282,0.18977639115702785,0.8712599999999999,-26.977719712230204,4.3563
9944201,pdc_masked_catalog_duration,141,233.44473170813336,1.3044430277932406,0.19026105617416356,1.4520999999999997,7.872680287769782,4.3563
9944201,pdc_masked_catalog_duration,142,234.1634795215092,-2.6883973235817393,0.25641406270412986,1.4520999999999997,7.872680287769782,4.3563
9944201,pdc_masked_catalog_duration,143,234.88154810285053,-7.6593318046161585,0.19011966871431654,0.8712599999999999,-26.977719712230204,4.3563
9944201,pdc_masked_catalog_duration,144,235.61076040645614,3.4166937749114368,0.19045032704098133,1.4520999999999997,7.872680287769782,4.3563
9944201,pdc_masked_catalog_duration,145,236.32944862422053,-0.6619642569467032,0.19052704698997122,1.4520999999999997,7.872680287769782,4.3563
9944201,pdc_masked_catalog_duration,146,237.04701569562235,-6.3550730508359266,0.1901253103613651,0.8712599999999999,-26.977719712230204,4.3563
9944201,pdc_masked_catalog_duration,147,237.77578191986166,4.078598241180771,0.19022872089326212,1.4520999999999997,7.872680287769782,4.3563
9944201,pdc_masked_catalog_duration,148,238.49497523954952,0.7272869791950143,0.5677650259969683,1.4520999999999997,7.872680287769782,4.3563
9944201,pdc_masked_catalog_duration,149,239.212118565199,-5.576015698129595,0.19027542328068045,1.4520999999999997,7.872680287769782,4.3563
9944201,pdc_masked_catalog_duration,150,239.9414197876539,5.628053024370274,0.1902697066598566,1.4520999999999997,7.872680287769782,4.3563
9944201,pdc_masked_catalog_duration,151,240.65848991802872,-0.7806508484327424,0.19051706653861827,1.4520999999999997,7.872680287769782,4.3563
9944201,pdc_masked_catalog_duration,152,241.37780391305571,-3.958189622107966,0.19027037562945912,1.4520999999999997,7.872680287769782,4.3563
9944201,pdc_masked_catalog_duration,153,242.10685104289692,6.879985736682102,0.19014147435470802,0.8712599999999999,-26.977719712230204,4.3563
9944201,pdc_masked_catalog_duration,154,242.8244661831567,1.2560960981591052,0.3114857928031151,1.4520999999999997,7.872680287769782,4.3563
9944201,pdc_masked_catalog_duration,155,243.543474106556,-2.36218581932917,0.19019535884902491,1.4520999999999997,7.872680287769782,4.3563
9944201,pdc_masked_catalog_duration,156,244.26051691061605,-8.810239585454838,0.18997948288994834,0.8712599999999999,-26.977719712230204,4.3563
9944201,pdc_masked_catalog_duration,157,244.98939392841137,1.782974427269437,0.19029423556814937,1.4520999999999997,7.872680287769782,4.3563
9944201,pdc_masked_catalog_duration,158,245.71992349904,14.75586451993422,0.18965549495876655,1.4520999999999997,7.872680287769782,4.3563
9944201,pdc_masked_catalog_duration,159,246.42606672843814,-7.387576759274452,0.19081623101754655,0.8712599999999999,-26.977719712230204,4.3563
9944201,pdc_masked_catalog_duration,160,247.15518905334235,3.5588794902423615,0.19096661370506163,1.4520999999999997,7.872680287769782,4.3563
9944201,pdc_masked_catalog_duration,161,247.87423825658038,4.0540417103329673e-05,0.19107809223665798,1.4520999999999997,7.872680287769782,4.3563
9944201,pdc_masked_catalog_duration,162,248.5884790886875,-10.48285283783116,0.3862585788578398,0.8712599999999999,-26.977719712230204,4.3563
9944201,pdc_masked_catalog_duration,163,249.30911826042677,-11.752137145876986,0.1904070476834891,1.4520999999999997,7.872680287769782,4.3563
9944201,pdc_masked_catalog_duration,164,250.03781907853607,-1.4126506810271167,0.2906830881809529,1.481142,9.615200287769795,4.3563
9944201,pdc_masked_catalog_duration,165,250.76854734890935,11.846367043945065,0.1904946168553876,1.4520999999999997,7.872680287769782,4.3563
9944201,pdc_masked_catalog_duration,166,251.485931210299,5.889435832473282,0.19063108495202488,0.8712599999999999,-26.977719712230204,4.3563
9944201,pdc_masked_catalog_duration,167,252.2030582988242,-0.43724830376049795,0.26833413876012685,1.4520999999999997,7.872680287769782,4.3563
9944201,pdc_masked_catalog_duration,168,252.92203733722425,-4.097124620275281,0.19077636642095966,1.4520999999999997,7.872680287769782,4.3563
9944201,pdc_masked_catalog_duration,169,253.65147681052807,7.30602532471039,0.19063597058384524,1.4520999999999997,7.872680287769782,4.3563
9944201,pdc_masked_catalog_duration,170,254.36914957728524,1.7651178424557656,0.2168762629846542,1.4520999999999997,7.872680287769782,4.3563
9944201,pdc_masked_catalog_duration,171,255.08781345713203,-2.3485867906765634,0.19098048343945195,1.4520999999999997,7.872680287769782,4.3563
9944201,pdc_masked_catalog_duration,173,256.53411760104586,2.3499972201534547,0.19094872217147307,1.4520999999999997,7.872680287769782,4.3563
9944201,pdc_masked_catalog_duration,174,257.25301010306487,-1.4344914850698842,0.1963186896425045,1.4520999999999997,7.872680287769782,4.3563
9944201,pdc_masked_catalog_duration,175,257.9819218827006,9.208779577784298,0.1904285566575645,1.4520999999999997,7.872680287769782,4.3563
9944201,pdc_masked_catalog_duration,179,260.8650013865148,4.884498620049271,0.18164366968950912,1.4520999999999997,7.872680287769782,4.3563
9944201,pdc_masked_catalog_duration,180,261.58218960891776,-1.3541527322649927,0.2141403795922562,1.4520999999999997,7.872680287769782,4.3563
9944201,pdc_masked_catalog_duration,181,262.3017318708594,-4.20298714882847,0.1817133554910762,1.4520999999999997,7.872680287769782,4.3563
9944201,pdc_masked_catalog_duration,182,263.03046173710015,6.178328625373979,0.1816578567319174,0.8712599999999999,-26.977719712230204,4.3563
9944201,pdc_masked_catalog_duration,183,263.74769591836565,0.005858035101482528,0.19503717859324254,1.4520999999999997,7.872680287769782,4.3563
9944201,pdc_masked_catalog_duration,184,264.4667219362549,-3.5863678169880586,0.1818668777498007,1.4520999999999997,7.872680287769782,4.3563
9944201,pdc_masked_catalog_duration,185,265.19601941790654,7.6123141488096735,0.18171277826287308,0.8712599999999999,-26.977719712230204,4.3563
9944201,pdc_masked_catalog_duration,186,265.9133588936592,1.5914676201646216,0.18200060326837403,1.4520999999999997,7.872680287769782,4.3563
9944201,pdc_masked_catalog_duration,187,266.6320188118267,-2.5279418311765767,0.20123273450085993,1.4520999999999997,7.872680287769782,4.3563
9944201,pdc_masked_catalog_duration,188,267.3495406905544,-8.286128075842498,0.1815893961109636,0.8712599999999999,-26.977719712230204,4.3563
9944201,pdc_masked_catalog_duration,189,268.07873813976886,2.768507180362576,0.18190491264975353,1.4520999999999997,7.872680287769782,4.3563
9944201,pdc_masked_catalog_duration,190,268.79808595107284,-0.3603361544173822,0.18200446092965977,1.4520999999999997,7.872680287769782,4.3563
9944201,pdc_masked_catalog_duration,191,269.514971473131,-7.034876003126556,0.18160588398982724,0.8712599999999999,-26.977719712230204,4.3563
9944201,pdc_masked_catalog_duration,192,270.2443159468136,4.23147448715099,0.18173688215284312,1.4520999999999997,7.872680287769782,4.3563
9944201,pdc_masked_catalog_duration,193,270.96358232955987,0.9853740292328439,0.286095772778531,1.4520999999999997,7.872680287769782,4.3563
9944201,pdc_masked_catalog_duration,195,272.4096547595475,5.3502899863178754,0.1816990940086191,1.4520999999999997,7.872680287769782,4.3563
9944201,pdc_masked_catalog_duration,196,273.1266774849412,-1.1266770592737885,0.18631030626362158,1.4520999999999997,7.872680287769782,4.3563
9944201,pdc_masked_catalog_duration,197,273.8460295221567,-4.24943508151955,0.18184570269938846,1.4520999999999997,7.872680287769782,4.3563
9944201,pdc_masked_catalog_duration,198,274.5753617732787,6.9993149215770245,0.18178734470027266,0.8712599999999999,-26.977719712230204,4.3563
9944201,pdc_masked_catalog_duration,199,275.29222865001907,0.2979258152026887,0.1820307358754089,1.4520999999999997,7.872680287769782,4.3563
9944201,pdc_masked_catalog_duration,200,276.01121372145167,-3.3532629344426823,0.1819791477469414,1.4520999999999997,7.872680287769782,4.3563
9944201,pdc_masked_catalog_duration,201,276.740601356931,7.97524054328278,0.1817305295166804,0.8712599999999999,-26.977719712230204,4.3563
9944201,pdc_masked_catalog_duration,202,277.4577455300302,1.6731581935437134,0.1819947935791221,1.4520999999999997,7.872680287769782,4.3563
9944201,pdc_masked_catalog_duration,203,278.1769570952786,-1.6518794613057253,0.18192644993497015,1.4520999999999997,7.872680287769782,4.3563
9944201,pdc_masked_catalog_duration,204,278.8943633588824,-7.576551484371521,0.18172257758334232,0.8712599999999999,-26.977719712230204,4.3563
9944201,pdc_masked_catalog_duration,205,279.62339504473186,3.2393845263504772,0.18191904292650518,1.4520999999999997,7.872680287769782,4.3563
9944201,pdc_masked_catalog_duration,206,280.3421616508825,-0.7263942293593573,0.296365305507149,1.4520999999999997,7.872680287769782,4.3563
9944201,pdc_masked_catalog_duration,208,281.77713884866967,-12.338612640978681,0.1814275877571572,1.4520999999999997,7.872680287769782,4.3563
9944201,pdc_masked_catalog_duration,209,282.50805031896795,1.184212976040726,0.18208666420310946,1.4520999999999997,7.872680287769782,4.3563
9944201,pdc_masked_catalog_duration,210,283.2249902487868,-5.4119796973009215,0.18177991774911675,1.4520999999999997,7.872680287769782,4.3563
9944201,pdc_masked_catalog_duration,211,283.95415253409385,5.592019532250561,0.18177611459376217,1.4520999999999997,7.872680287769782,4.3563
9944201,pdc_masked_catalog_duration,212,284.6709561815979,-1.2004196745238005,0.18195206818271006,1.4520999999999997,7.872680287769782,4.3563
9944201,pdc_masked_catalog_duration,213,285.3906682371487,-3.8047512938555883,0.18181149740170882,1.4520999999999997,7.872680287769782,4.3563
9944201,pdc_masked_catalog_duration,214,286.10793199612584,-9.934629979279634,0.18153188133134135,1.4520999999999997,7.872680287769782,4.3563
9944201,pdc_masked_catalog_duration,215,286.8363432644196,-0.012095248839614214,0.1818694660446603,1.4520999999999997,7.872680287769782,4.3563
9944201,pdc_masked_catalog_duration,216,287.55619326470367,-2.4177864523881,0.1817957114627357,1.4520999999999997,7.872680287769782,4.3563
9944201,pdc_masked_catalog_duration,217,288.2850393186393,8.130839602326887,0.18165436467937465,1.4520999999999997,7.872680287769782,4.3563
9944201,pdc_masked_catalog_duration,218,289.00229198569724,1.9849885532676126,0.18193243825264918,1.4520999999999997,7.872680287769782,4.3563
9944201,pdc_masked_catalog_duration,219,289.7216809173891,-1.084641422949062,0.18190044203278577,1.4520999999999997,7.872680287769782,4.3563
9944201,pdc_masked_catalog_duration,220,290.4387044702744,-7.560416880733101,0.18166139089393246,0.8712599999999999,-26.977719712230204,4.3563
9944201,pdc_masked_catalog_duration,222,291.8874195111154,0.6098587052474613,0.18182929189066777,1.4520999999999997,7.872680287769782,4.3563
9944201,pdc_masked_catalog_duration,223,292.60427105130435,-6.1136150352649565,0.18166026346998865,0.8712599999999999,-26.977719712230204,4.3563
9944201,pdc_masked_catalog_duration,224,293.3333046119391,4.7050206663061545,0.18175104482479879,1.4520999999999997,7.872680287769782,4.3563
9944201,pdc_masked_catalog_duration,225,294.053084655868,2.198592311324319,0.18194911870904512,1.4520999999999997,7.872680287769782,4.3563
9944201,pdc_masked_catalog_duration,226,294.76957561671026,-5.044115688442616,0.1817196596800857,1.4520999999999997,7.872680287769782,4.3563
9944201,pdc_masked_catalog_duration,227,295.4984502963242,5.545731343163425,0.18163954637264926,1.4520999999999997,7.872680287769782,4.3563
9944201,pdc_masked_catalog_duration,228,296.21549414777763,-0.9008141764297761,0.1818371085642798,1.4520999999999997,7.872680287769782,4.3563
9944201,pdc_masked_catalog_duration,229,296.9459800162265,12.00914477733022,0.18116939758910927,1.4520999999999997,7.872680287769782,4.3563
9944201,pdc_masked_catalog_duration,230,297.663803541366,6.6853293656549795,0.18145924771799962,0.8712599999999999,-26.977719712230204,4.3563
9944201,pdc_masked_catalog_duration,231,298.38108499498355,0.5809309623327863,0.1817136575179255,1.4520999999999997,7.872680287769782,4.3563
9944201,pdc_masked_catalog_duration,232,299.1006332883203,-2.259218245262673,0.18169334139055437,1.4520999999999997,7.872680287769782,4.3563
9944201,pdc_masked_catalog_duration,233,299.8294266310717,8.213503704291725,0.18147434665376483,0.8712599999999999,-26.977719712230204,4.3563
9944201,pdc_masked_catalog_duration,234,300.5466923136149,2.0863949539125315,0.18178964569756792,1.4520999999999997,7.872680287769782,4.3563
9944201,pdc_masked_catalog_duration,235,301.266230271319,-0.7686375648245303,0.1817247202484966,1.4520999999999997,7.872680287769782,4.3563
9944201,pdc_masked_catalog_duration,236,301.983490343157,-6.903825730632889,0.1814675546698401,0.8712599999999999,-26.977719712230204,4.3563
9944201,pdc_masked_catalog_duration,237,302.7123164719296,3.6161080894817133,0.18173893370729866,1.4520999999999997,7.872680287769782,4.3563
9944201,pdc_masked_catalog_duration,238,303.4319311922513,0.8716137400824664,0.18176697499755132,1.4520999999999997,7.872680287769782,4.3563
9944201,pdc_masked_catalog_duration,239,304.1488774097885,-5.715524618917698,0.1815022735691192,0.8712599999999999,-26.977719712230204,4.3563
9944201,pdc_masked_catalog_duration,240,304.8774728365619,4.472198322164331,0.18161788296700537,1.4520999999999997,7.872680287769782,4.3563
9944201,pdc_masked_catalog_duration,241,305.5971069691535,1.7556576416154712,0.1826591804433272,1.4520999999999997,7.872680287769782,4.3563
9944201,pdc_masked_catalog_duration,242,306.3145302658659,-4.144486705017698,0.1815465571731961,1.4520999999999997,7.872680287769782,4.3563
9944201,pdc_masked_catalog_duration,243,307.04315616285123,6.087113341236545,0.1815669010557297,1.4520999999999997,7.872680287769782,4.3563
9944201,pdc_masked_catalog_duration,244,307.7600004734385,-0.6467710257129511,0.18175199125926125,1.4520999999999997,7.872680287769782,4.3563
9944201,pdc_masked_catalog_duration,245,308.4794459527505,-3.63497242899939,0.18163847702486083,1.4520999999999997,7.872680287769782,4.3563
9944201,pdc_masked_catalog_duration,246,309.2083670268175,7.021682614958991,0.1814165559171142,0.8712599999999999,-26.977719712230204,4.3563
9944201,pdc_masked_catalog_duration,247,309.9255949387227,0.840184145999956,0.18161757511106255,1.4520999999999997,7.872680287769782,4.3563
9944201,pdc_masked_catalog_duration,248,310.64522082055396,-1.8882376296096481,0.18152532248533187,1.4520999999999997,7.872680287769782,4.3563
9944201,pdc_masked_catalog_duration,249,311.3623809391614,-8.167358447444713,0.18109488735494317,1.4520999999999997,7.872680287769782,4.3563
9944201,pdc_masked_catalog_duration,250,312.09103291538696,2.101795704820688,0.1815278353711779,1.4520999999999997,7.872680287769782,4.3563
9944201,pdc_masked_catalog_duration,251,312.81085139973123,-0.34927845193124085,0.1815968397355508,1.4520999999999997,7.872680287769782,4.3563
9944201,pdc_masked_catalog_duration,252,313.52785592180226,-6.852458282246516,0.18116763886577653,0.8712599999999999,-26.977719712230204,4.3563
9944201,pdc_masked_catalog_duration,253,314.2567082667949,3.7052268945353717,0.18131110747350543,1.4520999999999997,7.872680287769782,4.3563
9944201,pdc_masked_catalog_duration,254,314.97660058362555,1.360471518128179,0.1815133129614075,1.4520999999999997,7.872680287769782,4.3563
9944201,pdc_masked_catalog_duration,255,315.6934002320861,-5.437726311183724,0.18124461396637817,0.8712599999999999,-26.977719712230204,4.3563
9944201,pdc_masked_catalog_duration,256,316.42222758330206,5.08396782728596,0.18133064906978313,1.4520999999999997,7.872680287769782,4.3563
9944201,pdc_masked_catalog_duration,257,317.14197492868163,2.5304535612849577,0.20372595219098502,1.4520999999999997,7.872680287769782,4.3563
9944201,pdc_masked_catalog_duration,258,317.8587894980935,-4.246258098255566,0.18133642192409008,1.4520999999999997,7.872680287769782,4.3563
9944201,pdc_masked_catalog_duration,259,318.5876923351153,6.384135600701484,0.18127732444375505,1.4520999999999997,7.872680287769782,4.3563
9944201,pdc_masked_catalog_duration,260,319.30781083459243,4.3650832351522695,0.2367124800326944,1.4520999999999997,7.872680287769782,4.3563
9944201,pdc_masked_catalog_duration,261,320.0242138552377,-3.0042586481795297,0.1814570128488708,1.4520999999999997,7.872680287769782,4.3563
9944201,pdc_masked_catalog_duration,262,320.7528903286138,7.3001714007932605,0.18120534550519604,0.8712599999999999,-26.977719712230204,4.3563
9944201,pdc_masked_catalog_duration,263,321.4702286351603,1.2776412152197736,0.1814361608812108,1.4520999999999997,7.872680287769782,4.3563
9944201,pdc_masked_catalog_duration,266,323.6357778710554,2.69946606652411,0.18096513600738434,1.4520999999999997,7.872680287769782,4.3563
9944201,pdc_masked_catalog_duration,267,324.35545620744625,0.04657885679080209,0.18070838981701834,1.4520999999999997,7.872680287769782,4.3563
9944201,pdc_masked_catalog_duration,268,325.0726396766977,-6.198917033725593,0.18080960491074194,0.8712599999999999,-26.977719712230204,4.3563
9944201,pdc_masked_catalog_duration,269,325.80104264152624,3.7116607068765006,0.18112923118217944,1.4520999999999997,7.872680287769782,4.3563
9944201,pdc_masked_catalog_duration,270,326.5209589474463,1.401449619224877,0.1812885464545355,1.4520999999999997,7.872680287769782,4.3563
9944201,pdc_masked_catalog_duration,271,327.2377978009315,-5.340292974633485,0.18114434782068764,1.4520999999999997,7.872680287769782,4.3563
9944201,pdc_masked_catalog_duration,272,327.96668691342273,5.27033740015213,0.18120399054610742,1.4520999999999997,7.872680287769782,4.3563
9944201,pdc_masked_catalog_duration,273,328.6866799999474,3.070690383146939,0.18143584550687447,1.4520999999999997,7.872680287769782,4.3563
9944201,pdc_masked_catalog_duration,274,329.40378827659663,-3.2830828544501856,0.1810468653326202,1.4520999999999997,7.872680287769782,4.3563
9944201,pdc_masked_catalog_duration,275,330.1320974137617,6.492383050663193,0.1811466001662551,0.8712599999999999,-26.977719712230204,4.3563
9944201,pdc_masked_catalog_duration,276,330.8492337307491,0.17898789996252162,0.2071798719791956,1.4520999999999997,7.872680287769782,4.3563
9944201,pdc_masked_catalog_duration,277,331.56872544910186,-2.742629284675786,0.18129682135972183,1.4520999999999997,7.872680287769782,4.3563
9944201,pdc_masked_catalog_duration,278,332.28624715958784,-8.50105779736623,0.18102890688024478,1.4520999999999997,7.872680287769782,4.3563
9944201,pdc_masked_catalog_duration,279,333.0147205410343,1.5109198730351636,0.1863226339512778,1.4520999999999997,7.872680287769782,4.3563
9944201,pdc_masked_catalog_duration,280,333.7342922495018,-1.2955115463955735,0.1815470396769638,1.4520999999999997,7.872680287769782,4.3563
9944201,pdc_masked_catalog_duration,281,334.45170362721393,-7.212819253481939,0.18111419099232537,0.8712599999999999,-26.977719712230204,4.3563
9944201,pdc_masked_catalog_duration,282,335.1800923935301,2.6773126293210225,0.181562859805248,1.4520999999999997,7.872680287769782,4.3563
9944201,pdc_masked_catalog_duration,283,335.8999270189093,0.24948156275058864,0.1816260879106768,1.4520999999999997,7.872680287769782,4.3563
9944201,pdc_masked_catalog_duration,284,336.61701335119534,-6.13589155785121,0.1814792287204358,0.8712599999999999,-26.977719712230204,4.3563
9944201,pdc_masked_catalog_duration,285,337.33462446247364,-11.76558292968366,0.1809517725579912,1.4520999999999997,7.872680287769782,4.3563
9944201,pdc_masked_catalog_duration,286,338.0654654491413,1.6557462591572403,0.1816512226313121,1.4520999999999997,7.872680287769782,4.3563
9944201,pdc_masked_catalog_duration,287,338.7821875779892,-5.254079812384589,0.18144829283520303,0.8712599999999999,-26.977719712230204,4.3563
9944201,pdc_masked_catalog_duration,288,339.5110484650653,5.315905964707781,0.18153564381543513,1.4520999999999997,7.872680287769782,4.3563
9944201,pdc_masked_catalog_duration,289,340.22765982974283,-1.753420512231969,0.20453483574408537,1.4520999999999997,7.872680287769782,4.3563
9944201,pdc_masked_catalog_duration,290,340.9478275970387,-3.7015272187363735,0.18155683415434076,1.4520999999999997,7.872680287769782,4.3563
9944201,pdc_masked_catalog_duration,291,341.6766415029022,6.8008056121016125,0.1814942237928919,1.4520999999999997,7.872680287769782,4.3563
9944201,pdc_masked_catalog_duration,292,342.39337064290316,-0.09892439903524064,0.1817115328547914,1.4520999999999997,7.872680287769782,4.3563
9944201,pdc_masked_catalog_duration,293,343.11323917572093,-2.477928753951346,0.1816529611412914,1.4520999999999997,7.872680287769782,4.3563
9944201,pdc_masked_catalog_duration,294,343.8419438397203,7.8670957925078255,0.18143395260507486,0.8712599999999999,-26.977719712230204,4.3563
9944201,pdc_masked_catalog_duration,295,344.55896264253687,1.384480235819865,0.18164391636636612,1.4520999999999997,7.872680287769782,4.3563
9944201,pdc_masked_catalog_duration,296,345.2789002706694,-0.8950268658463756,0.18160259505570692,1.4520999999999997,7.872680287769782,4.3563
9944201,pdc_masked_catalog_duration,297,345.99613709279504,-7.063694617427245,0.18138936295733438,0.8712599999999999,-26.977719712230204,4.3563
9944201,pdc_masked_catalog_duration,298,346.72455931237744,2.874609968639561,0.18155006657126527,1.4520999999999997,7.872680287769782,4.3563
9944201,pdc_masked_catalog_duration,299,347.4443421841833,0.3722537565136008,0.18164932604279554,1.4520999999999997,7.872680287769782,4.3563
9944201,pdc_masked_catalog_duration,300,348.16148952523054,-5.925266748072318,0.1813607014801937,0.8712599999999999,-26.977719712230204,4.3563
9944201,pdc_masked_catalog_duration,301,348.890275655963,4.537069894204251,0.18155899128690564,1.4520999999999997,7.872680287769782,4.3563
9944201,pdc_no_extra_catalog_duration,0,131.70839695733204,-1.2347490203001144,0.18906601710116708,1.4520999999999997,7.30855510791367,4.3563
9944201,pdc_no_extra_catalog_duration,1,132.42554492090485,-7.53235429502638,0.18863670521303796,0.8712599999999999,-27.541844892086317,4.3563
9944201,pdc_no_extra_catalog_duration,2,133.15421534087267,2.7623776390464627,0.18882248728155487,1.4520999999999997,7.30855510791367,4.3563
9944201,pdc_no_extra_catalog_duration,3,133.8852497560752,16.46126271117282,0.18830935260613463,1.4520999999999997,7.30855510791367,4.3563
9944201,pdc_no_extra_catalog_duration,4,134.60242900212097,10.208704197489169,0.1884246649146325,1.4520999999999997,7.30855510791367,4.3563
9944201,pdc_no_extra_catalog_duration,5,135.31990226512107,4.37953009805824,0.18908250483043465,1.4520999999999997,7.30855510791367,4.3563
9944201,pdc_no_extra_catalog_duration,6,136.03690537842138,-2.126659569075855,0.2055849700838083,1.4520999999999997,7.30855510791367,4.3563
9944201,pdc_no_extra_catalog_duration,7,136.75653427317803,-4.8517239390321265,0.1892423543526469,1.4520999999999997,7.30855510791367,4.3563
9944201,pdc_no_extra_catalog_duration,8,137.4739614267788,-10.747295573505653,0.18893254794387127,1.4520999999999997,7.30855510791367,4.3563
9944201,pdc_no_extra_catalog_duration,9,138.20273236493918,-0.3078174421352742,0.18934787579961887,1.4520999999999997,7.30855510791367,4.3563
9944201,pdc_no_extra_catalog_duration,10,138.92196453743998,-3.604161860566819,0.18928473391260248,1.4520999999999997,7.30855510791367,4.3563
9944201,pdc_no_extra_catalog_duration,11,139.63926049057477,-9.68866216599963,0.18905237910868525,0.8712599999999999,-27.541844892086317,4.3563
9944201,pdc_no_extra_catalog_duration,12,140.36845436431963,1.3598432070239141,0.18933148984704512,1.4520999999999997,7.30855510791367,4.3563
9944201,pdc_no_extra_catalog_duration,13,141.08739052014636,-2.3627652220693562,0.1894345483137886,1.4520999999999997,7.30855510791367,4.3563
9944201,pdc_no_extra_catalog_duration,14,141.80494073703468,-8.081125722455909,0.1891863367923061,0.8712599999999999,-27.541844892086317,4.3563
9944201,pdc_no_extra_catalog_duration,15,142.53425318468288,3.1381260713715164,0.1895488428586009,1.4520999999999997,7.30855510791367,4.3563
9944201,pdc_no_extra_catalog_duration,16,143.25174890695396,-2.6587066778074586,0.31459107211055015,1.481142,9.051075107913684,4.3563
9944201,pdc_no_extra_catalog_duration,17,143.97006435529485,-7.2751338865055,0.18963506756038553,0.8712599999999999,-27.541844892086317,4.3563
9944201,pdc_no_extra_catalog_duration,18,144.70017657979037,5.0957965674570005,0.1896947897696956,1.4520999999999997,7.30855510791367,4.3563
9944201,pdc_no_extra_catalog_duration,19,145.4174028577494,-1.089035991099081,0.23377244170955497,1.481142,9.051075107913684,4.3563
9944201,pdc_no_extra_catalog_duration,20,146.13549185873217,-6.031547395464258,0.1896497233151049,1.4520999999999997,7.30855510791367,4.3563
9944201,pdc_no_extra_catalog_duration,21,146.86541462448025,6.066562462201546,0.1895577991537327,0.8712599999999999,-27.541844892086317,4.3563
9944201,pdc_no_extra_catalog_duration,22,147.58296538847256,0.34898979154604604,0.21016949863225465,1.4520999999999997,7.30855510791367,4.3563
9944201,pdc_no_extra_catalog_duration,23,148.3007154604949,-5.081579315860836,0.19000034193802345,1.4520999999999997,7.30855510791367,4.3563
9944201,pdc_no_extra_catalog_duration,24,149.03114017502975,7.739336794784322,0.1899547869595876,1.4520999999999997,7.30855510791367,4.3563
9944201,pdc_no_extra_catalog_duration,25,149.74816841032367,1.269322798457324,0.19001634113614266,1.4520999999999997,7.30855510791367,4.3563
9944201,pdc_no_extra_catalog_duration,26,150.4662383558999,-3.700628391366081,0.2044150285195209,1.4520999999999997,7.30855510791367,4.3563
9944201,pdc_no_extra_catalog_duration,27,151.18369814461644,-9.549205459106815,0.18986518329452362,0.8712599999999999,-27.541844892086317,4.3563
9944201,pdc_no_extra_catalog_duration,28,151.91432057754486,3.556425138231134,0.1900616722050996,1.4520999999999997,7.30855510791367,4.3563
9944201,pdc_no_extra_catalog_duration,29,152.64444624477736,15.946713133494086,0.1895213429594691,1.4520999999999997,7.30855510791367,4.3563
9944201,pdc_no_extra_catalog_duration,30,153.3495006187441,-7.765661173989429,0.18994782547549227,0.8712599999999999,-27.541844892086317,4.3563
9944201,pdc_no_extra_catalog_duration,31,154.08014566800065,5.372536935888093,0.19039787933376615,1.4520999999999997,7.30855510791367,4.3563
9944201,pdc_no_extra_catalog_duration,32,154.7969591148056,-1.406772484542671,0.5205115517295305,1.481142,9.051075107913684,4.3563
9944201,pdc_no_extra_catalog_duration,33,155.51483105379668,-6.661853156942925,0.19034727626099146,1.4520999999999997,7.30855510791367,4.3563
9944201,pdc_no_extra_catalog_duration,34,156.23244456818767,-12.2890652534943,0.1900502529298269,1.4520999999999997,7.30855510791367,4.3563
9944201,pdc_no_extra_catalog_duration,35,156.9628655788472,0.526517276625782,0.26585518358612314,1.481142,9.051075107913684,4.3563
9944201,pdc_no_extra_catalog_duration,36,157.67994498503634,-5.869810630565553,0.28556015560442294,1.4520999999999997,7.30855510791367,4.3563
9944201,pdc_no_extra_catalog_duration,37,158.41093680577552,7.767738414313499,0.19007417030961524,1.4520999999999997,7.30855510791367,4.3563
9944201,pdc_no_extra_catalog_duration,38,159.12837681726555,1.890682140374338,0.23369784151424253,1.4520999999999997,7.30855510791367,4.3563
9944201,pdc_no_extra_catalog_duration,39,159.83265646156272,-22.937302891273248,0.22450960983900917,1.4520999999999997,7.30855510791367,4.3563
9944201,pdc_no_extra_catalog_duration,40,160.57672117172075,9.525206916709976,0.19001656504628864,0.8712599999999999,-27.541844892086317,4.3563
9944201,pdc_no_extra_catalog_duration,41,161.29396136604785,3.360413928203343,0.20247687336721693,1.4520999999999997,7.30855510791367,4.3563
9944201,pdc_no_extra_catalog_duration,42,162.01044586499134,-3.8925804127529773,0.347799546213056,1.481142,9.051075107913684,4.3563
9944201,pdc_no_extra_catalog_duration,46,164.89176261222372,-10.759155676400951,0.13103712573516532,0.8712599999999999,-27.541844892086317,4.3563
9944201,pdc_no_extra_catalog_duration,53,169.95621285231394,9.11448031656164,0.1913413439325407,0.8712599999999999,-27.541844892086317,4.3563
9944201,pdc_no_extra_catalog_duration,54,170.67359218990245,3.150053624440261,0.30804567230863994,1.481142,9.051075107913684,4.3563
9944201,pdc_no_extra_catalog_duration,55,171.40403012899336,15.99001309576579,0.19150216329104233,1.4520999999999997,7.30855510791367,4.3563
9944201,pdc_no_extra_catalog_duration,56,172.1077108875491,-9.700367403534074,0.1921728045294327,0.8712599999999999,-27.541844892086317,4.3563
9944201,pdc_no_extra_catalog_duration,57,172.83904662571777,4.432422739769208,0.2463830718777681,1.4520999999999997,7.30855510791367,4.3563
9944201,pdc_no_extra_catalog_duration,58,173.55593192680612,-2.243416512537806,0.3439442241687524,1.481142,9.051075107913684,4.3563
9944201,pdc_no_extra_catalog_duration,59,174.2738004417365,-7.503427832357374,0.19234219843061032,1.4520999999999997,7.30855510791367,4.3563
9944201,pdc_no_extra_catalog_duration,60,175.00347564014044,4.238185049716776,0.1923065922862818,1.4520999999999997,7.30855510791367,4.3563
9944201,pdc_no_extra_catalog_duration,61,175.72119044257408,-1.2431722654082478,0.2803542676255603,1.481142,9.051075107913684,4.3563
9944201,pdc_no_extra_catalog_duration,62,176.45145970520863,11.353893108766897,0.19175856906376276,1.4520999999999997,7.30855510791367,4.3563
9944201,pdc_no_extra_catalog_duration,63,177.16926971918699,6.009640418055824,0.19208294831714476,0.8712599999999999,-27.541844892086317,4.3563
9944201,pdc_no_extra_catalog_duration,64,177.88637326469856,-0.3519268648506113,0.2547606225438917,1.4520999999999997,7.30855510791367,4.3563
9944201,pdc_no_extra_catalog_duration,65,178.617289340443,13.176549387553678,0.19165422125705542,1.4520999999999997,7.30855510791367,4.3563
9944201,pdc_no_extra_catalog_duration,66,179.33492536478536,7.581751621028161,0.19202400613349732,0.8712599999999999,-27.541844892086317,4.3563
9944201,pdc_no_extra_catalog_duration,67,180.05207282063935,1.2834152311961589,0.2066529841917664,1.4520999999999997,7.30855510791367,4.3563
9944201,pdc_no_extra_catalog_duration,68,180.77042516043306,-3.2798882854376643,0.1929151239051136,1.4520999999999997,7.30855510791367,4.3563
9944201,pdc_no_extra_catalog_duration,73,184.3831890929195,4.146810397196532,0.19101320682872014,1.4520999999999997,7.30855510791367,4.3563
9944201,pdc_no_extra_catalog_duration,74,185.11361279524115,16.966268920787115,0.19102894412079557,1.4520999999999997,7.30855510791367,4.3563
9944201,pdc_no_extra_catalog_duration,75,185.83114168835115,11.217202179609558,0.19169283783475416,1.4520999999999997,7.30855510791367,4.3563
9944201,pdc_no_extra_catalog_duration,76,186.54887288261492,5.759449099891754,0.1921019036584488,1.4520999999999997,7.30855510791367,4.3563
9944201,pdc_no_extra_catalog_duration,77,187.26541485822443,-1.410778841982392,0.192366302648045,1.4520999999999997,7.30855510791367,4.3563
9944201,pdc_no_extra_catalog_duration,78,187.98433469823618,-5.156882044639133,0.19228261263712793,1.4520999999999997,7.30855510791367,4.3563
9944201,pdc_no_extra_catalog_duration,79,188.7140757540888,6.679565563608776,0.19216130260025102,0.8712599999999999,-27.541844892086317,4.3563
9944201,pdc_no_extra_catalog_duration,80,189.4311432390479,0.26607108513871935,0.1924035904861595,1.4520999999999997,7.30855510791367,4.3563
9944201,pdc_no_extra_catalog_duration,81,190.14967600079265,-4.037424822013236,0.19243990252273105,1.4520999999999997,7.30855510791367,4.3563
9944201,pdc_no_extra_catalog_duration,82,190.86687760934112,-10.257781331802107,0.1921651227370608,0.8712599999999999,-27.541844892086317,4.3563
9944201,pdc_no_extra_catalog_duration,83,191.59766885897767,3.090945325257053,0.2609803550186639,1.4520999999999997,7.30855510791367,4.3563
9944201,pdc_no_extra_catalog_duration,84,192.3155026640372,-2.219048208539789,0.19252226379597356,1.4520999999999997,7.30855510791367,4.3563
9944201,pdc_no_extra_catalog_duration,85,193.03282708224648,-8.262558806763991,0.19223417581938662,0.8712599999999999,-27.541844892086317,4.3563
9944201,pdc_no_extra_catalog_duration,86,193.76269545468872,3.7572246904846907,0.19244241467695306,1.4520999999999997,7.30855510791367,4.3563
9944201,pdc_no_extra_catalog_duration,87,194.481286234576,-0.4627250913699754,0.19252992482824957,1.4520999999999997,7.30855510791367,4.3563
9944201,pdc_no_extra_catalog_duration,88,195.19834049135875,-6.895268143834983,0.19229868211448242,0.8712599999999999,-27.541844892086317,4.3563
9944201,pdc_no_extra_catalog_duration,89,195.92795380872758,4.7572360477443,0.1923345166396302,1.4520999999999997,7.30855510791367,4.3563
9944201,pdc_no_extra_catalog_duration,90,196.64536974292363,-1.1544915295144165,0.24960955857441627,1.481142,9.051075107913684,4.3563
9944201,pdc_no_extra_catalog_duration,91,197.36411350597078,-5.154145561205041,0.192348925190719,1.4520999999999997,7.30855510791367,4.3563
9944201,pdc_no_extra_catalog_duration,92,198.0935873597802,6.297531104828522,0.19227997591096388,0.8712599999999999,-27.541844892086317,4.3563
9944201,pdc_no_extra_catalog_duration,93,198.8105514253074,-0.2648873555699538,0.23215569210343387,1.4520999999999997,7.30855510791367,4.3563
9944201,pdc_no_extra_catalog_duration,94,199.52957521132515,-3.861308309597007,0.1924091545918566,1.4520999999999997,7.30855510791367,4.3563
9944201,pdc_no_extra_catalog_duration,95,200.24682919990218,-10.006237578213586,0.19214828507864679,1.4520999999999997,7.30855510791367,4.3563
9944201,pdc_no_extra_catalog_duration,96,200.9760802523461,1.1246051214038744,0.1971997185465539,1.4520999999999997,7.30855510791367,4.3563
9944201,pdc_no_extra_catalog_duration,97,201.69495892540402,-2.6807784947141045,0.20425053904715373,1.4520999999999997,7.30855510791367,4.3563
9944201,pdc_no_extra_catalog_duration,98,202.41252980614675,-8.369383044764618,0.19277403973000623,0.8712599999999999,-27.541844892086317,4.3563
9944201,pdc_no_extra_catalog_duration,99,203.1417567532752,2.7267480006094047,0.1931315752621364,1.4520999999999997,7.30855510791367,4.3563
9944201,pdc_no_extra_catalog_duration,100,203.86035917101927,-1.4764432674519412,0.23649387986795206,1.4520999999999997,7.30855510791367,4.3563
9944201,pdc_no_extra_catalog_duration,101,204.57762836883444,-7.599471233224904,0.19286985451976094,0.8712599999999999,-27.541844892086317,4.3563
9944201,pdc_no_extra_catalog_duration,102,205.3076048466445,4.575983993718182,0.19299521306828554,1.4520999999999997,7.30855510791367,4.3563
9944201,pdc_no_extra_catalog_duration,103,206.02564844738092,-0.43190376541133446,0.2523790218373015,1.481142,9.051075107913684,4.3563
9944201,pdc_no_extra_catalog_duration,104,206.74257160490447,-7.053229751072649,0.1930137324148376,1.4520999999999997,7.30855510791367,4.3563
9944201,pdc_no_extra_catalog_duration,105,207.47299871885002,5.771141510986126,0.19294403572181507,1.4520999999999997,7.30855510791367,4.3563
9944201,pdc_no_extra_catalog_duration,106,208.19116537468696,0.9404530966003222,0.311938762918031,1.481142,9.051075107913684,4.3563
9944201,pdc_no_extra_catalog_duration,107,208.9069881099375,-7.265480962219044,0.39416872807639547,0.8712599999999999,-27.541844892086317,4.3563
9944201,pdc_no_extra_catalog_duration,108,209.6386346872134,7.314917495555164,0.19288550876720525,0.8712599999999999,-27.541844892086317,4.3563
9944201,pdc_no_extra_catalog_duration,109,210.3555966581826,0.749482871597138,0.19313936086403058,1.4520999999999997,7.30855510791367,4.3563
9944201,pdc_no_extra_catalog_duration,110,211.07389631831234,-3.8896793611274916,0.1931105229967634,1.4520999999999997,7.30855510791367,4.3563
9944201,pdc_no_extra_catalog_duration,111,211.8038917282079,8.313038068909009,0.1926710621893654,0.8712599999999999,-27.541844892086317,4.3563
9944201,pdc_no_extra_catalog_duration,112,212.4916698117928,-40.27719438840904,0.3266023761205508,1.423058,5.566035107913683,4.3563
9944201,pdc_no_extra_catalog_duration,113,213.25168324587995,15.151477877539037,0.19232347146789633,1.4520999999999997,7.30855510791367,4.3563
9944201,pdc_no_extra_catalog_duration,114,213.95753120593992,-7.4181324557230255,0.1926642108620604,0.8712599999999999,-27.541844892086317,4.3563
9944201,pdc_no_extra_catalog_duration,115,214.6867801163809,3.7096257597613658,0.1929510946632372,1.4520999999999997,7.30855510791367,4.3563
9944201,pdc_no_extra_catalog_duration,116,215.40471373520856,-1.456635947988616,0.7668369206923744,1.481142,9.051075107913684,4.3563
9944201,pdc_no_extra_catalog_duration,117,216.12240722335505,-6.968685836613986,0.1928200474390313,0.8712599999999999,-27.541844892086317,4.3563
9944201,pdc_no_extra_catalog_duration,118,216.85230033600845,5.0867235647456255,0.19292599389054735,1.4520999999999997,7.30855510791367,4.3563
9944201,pdc_no_extra_catalog_duration,119,217.57133164556157,1.5011365016562195,0.20131579421648602,1.4520999999999997,7.30855510791367,4.3563
9944201,pdc_no_extra_catalog_duration,120,218.28787774873547,-5.663147747509356,0.19288831158119624,1.4520999999999997,7.30855510791367,4.3563
9944201,pdc_no_extra_catalog_duration,121,219.01779601299785,6.428479970782064,0.1928482416920517,1.4520999999999997,7.30855510791367,4.3563
9944201,pdc_no_extra_catalog_duration,122,219.73436716079092,-0.6997400268073761,0.19305905498773743,1.4520999999999997,7.30855510791367,4.3563
9944201,pdc_no_extra_catalog_duration,123,220.45352116636812,-4.108644815182743,0.1929531500646493,1.4520999999999997,7.30855510791367,4.3563
9944201,pdc_no_extra_catalog_duration,124,221.18319786071794,7.6351222289804355,0.19284365337953122,0.8712599999999999,-27.541844892086317,4.3563
9944201,pdc_no_extra_catalog_duration,125,221.89984784914802,0.6204327487148475,0.19305658436084475,1.4520999999999997,7.30855510791367,4.3563
9944201,pdc_no_extra_catalog_duration,126,222.6191452752002,-2.5819465556833165,0.1930229298040165,1.4520999999999997,7.30855510791367,4.3563
9944201,pdc_no_extra_catalog_duration,127,223.3367289774027,-8.252088203676067,0.19269992081451479,0.8712599999999999,-27.541844892086317,4.3563
9944201,pdc_no_extra_catalog_duration,128,224.06544315791655,2.105658916707398,0.19295414661958374,1.4520999999999997,7.30855510791367,4.3563
9944201,pdc_no_extra_catalog_duration,129,224.78467658562846,-1.1888779977152808,0.21168215316128702,1.4520999999999997,7.30855510791367,4.3563
9944201,pdc_no_extra_catalog_duration,130,225.50161511504643,-7.788068455411121,0.19277626122207414,0.8712599999999999,-27.541844892086317,4.3563
9944201,pdc_no_extra_catalog_duration,131,226.23151953811472,4.283627943391366,0.1929307275355715,1.4520999999999997,7.30855510791367,4.3563
9944201,pdc_no_extra_catalog_duration,132,226.95038300976867,0.45635430549737066,0.25006877835532465,1.4520999999999997,7.30855510791367,4.3563
9944201,pdc_no_extra_catalog_duration,133,227.66733804586272,-6.119066538649349,0.19282760466059,0.8712599999999999,-27.541844892086317,4.3563
9944201,pdc_no_extra_catalog_duration,134,228.39681832380873,5.34186088406841,0.1927795207954845,1.4520999999999997,7.30855510791367,4.3563
9944201,pdc_no_extra_catalog_duration,135,229.1138744518146,-1.08798760708396,0.20412928176934975,1.4520999999999997,7.30855510791367,4.3563
9944201,pdc_no_extra_catalog_duration,136,229.83279490084263,-4.833213826273095,0.19281730690930343,1.4520999999999997,7.30855510791367,4.3563
9944201,pdc_no_extra_catalog_duration,139,231.99857898086512,-3.07615705257831,0.19267073000386561,1.4520999999999997,7.30855510791367,4.3563
9944201,pdc_no_extra_catalog_duration,140,232.72767259279792,7.827971311071451,0.19273399060281726,0.8712599999999999,-27.541844892086317,4.3563
9944201,pdc_no_extra_catalog_duration,141,233.44482209476578,1.5325813252229636,0.19319539642232453,1.4520999999999997,7.30855510791367,4.3563
9944201,pdc_no_extra_catalog_duration,142,234.16349154802936,-2.574078794768866,0.2608514924076441,1.4520999999999997,7.30855510791367,4.3563
9944201,pdc_no_extra_catalog_duration,143,234.88150373817842,-7.627197799729402,0.19304659802889568,0.8712599999999999,-27.541844892086317,4.3563
9944201,pdc_no_extra_catalog_duration,144,235.61081278242293,3.5871530928170614,0.19336933711567697,1.4520999999999997,7.30855510791367,4.3563
9944201,pdc_no_extra_catalog_duration,145,236.32903806588203,-1.1591115456485568,0.3162885212525161,1.4520999999999997,7.30855510791367,4.3563
9944201,pdc_no_extra_catalog_duration,146,237.04676167463427,-6.627787762004118,0.19314614990553947,0.8712599999999999,-27.541844892086317,4.3563
9944201,pdc_no_extra_catalog_duration,147,237.77607859645576,4.597906841408985,0.19326372285402652,1.4520999999999997,7.30855510791367,4.3563
9944201,pdc_no_extra_catalog_duration,148,238.49464081334986,0.336826349293915,0.4916911104881574,1.481142,9.051075107913684,4.3563
9944201,pdc_no_extra_catalog_duration,149,239.21196844366474,-5.7020588168097674,0.19324451836972664,1.4520999999999997,7.30855510791367,4.3563
9944201,pdc_no_extra_catalog_duration,150,239.94149807468978,5.829937039657125,0.1932064208352695,1.4520999999999997,7.30855510791367,4.3563
9944201,pdc_no_extra_catalog_duration,151,240.65879780794154,-0.2491198973802966,0.44501745409001725,1.4520999999999997,7.30855510791367,4.3563
9944201,pdc_no_extra_catalog_duration,152,241.37763906628692,-4.108380699572081,0.19324447684989854,1.4520999999999997,7.30855510791367,4.3563
9944201,pdc_no_extra_catalog_duration,153,242.10695601929987,7.117358819505171,0.19309208669671157,0.8712599999999999,-27.541844892086317,4.3563
9944201,pdc_no_extra_catalog_duration,154,242.82491780410564,1.9916561202308003,0.2753036550904276,1.481142,9.051075107913684,4.3563
9944201,pdc_no_extra_catalog_duration,155,243.5429950727869,-2.9677497982766,0.1933115991036658,1.4520999999999997,7.30855510791367,4.3563
9944201,pdc_no_extra_catalog_duration,156,244.26016314445002,-9.236399423016337,0.193048404290053,0.8712599999999999,-27.541844892086317,4.3563
9944201,pdc_no_extra_catalog_duration,157,244.9898046757275,2.4567327970180486,0.19337795318123405,1.4520999999999997,7.30855510791367,4.3563
9944201,pdc_no_extra_catalog_duration,158,245.72025202767787,15.31024678597987,0.19272880020423871,1.4520999999999997,7.30855510791367,4.3563
9944201,pdc_no_extra_catalog_duration,159,246.42622195973473,-7.083723871719485,0.19365914830538425,1.4520999999999997,7.30855510791367,4.3563
9944201,pdc_no_extra_catalog_duration,160,247.15506144357005,3.454460031598501,0.19381259729729833,1.4520999999999997,7.30855510791367,4.3563
9944201,pdc_no_extra_catalog_duration,161,247.87425158826048,0.0975955661988337,0.19397277305141641,1.4520999999999997,7.30855510791367,4.3563
9944201,pdc_no_extra_catalog_duration,162,248.5884790886875,-10.405476638416076,0.3268343301553158,0.8712599999999999,-27.541844892086317,4.3563
9944201,pdc_no_extra_catalog_duration,163,249.3090063381046,-11.836910297365648,0.19338218854782868,1.4520999999999997,7.30855510791367,4.3563
9944201,pdc_no_extra_catalog_duration,164,250.03815695698566,-0.8506919282308445,0.2546517002028958,1.481142,9.051075107913684,4.3563
9944201,pdc_no_extra_catalog_duration,165,250.76848794884032,11.835263522939385,0.1933883547426808,1.4520999999999997,7.30855510791367,4.3563
9944201,pdc_no_extra_catalog_duration,166,251.48635520027833,6.573432774093817,0.19373548871087776,1.4520999999999997,7.30855510791367,4.3563
9944201,pdc_no_extra_catalog_duration,167,252.20325214419077,-0.0856408115623708,0.26241258888542063,1.4520999999999997,7.30855510791367,4.3563
9944201,pdc_no_extra_catalog_duration,168,252.92176751635742,-4.414177711123557,0.19380329610244948,1.4520999999999997,7.30855510791367,4.3563
9944201,pdc_no_extra_catalog_duration,169,253.65167944493854,7.668326626067028,0.19364042134124587,1.4520999999999997,7.30855510791367,4.3563
9944201,pdc_no_extra_catalog_duration,170,254.36916407176415,1.8555164354074805,0.2198304334213449,1.4520999999999997,7.30855510791367,4.3563
9944201,pdc_no_extra_catalog_duration,171,255.08756641695445,-2.6357793101396965,0.19399911952124302,1.4520999999999997,7.30855510791367,4.3563
9944201,pdc_no_extra_catalog_duration,173,256.5346109363545,3.12698298684154,0.1988657812899023,1.4520999999999997,7.30855510791367,4.3563
9944201,pdc_no_extra_catalog_duration,174,257.2528653313039,-1.577361105582895,0.1986991082818122,1.4520999999999997,7.30855510791367,4.3563
9944201,pdc_no_extra_catalog_duration,175,257.98215940783973,9.615436286403565,0.19345601679765279,1.4520999999999997,7.30855510791367,4.3563
9944201,pdc_no_extra_catalog_duration,179,260.86478467672737,4.633132206290611,0.18431666320527107,1.4520999999999997,7.30855510791367,4.3563
9944201,pdc_no_extra_catalog_duration,180,261.5820609315439,-1.4797336774699943,0.2215592920502441,1.4520999999999997,7.30855510791367,4.3563
9944201,pdc_no_extra_catalog_duration,181,262.30173227787344,-4.143667782436751,0.18448342127807899,1.4520999999999997,7.30855510791367,4.3563
9944201,pdc_no_extra_catalog_duration,182,263.03054277823435,6.352779917651787,0.18446561732611533,0.8712599999999999,-27.541844892086317,4.3563
9944201,pdc_no_extra_catalog_duration,183,263.747798655743,0.2105707105693,0.19694379863944786,1.4520999999999997,7.30855510791367,4.3563
9944201,pdc_no_extra_catalog_duration,184,264.46662590209183,-3.6688673666412797,0.18467573802239384,1.4520999999999997,7.30855510791367,4.3563
9944201,pdc_no_extra_catalog_duration,185,265.1960974485833,7.7794867614738905,0.18452238602865648,0.8712599999999999,-27.541844892086317,4.3563
9944201,pdc_no_extra_catalog_duration,186,265.9134778364434,1.8165724604659772,0.1848178085052627,1.4520999999999997,7.30855510791367,4.3563
9944201,pdc_no_extra_catalog_duration,187,266.63185067182127,-2.7172174149472994,0.20214576748930613,1.4520999999999997,7.30855510791367,4.3563
9944201,pdc_no_extra_catalog_duration,188,267.34951680933233,-8.268652218639545,0.18437411178131755,0.8712599999999999,-27.541844892086317,4.3563
9944201,pdc_no_extra_catalog_duration,189,268.0789338153818,3.101163672963594,0.1847580441441279,1.4520999999999997,7.30855510791367,4.3563
9944201,pdc_no_extra_catalog_duration,190,268.7978454226405,-0.6567946939776448,0.23970755591702347,1.4520999999999997,7.30855510791367,4.3563
9944201,pdc_no_extra_catalog_duration,191,269.51481938914424,-7.2049557481841475,0.18444439279563274,0.8712599999999999,-27.541844892086317,4.3563
9944201,pdc_no_extra_catalog_duration,192,270.24457827461924,4.657166516208235,0.18461899055601852,1.4520999999999997,7.30855510791367,4.3563
9944201,pdc_no_extra_catalog_duration,193,270.9630180502812,0.2197706499191554,0.2528240996264008,1.4520999999999997,7.30855510791367,4.3563
9944201,pdc_no_extra_catalog_duration,195,272.4097986755843,5.60252544717514,0.18453215908149537,1.4520999999999997,7.30855510791367,4.3563
9944201,pdc_no_extra_catalog_duration,196,273.1267988297353,-0.9079253948675614,0.1886196079219033,1.4520999999999997,7.30855510791367,4.3563
9944201,pdc_no_extra_catalog_duration,197,273.84597237366586,-4.288694954429957,0.1846409799311413,1.4520999999999997,7.30855510791367,4.3563
9944201,pdc_no_extra_catalog_duration,198,274.57534499986707,7.0172139556962065,0.18455198139186338,0.8712599999999999,-27.541844892086317,4.3563
9944201,pdc_no_extra_catalog_duration,199,275.2922511876833,0.37145159151805274,0.1848049123161357,1.4520999999999997,7.30855510791367,4.3563
9944201,pdc_no_extra_catalog_duration,200,276.01128817510084,-3.20595934674202,0.18471357674302252,1.4520999999999997,7.30855510791367,4.3563
9944201,pdc_no_extra_catalog_duration,201,276.740522738625,7.901139308387428,0.1844712899446648,0.8712599999999999,-27.541844892086317,4.3563
9944201,pdc_no_extra_catalog_duration,202,277.45766484927657,1.5951058270638896,0.1847253681473741,1.4520999999999997,7.30855510791367,4.3563
9944201,pdc_no_extra_catalog_duration,203,278.1768433444075,-1.7785340038881259,0.18474217355161135,1.4520999999999997,7.30855510791367,4.3563
9944201,pdc_no_extra_catalog_duration,204,278.8943582607836,-7.547727241917528,0.18450245749448696,0.8712599999999999,-27.541844892086317,4.3563
9944201,pdc_no_extra_catalog_duration,205,279.6233629613076,3.2283686930259137,0.1846715101106773,1.4520999999999997,7.30855510791367,4.3563
9944201,pdc_no_extra_catalog_duration,206,280.34209628339636,-0.7863203186661849,0.29603779066125635,1.4520999999999997,7.30855510791367,4.3563
9944201,pdc_no_extra_catalog_duration,208,281.77717224025827,-12.258288076673125,0.18419766563354817,1.4520999999999997,7.30855510791367,4.3563
9944201,pdc_no_extra_catalog_duration,209,282.5080506886292,1.2160047579709499,0.18484991087021746,1.4520999999999997,7.30855510791367,4.3563
9944201,pdc_no_extra_catalog_duration,210,283.22485687290674,-5.573762701942542,0.1846096424222963,1.4520999999999997,7.30855510791367,4.3563
9944201,pdc_no_extra_catalog_duration,211,283.95415422449764,5.623750769336766,0.1845481359028451,1.4520999999999997,7.30855510791367,4.3563
9944201,pdc_no_extra_catalog_duration,212,284.6710918047685,-0.9768064601939841,0.18477470083239364,1.4520999999999997,7.30855510791367,4.3563
9944201,pdc_no_extra_catalog_duration,213,285.3905013433015,-4.01774379221024,0.1846551083702383,1.4520999999999997,7.30855510791367,4.3563
9944201,pdc_no_extra_catalog_duration,214,286.10792361440724,-9.920346219532803,0.1843154734419699,1.4520999999999997,7.30855510791367,4.3563
9944201,pdc_no_extra_catalog_duration,215,286.8365901021814,0.368723355622933,0.18474327832846643,1.4520999999999997,7.30855510791367,4.3563
9944201,pdc_no_extra_catalog_duration,216,287.5560557709857,-2.5913863855930686,0.18462362213821695,1.4520999999999997,7.30855510791367,4.3563
9944201,pdc_no_extra_catalog_duration,217,288.2850880403338,8.224408656005835,0.18445129767301796,1.4520999999999997,7.30855510791367,4.3563
9944201,pdc_no_extra_catalog_duration,218,289.00234405611826,2.0823985660263133,0.1847208427964359,1.4520999999999997,7.30855510791367,4.3563
9944201,pdc_no_extra_catalog_duration,219,289.7215669948559,-1.2272424713228247,0.1847168698373516,1.4520999999999997,7.30855510791367,4.3563
9944201,pdc_no_extra_catalog_duration,220,290.4386443716976,-7.626492638810305,0.1844631315688735,0.8712599999999999,-27.541844892086317,4.3563
9944201,pdc_no_extra_catalog_duration,222,291.88728450872696,0.43395904433054966,0.18465294130137852,1.4520999999999997,7.30855510791367,4.3563
9944201,pdc_no_extra_catalog_duration,223,292.6043134299424,-6.035067224966042,0.1844144999952736,0.8712599999999999,-27.541844892086317,4.3563
9944201,pdc_no_extra_catalog_duration,224,293.33343167978285,4.904539725648647,0.18457486308535784,1.4520999999999997,7.30855510791367,4.3563
9944201,pdc_no_extra_catalog_duration,225,294.05309622777804,2.2308160191914794,0.18470849900190753,1.4520999999999997,7.30855510791367,4.3563
9944201,pdc_no_extra_catalog_duration,226,294.76952817571544,-5.097851770497073,0.18451063711337845,1.4520999999999997,7.30855510791367,4.3563
9944201,pdc_no_extra_catalog_duration,227,295.4985875550182,5.756981605891269,0.18447118371279211,1.4520999999999997,7.30855510791367,4.3563
9944201,pdc_no_extra_catalog_duration,228,296.21560381145713,-0.7302819416963757,0.18464665255870377,1.4520999999999997,7.30855510791367,4.3563
9944201,pdc_no_extra_catalog_duration,229,296.9461097759188,12.207634063634032,0.1840125512130493,1.4520999999999997,7.30855510791367,4.3563
9944201,pdc_no_extra_catalog_duration,230,297.66387603673894,6.800376825040075,0.18426306012473276,0.8712599999999999,-27.541844892086317,4.3563
9944201,pdc_no_extra_catalog_duration,231,298.3813642986372,0.9928011389274616,0.18459799973222718,1.4520999999999997,7.30855510791367,4.3563
9944201,pdc_no_extra_catalog_duration,232,299.1004767478289,-2.4759448445638554,0.18452729380290459,1.4520999999999997,7.30855510791367,4.3563
9944201,pdc_no_extra_catalog_duration,233,299.82957141945826,8.429709482170438,0.1843121378598985,0.8712599999999999,-27.541844892086317,4.3563
9944201,pdc_no_extra_catalog_duration,234,300.54673428897934,2.1535687729010533,0.18457241982568537,1.4520999999999997,7.30855510791367,4.3563
9944201,pdc_no_extra_catalog_duration,235,301.2660765143633,-0.984299493720755,0.18455599684425414,1.4520999999999997,7.30855510791367,4.3563
9944201,pdc_no_extra_catalog_duration,236,301.98344139762617,-6.969540414738731,0.1842629963848181,0.8712599999999999,-27.541844892086317,4.3563
9944201,pdc_no_extra_catalog_duration,237,302.7123890525481,3.7244098531937198,0.18453615329165143,1.4520999999999997,7.30855510791367,4.3563
9944201,pdc_no_extra_catalog_duration,238,303.4319264662059,0.8676127008948242,0.18453198911530405,1.4520999999999997,7.30855510791367,4.3563
9944201,pdc_no_extra_catalog_duration,239,304.1488369090638,-5.772022403252777,0.1842911682832521,0.8712599999999999,-27.541844892086317,4.3563
9944201,pdc_no_extra_catalog_duration,240,304.877453220736,4.444793585134903,0.18437742612308167,1.4520999999999997,7.30855510791367,4.3563
9944201,pdc_no_extra_catalog_duration,241,305.59708576144556,1.7249793872542796,0.18542233891113846,1.4520999999999997,7.30855510791367,4.3563
9944201,pdc_no_extra_catalog_duration,242,306.3144184957741,-4.30655599912825,0.1843661021191969,1.4520999999999997,7.30855510791367,4.3563
9944201,pdc_no_extra_catalog_duration,243,307.04320081848937,6.149315891270817,0.18435537301063493,1.4520999999999997,7.30855510791367,4.3563
9944201,pdc_no_extra_catalog_duration,244,307.7601221793785,-0.4745972479577176,0.18456576990125434,1.4520999999999997,7.30855510791367,4.3563
9944201,pdc_no_extra_catalog_duration,245,308.4794096979124,-3.6912433787347254,0.1844195352384677,1.4520999999999997,7.30855510791367,4.3563
9944201,pdc_no_extra_catalog_duration,246,309.2084554465929,7.143961901656439,0.18422660237727778,0.8712599999999999,-27.541844892086317,4.3563
9944201,pdc_no_extra_catalog_duration,247,309.9257378464757,1.0399449133183225,0.184440547308026,1.4520999999999997,7.30855510791367,4.3563
9944201,pdc_no_extra_catalog_duration,248,310.64520305207606,-1.920831841744075,0.18429579985875635,1.4520999999999997,7.30855510791367,4.3563
9944201,pdc_no_extra_catalog_duration,249,311.3623213211962,-8.261197128285858,0.18389085542749048,1.4520999999999997,7.30855510791367,4.3563
9944201,pdc_no_extra_catalog_duration,250,312.0911125376962,2.2074818120745476,0.18432454539125193,1.4520999999999997,7.30855510791367,4.3563
9944201,pdc_no_extra_catalog_duration,251,312.8108310726432,-0.3885006837117544,0.1843678655183597,1.4520999999999997,7.30855510791367,4.3563
9944201,pdc_no_extra_catalog_duration,252,313.5279732050933,-6.694502775135334,0.18388384431930163,0.8712599999999999,-27.541844892086317,4.3563
9944201,pdc_no_extra_catalog_duration,253,314.25670972836383,3.695417914805148,0.18407144449714533,1.4520999999999997,7.30855510791367,4.3563
9944201,pdc_no_extra_catalog_duration,254,314.9767535715475,1.567879279718909,0.18420586650472248,1.4520999999999997,7.30855510791367,4.3563
9944201,pdc_no_extra_catalog_duration,255,315.69351457985573,-5.28694157593236,0.18396105145566263,0.8712599999999999,-27.541844892086317,4.3563
9944201,pdc_no_extra_catalog_duration,256,316.4222322934804,5.075893224002357,0.18409513352949367,1.4520999999999997,7.30855510791367,4.3563
9944201,pdc_no_extra_catalog_duration,257,317.1420207833044,2.5806457509406755,0.2075234080380767,1.4520999999999997,7.30855510791367,4.3563
9944201,pdc_no_extra_catalog_duration,258,317.8589164268418,-4.080300374762373,0.1840454396662874,1.4520999999999997,7.30855510791367,4.3563
9944201,pdc_no_extra_catalog_duration,259,318.58770998694837,6.391753359157519,0.18404949761519462,1.4520999999999997,7.30855510791367,4.3563
9944201,pdc_no_extra_catalog_duration,260,319.30790251690644,4.478323679159075,0.24350225804287004,1.4520999999999997,7.30855510791367,4.3563
9944201,pdc_no_extra_catalog_duration,261,320.02420209393557,-3.040958218425658,0.1842259862510392,1.4520999999999997,7.30855510791367,4.3563
9944201,pdc_no_extra_catalog_duration,262,320.75293817312473,7.3483229944304185,0.18399436483140127,0.8712599999999999,-27.541844892086317,4.3563
9944201,pdc_no_extra_catalog_duration,263,321.470253805691,1.2921610702596809,0.22075225214045893,1.4520999999999997,7.30855510791367,4.3563
9944201,pdc_no_extra_catalog_duration,266,323.63569916772775,2.5614639444665954,0.18368237065360218,1.4520999999999997,7.30855510791367,4.3563
9944201,pdc_no_extra_catalog_duration,267,324.3554239962538,-0.025455797531321878,0.18347140012377292,1.4520999999999997,7.30855510791367,4.3563
9944201,pdc_no_extra_catalog_duration,268,325.07271268583713,-6.120415617097024,0.1835414686878301,0.8712599999999999,-27.541844892086317,4.3563
9944201,pdc_no_extra_catalog_duration,269,325.80109948622686,3.765904124493318,0.18391267483510154,1.4520999999999997,7.30855510791367,4.3563
9944201,pdc_no_extra_catalog_duration,270,326.5209468393102,1.3554197449229832,0.18404903020863947,1.4520999999999997,7.30855510791367,4.3563
9944201,pdc_no_extra_catalog_duration,271,327.23777689054873,-5.39997929108722,0.18391785880550965,1.4520999999999997,7.30855510791367,4.3563
9944201,pdc_no_extra_catalog_duration,272,327.96674919269003,5.329462972767942,0.18399260142867208,1.4520999999999997,7.30855510791367,4.3563
9944201,pdc_no_extra_catalog_duration,273,328.6867509416184,3.1413086100201326,0.18416095293738644,1.4520999999999997,7.30855510791367,4.3563
9944201,pdc_no_extra_catalog_duration,274,329.4035273183966,-3.6913816489504825,0.1839254435400014,1.4520999999999997,7.30855510791367,4.3563
9944201,pdc_no_extra_catalog_duration,275,330.13215445036815,6.541015570564923,0.1839352378473114,0.8712599999999999,-27.541844892086317,4.3563
9944201,pdc_no_extra_catalog_duration,276,330.8492874420707,0.22185080262715928,0.20929640909653088,1.4520999999999997,7.30855510791367,4.3563
9944201,pdc_no_extra_catalog_duration,277,331.5687307618184,-2.7704415802054427,0.1840554251841961,1.4520999999999997,7.30855510791367,4.3563
9944201,pdc_no_extra_catalog_duration,278,332.2863040403954,-8.455593248872901,0.18377657441488185,1.4520999999999997,7.30855510791367,4.3563
9944201,pdc_no_extra_catalog_duration,279,333.01463270444714,1.347010166000473,0.18938155027484385,1.4520999999999997,7.30855510791367,4.3563
9944201,pdc_no_extra_catalog_duration,280,333.73417466706485,-1.5032364840317314,0.18436147054428037,1.4520999999999997,7.30855510791367,4.3563
9944201,pdc_no_extra_catalog_duration,281,334.45165608669186,-7.32066504067916,0.18390642857669592,0.8712599999999999,-27.541844892086317,4.3563
9944201,pdc_no_extra_catalog_duration,282,335.18014971651144,2.719489079900086,0.1843507839197498,1.4520999999999997,7.30855510791367,4.3563
9944201,pdc_no_extra_catalog_duration,283,335.89990144040877,0.17129867243966146,0.18439945798291763,1.4520999999999997,7.30855510791367,4.3563
9944201,pdc_no_extra_catalog_duration,284,336.6171281816609,-6.012866743922132,0.18420129866219914,0.8712599999999999,-27.541844892086317,4.3563
9944201,pdc_no_extra_catalog_duration,285,337.3347459726292,-11.633920569202019,0.18367933250742266,1.4520999999999997,7.30855510791367,4.3563
9944201,pdc_no_extra_catalog_duration,286,338.06540979332163,1.5313084082754358,0.18443585199851,1.4520999999999997,7.30855510791367,4.3563
9944201,pdc_no_extra_catalog_duration,287,338.7822261828965,-5.243763423422934,0.18419881290889883,0.8712599999999999,-27.541844892086317,4.3563
9944201,pdc_no_extra_catalog_duration,288,339.5111064222042,5.35310836008648,0.18432902824519776,1.4520999999999997,7.30855510791367,4.3563
9944201,pdc_no_extra_catalog_duration,289,340.2278160056338,-1.5757643208598893,0.20542536431859082,1.4520999999999997,7.30855510791367,4.3563
9944201,pdc_no_extra_catalog_duration,290,340.9478732033371,-3.684072447667859,0.18430421318225323,1.4520999999999997,7.30855510791367,4.3563
9944201,pdc_no_extra_catalog_duration,291,341.6766105207196,6.706991763549013,0.18424971777991025,1.4520999999999997,7.30855510791367,4.3563
9944201,pdc_no_extra_catalog_duration,292,342.39339738839556,-0.1105916026608611,0.1844852271687871,1.4520999999999997,7.30855510791367,4.3563
9944201,pdc_no_extra_catalog_duration,293,343.1132862287796,-2.461334269173676,0.1843979282910573,1.4520999999999997,7.30855510791367,4.3563
9944201,pdc_no_extra_catalog_duration,294,343.8418427045741,7.669318055377516,0.18416148408165658,0.8712599999999999,-27.541844892086317,4.3563
9944201,pdc_no_extra_catalog_duration,295,344.5589296179544,1.2838005033700028,0.1843922769116183,1.4520999999999997,7.30855510791367,4.3563
9944201,pdc_no_extra_catalog_duration,296,345.2788331501697,-1.0457859261987323,0.18439557001124315,1.4520999999999997,7.30855510791367,4.3563
9944201,pdc_no_extra_catalog_duration,297,345.9961794672662,-7.057762126714806,0.18414476365833876,1.4520999999999997,7.30855510791367,4.3563
9944201,pdc_no_extra_catalog_duration,298,346.7244759112526,2.698444394136459,0.18427680613809364,1.4520999999999997,7.30855510791367,4.3563
9944201,pdc_no_extra_catalog_duration,299,347.4444576752373,0.4815117124326207,0.18435947343800377,1.4520999999999997,7.30855510791367,4.3563
9944201,pdc_no_extra_catalog_duration,300,348.16156941649945,-5.868253689595804,0.1840954097295346,0.8712599999999999,-27.541844892086317,4.3563
9944201,pdc_no_extra_catalog_duration,301,348.89017078481464,4.327043864750522,0.18427761348047186,1.4520999999999997,7.30855510791367,4.3563
8308347,pdc_masked_catalog_duration,1,445.0795982377279,0.0,1.1808946712060606,43.20399999999999,0.0,92.58000000000001
8308347,pdc_no_extra_catalog_duration,1,445.07015142207456,0.0,1.53563520230964,43.20399999999999,0.0,92.58000000000001
8494263,pipeline,0,429.31562064863647,-43.735708398689894,2.0405949773675225,3.9999999999999996,0.0,12.0
8494263,pipeline,1,508.36274440770205,99.0153558286056,2.171075913255762,3.9999999999999996,0.0,12.0
8494263,pipeline,2,587.1627177414609,-114.13019238574634,3.296393168162936,3.9999999999999996,0.0,12.0
8494263,pdc_no_extra_processing,0,429.3609453659756,0.07107415894097358,0.8896692542744182,5.6,5.3290705182007514e-14,12.0
8494263,pdc_no_extra_processing,1,508.2979220889824,-0.1605837085935491,0.9456021696711778,5.6,5.3290705182007514e-14,12.0
8494263,pdc_no_extra_processing,2,587.2353004141784,0.18606557654493372,1.4394803236410358,5.6,5.3290705182007514e-14,12.0
8494263,pdc_no_clip_savgol,0,429.36062375369613,-3.977608846153089,0.7133926659943807,4.16,-57.599999999999994,12.0
8494263,pdc_no_clip_savgol,1,508.2985213355644,9.044339466536258,0.7606607956476988,5.6,28.799999999999972,12.0
8494263,pdc_no_clip_savgol,2,587.213941804795,-10.300754419004079,1.1480270484075894,5.6,28.799999999999972,12.0
8494263,pdc_clip_only,0,429.3158880170304,-43.64397692601415,2.0543928983095903,3.9999999999999996,0.0,12.0
8494263,pdc_clip_only,1,508.36409513679547,98.63701042778303,2.1838675689129006,3.9999999999999996,0.0,12.0
8494263,pdc_clip_only,2,587.1656749688984,-114.2252964518957,3.3235521162986688,3.9999999999999996,0.0,12.0
8494263,pdc_masked_default_duration,0,429.3607309066033,-4.0600754215302,0.887374962406431,5.6,5.3290705182007514e-14,12.0
8494263,pdc_masked_default_duration,1,508.2987539142697,9.184162984583963,0.943723812306554,5.6,5.3290705182007514e-14,12.0
8494263,pdc_masked_default_duration,2,587.2137992600066,-10.659431787989888,1.437828697952728,5.6,5.3290705182007514e-14,12.0
8494263,pdc_masked_catalog_duration,0,429.37913752229747,0.38340411463650526,1.4832189467790502,7.068142,5.3290705182007514e-14,22.557900000000004
8494263,pdc_masked_catalog_duration,1,508.300631955651,-1.1051704726924072,1.780641614088797,7.368914,18.04632000000007,22.557900000000004
8494263,pdc_masked_catalog_duration,2,587.2247879635621,1.2389223028912966,2.6662380109862998,6.76737,-18.046319999999962,22.557900000000004
8494263,pdc_no_extra_catalog_duration,0,429.38079638023686,4.555001385197102,1.4619635274929912,6.917756,-9.023160000000061,22.557900000000004
8494263,pdc_no_extra_catalog_duration,1,508.2951485204777,-7.573358812296647,1.3329736067005917,7.368914,18.046319999999962,22.557900000000004
8494263,pdc_no_extra_catalog_duration,2,587.2315231552922,12.01067317628258,2.3739739890413576,6.917756,-9.023160000000061,22.557900000000004
10153011,pipeline,1,245.95611277436873,-34.93880364933375,1.7744319194947882,3.9999999999999996,0.0,12.0
10153011,pipeline,2,329.21191328028124,72.49424203484523,1.8073492576717776,3.9999999999999996,0.0,12.0
10153011,pipeline,3,412.3121603890321,-44.06960419373718,1.9928513314971739,3.9999999999999996,0.0,12.0
10153011,pdc_no_extra_processing,1,246.0344409333665,0.8272825556605312,0.7695515821908534,5.6,5.3290705182007514e-14,12.0
10153011,pdc_no_extra_processing,2,329.1329464720476,-1.7160555396912969,0.7837209819420867,5.6,5.3290705182007514e-14,12.0
10153011,pdc_no_extra_processing,3,412.2351345184794,1.0434175259797485,0.864250949954455,5.6,5.3290705182007514e-14,12.0
10153011,pdc_no_clip_savgol,1,246.03478761688794,0.9123119191326623,0.822689055777423,5.6,17.59999999999998,12.0
10153011,pdc_no_clip_savgol,2,329.13279870951595,-1.8968842371305072,0.8388213223246571,4.72,-35.20000000000002,12.0
10153011,pdc_no_clip_savgol,3,412.23487969185277,1.1545607873631525,0.9254915272529582,5.6,17.59999999999998,12.0
10153011,pdc_clip_only,1,245.95630084910738,-34.67023911367505,1.7745658404481834,3.9999999999999996,0.0,12.0
10153011,pdc_clip_only,2,329.2114837164874,71.95093336931677,1.8076607035701213,3.9999999999999996,0.0,12.0
10153011,pdc_clip_only,3,412.312297449063,-43.71944826606523,1.9927418202790692,3.9999999999999996,0.0,12.0
10153011,pdc_masked_default_duration,1,246.03450083497015,0.831818832693898,0.7421054116154189,5.6,5.3290705182007514e-14,12.0
10153011,pdc_masked_default_duration,2,329.1330256550791,-1.726000491898958,0.7558866653639145,5.6,5.3290705182007514e-14,12.0
10153011,pdc_masked_default_duration,3,412.23525470189145,1.050266636411834,0.8338751062164964,5.6,5.3290705182007514e-14,12.0
10153011,pdc_masked_catalog_duration,1,246.04566533554262,2.6467215984439463,1.3122212161959521,7.596397999999999,51.87783999999995,27.791700000000002
10153011,pdc_masked_catalog_duration,2,329.12855289161155,-9.738368499129137,1.7798402702192897,6.299451999999999,-25.938920000000056,27.791700000000002
10153011,pdc_masked_catalog_duration,3,412.2283676057775,2.2516490630459884,1.210328545372153,6.299451999999999,-25.938920000000056,27.791700000000002
10153011,pdc_no_extra_catalog_duration,1,246.04518887687576,2.5731164609760526,1.3439063189496887,7.4111199999999995,44.46672000000001,27.791700000000002
10153011,pdc_no_extra_catalog_duration,2,329.1283856342115,-9.371617280003193,1.8135584148768775,6.299451999999999,-22.233360000000033,27.791700000000002
10153011,pdc_no_extra_catalog_duration,3,412.227904248521,2.187123021130901,1.2390130491492546,6.299451999999999,-22.233360000000033,27.791700000000002
